"","conceptId","term"
"1",109006,"Anxiety disorder of childhood OR adolescence (disorder)"
"2",162004,"Severe manic bipolar I disorder without psychotic features (disorder)"
"3",281004,"Dementia associated with alcoholism (disorder)"
"4",568005,"Tic disorder (disorder)"
"5",596004,"Premenstrual dysphoric disorder (disorder)"
"6",600009,"Pyromania (disorder)"
"7",613003,"Fragile X syndrome (disorder)"
"8",651003,"Root work (disorder)"
"9",792004,"Jakob-Creutzfeldt disease (disorder)"
"10",832007,"Moderate major depression (disorder)"
"11",899001,"Axis I diagnosis (disorder)"
"12",1145003,"Developmental speech disorder (disorder)"
"13",1164009,"Elimination disorder (disorder)"
"14",1196001,"Chronic bipolar II disorder, most recent episode major depressive (disorder)"
"15",1376001,"Obsessive compulsive personality disorder (disorder)"
"16",1380006,"Agoraphobia without history of panic disorder with limited symptom attacks (disorder)"
"17",1383008,"Hallucinogen mood disorder (disorder)"
"18",1499003,"Bipolar I disorder, single manic episode with postpartum onset (disorder)"
"19",1686006,"Sedative, hypnotic AND/OR anxiolytic-induced anxiety disorder (disorder)"
"20",1816003,"Panic disorder with agoraphobia, severe agoraphobic avoidance AND mild panic attacks (disorder)"
"21",1855002,"Developmental academic disorder (disorder)"
"22",1891009,"Non-organic enuresis (finding)"
"23",1973000,"Sedative, hypnotic AND/OR anxiolytic-induced psychotic disorder with delusions (disorder)"
"24",2312009,"Reactive attachment disorder of infancy OR early childhood, inhibited type (disorder)"
"25",2403008,"Psychoactive substance dependence (disorder)"
"26",2506003,"Early onset dysthymia (disorder)"
"27",2618002,"Chronic recurrent major depressive disorder (disorder)"
"28",2776000,"Delirium (disorder)"
"29",2815001,"Sexual pyromania (disorder)"
"30",2838003,"Piblokto (disorder)"
"31",2994004,"Brain fag (disorder)"
"32",3109008,"Secondary dysthymia early onset (disorder)"
"33",3158007,"Panic disorder with agoraphobia, agoraphobic avoidance in partial remission AND panic attacks in partial remission (disorder)"
"34",3298001,"Amnestic disorder (disorder)"
"35",3503000,"Gender identity disorder of adolescence, previously asexual (disorder)"
"36",3530005,"Bipolar I disorder, single manic episode, in full remission (disorder)"
"37",3586005,"Psychogenic fugue (disorder)"
"38",3914008,"Mental disorder in childhood (disorder)"
"39",4296008,"Transsexualism (disorder)"
"40",4306003,"Cluster B personality disorder (disorder)"
"41",4441000,"Severe bipolar disorder with psychotic features (disorder)"
"42",4690009,"Metabolic acidosis caused by paraldehyde (disorder)"
"43",4817008,"Primary degenerative dementia of the Alzheimer type, senile onset, with delirium (disorder)"
"44",4863002,"Mood disorder caused by phencyclidine (disorder)"
"45",4926007,"Schizophrenia in remission (disorder)"
"46",4932002,"Panic disorder with agoraphobia, moderate agoraphobic avoidance AND mild panic attacks (disorder)"
"47",4949009,"Motor skill disorder (disorder)"
"48",4997005,"Thyrotoxicosis factitia (disorder)"
"49",5002000,"Volatile inhalant dependence (disorder)"
"50",5095008,"Gender identity disorder of childhood (disorder)"
"51",5158005,"Gilles de la Tourette's syndrome (disorder)"
"52",5444000,"Sedative, hypnotic AND/OR anxiolytic intoxication delirium (disorder)"
"53",5464005,"Brief reactive psychosis (disorder)"
"54",5507002,"Stereotypy habit disorder (disorder)"
"55",5509004,"Panic disorder with agoraphobia AND severe panic attacks (disorder)"
"56",5510009,"Organic delusional disorder (disorder)"
"57",5602001,"Harmful pattern of use of opioid (disorder)"
"58",5619004,"Bardet-Biedl syndrome (disorder)"
"59",5664002,"Situational hypoactive sexual desire disorder (disorder)"
"60",5703000,"Bipolar disorder in partial remission (disorder)"
"61",5793009,"Mixed behavior and emotional disorder (disorder)"
"62",6024006,"Poisoning caused by nitrazepam (disorder)"
"63",6348008,"Cocaine-induced psychotic disorder with hallucinations (disorder)"
"64",6475002,"Primary degenerative dementia of the Alzheimer type, presenile onset, uncomplicated (disorder)"
"65",6525002,"Dependent drug abuse (disorder)"
"66",7025000,"Subchronic undifferentiated schizophrenia with acute exacerbations (disorder)"
"67",7052005,"Alcohol hallucinosis (disorder)"
"68",7071007,"Harmful pattern of use of phencyclidine (disorder)"
"69",7200002,"Alcoholism (disorder)"
"70",7278005,"Transsexualism, previously heterosexual (disorder)"
"71",7291006,"Reactive attachment disorder of infancy (disorder)"
"72",7397008,"Aggressor identification syndrome (disorder)"
"73",7461003,"Attention deficit hyperactivity disorder, predominantly hyperactive impulsive type (disorder)"
"74",7718000,"Bilis (disorder)"
"75",7794004,"Chronic motor tic disorder (disorder)"
"76",7916009,"Alcoholic polyneuropathy (disorder)"
"77",7956006,"Psychogenic vertigo (disorder)"
"78",8009008,"Nocturnal enuresis (finding)"
"79",8137003,"Non-organic primary enuresis (finding)"
"80",8185002,"Panic disorder with agoraphobia AND moderate panic attacks (disorder)"
"81",8187005,"Developmental articulation disorder (disorder)"
"82",8263001,"Somatofunctional impotence (disorder)"
"83",8511007,"Transient tic disorder, single episode (disorder)"
"84",8522006,"Klismaphilia (disorder)"
"85",8547008,"Vocal abuse in children (disorder)"
"86",8635005,"Alcohol withdrawal delirium (disorder)"
"87",8702009,"Diurnal only enuresis (finding)"
"88",8837000,"Delirium caused by amphetamine (disorder)"
"89",9083002,"Pedophilia, opposite sex (disorder)"
"90",9116003,"Shin-byung (disorder)"
"91",9167000,"Moderate mood disorder (disorder)"
"92",9340000,"Bipolar I disorder, single manic episode (disorder)"
"93",9345005,"Dialysis dementia (disorder)"
"94",9527009,"Tetrasomy 12p syndrome (disorder)"
"95",9674006,"Adjustment disorder with withdrawal (disorder)"
"96",9760005,"Deferred diagnosis on Axis I (disorder)"
"97",9769006,"Drug habituation (disorder)"
"98",9953008,"Acute alcoholic liver disease (disorder)"
"99",9982009,"Poisoning caused by cocaine (disorder)"
"100",10007009,"Coffin-Siris syndrome (disorder)"
"101",10028000,"Uncomplicated sedative, hypnotic AND/OR anxiolytic withdrawal (disorder)"
"102",10278007,"Factitious purpura (disorder)"
"103",10327003,"Cocaine-induced mood disorder (disorder)"
"104",10349009,"Multi-infarct dementia with delirium (disorder)"
"105",10486009,"Poisoning caused by medazepam (disorder)"
"106",10532003,"Primary degenerative dementia of the Alzheimer type, presenile onset, with depression (disorder)"
"107",10586006,"Occupation-related stress disorder (disorder)"
"108",10650000,"Poisoning caused by ketamine (disorder)"
"109",10783000,"Symptomatic pedophilia (disorder)"
"110",10875004,"Severe mixed bipolar I disorder with psychotic features, mood-incongruent (disorder)"
"111",10981006,"Severe mixed bipolar I disorder with psychotic features (disorder)"
"112",11061003,"Psychoactive substance use disorder (disorder)"
"113",11387009,"Organic mental disorder caused by psychoactive substance (disorder)"
"114",11806006,"Separation anxiety disorder of childhood (disorder)"
"115",11941006,"Panic disorder with agoraphobia, agoraphobic avoidance in full remission AND panic attacks in full remission (disorder)"
"116",12348006,"Presenile dementia (disorder)"
"117",12741002,"AIDS with dementia (disorder)"
"118",12898000,"Poisoning caused by pentazocine (disorder)"
"119",12939007,"Chronic disorganized schizophrenia (disorder)"
"120",12969000,"Severe bipolar II disorder, most recent episode major depressive, in full remission (disorder)"
"121",13092008,"Pick's disease (disorder)"
"122",13127006,"Factitious psychosis (disorder)"
"123",13187008,"Poisoning caused by heroin (disorder)"
"124",13313007,"Mild bipolar disorder (disorder)"
"125",13438001,"Overanxious disorder of childhood (disorder)"
"126",13581000,"Severe bipolar I disorder, single manic episode with psychotic features, mood-congruent (disorder)"
"127",13601005,"Paranoid personality disorder (disorder)"
"128",13670005,"Gender identity disorder of adulthood, previously heterosexual (disorder)"
"129",13746004,"Bipolar disorder (disorder)"
"130",14070001,"Multi-infarct dementia with depression (disorder)"
"131",14077003,"Pica (disorder)"
"132",14144000,"Erotomanic delusion disorder (disorder)"
"133",14183003,"Chronic major depressive disorder, single episode (disorder)"
"134",14291003,"Subchronic disorganized schizophrenia with acute exacerbations (disorder)"
"135",14495005,"Severe bipolar I disorder, single manic episode without psychotic features (disorder)"
"136",14784000,"Organic mental disorder caused by opioid (disorder)"
"137",15167005,"Harmful pattern of use of alcohol (disorder)"
"138",15182000,"Coffin-Lowry syndrome (disorder)"
"139",15193003,"Severe recurrent major depression with psychotic features, mood-incongruent (disorder)"
"140",15277004,"Hallucinogen-induced anxiety disorder (disorder)"
"141",15639000,"Moderate major depression, single episode (disorder)"
"142",15662003,"Senile dementia (disorder)"
"143",15840001,"Symptomatic fetishism (disorder)"
"144",15945005,"Psychogenic polydipsia (disorder)"
"145",15977008,"Adjustment disorder with academic inhibition (disorder)"
"146",16209006,"Anhidrotic heat exhaustion (disorder)"
"147",16295005,"Bipolar II disorder, most recent episode major depressive (disorder)"
"148",16506000,"Mixed bipolar I disorder (disorder)"
"149",16805009,"Cluster A personality disorder (disorder)"
"150",16812000,"Absolute impotence (disorder)"
"151",16966009,"Factitious hypoglycemia (disorder)"
"152",16990005,"Subchronic schizophrenia (disorder)"
"153",17155009,"Trichotillomania (disorder)"
"154",17226007,"Adjustment disorder (disorder)"
"155",17262008,"Non-alcoholic Korsakoff's psychosis (disorder)"
"156",17435002,"Chronic paranoid schizophrenia with acute exacerbations (disorder)"
"157",17496003,"Organic anxiety disorder (disorder)"
"158",17782008,"Bipolar I disorder, most recent episode manic with catatonic features (disorder)"
"159",17827007,"Cross syndrome (disorder)"
"160",17961008,"Conduct disorder, childhood-onset type (disorder)"
"161",18003009,"Gender identity disorder of adulthood (disorder)"
"162",18052008,"Poisoning caused by meperidine (disorder)"
"163",18085000,"Compulsive gambling (disorder)"
"164",18159001,"Drug withdrawal syndrome (disorder)"
"165",18186001,"True compulsive fetishism (disorder)"
"166",18193002,"Hypochondriasis (disorder)"
"167",18260003,"Postpartum psychosis (disorder)"
"168",18393005,"Undifferentiated somatoform disorder (disorder)"
"169",18478005,"Adjustment disorder with physical complaints (disorder)"
"170",18573003,"Obsessional erotomania (disorder)"
"171",18576006,"Primary functional encopresis (finding)"
"172",18615009,"Sunstroke (disorder)"
"173",18653004,"Alcohol intoxication delirium (disorder)"
"174",18689007,"Inhalant intoxication delirium (disorder)"
"175",18768006,"Phenanthrene derivative poisoning (disorder)"
"176",18818009,"Moderate recurrent major depression (disorder)"
"177",18941000,"Oppositional defiant disorder (disorder)"
"178",19287005,"North American pulmonary blastomycosis (disorder)"
"179",19300006,"Severe bipolar II disorder, most recent episode major depressive with psychotic features, mood-congruent (disorder)"
"180",19445006,"Opioid-induced psychotic disorder with hallucinations (disorder)"
"181",19480005,"Axis V diagnosis (disorder)"
"182",19527009,"Single episode of major depression in full remission (disorder)"
"183",19694002,"Late onset dysthymia (disorder)"
"184",19766004,"Panic disorder with agoraphobia, mild agoraphobic avoidance AND severe panic attacks (disorder)"
"185",19887002,"Claustrophobia (disorder)"
"186",19922006,"Compulsive sexual sadism (disorder)"
"187",19972008,"Postencephalitic parkinsonism (disorder)"
"188",20010003,"Borderline personality disorder (disorder)"
"189",20250007,"Severe major depression, single episode, with psychotic features, mood-incongruent (disorder)"
"190",20260003,"Poisoning caused by psychostimulant (disorder)"
"191",20385005,"Psychotic disorder with delusions caused by opioid (disorder)"
"192",20484008,"Prion disease (disorder)"
"193",20734000,"Psychologic conversion disorder (disorder)"
"194",20871009,"Phencyclidine intoxication (disorder)"
"195",20876004,"Inhalant-induced anxiety disorder (disorder)"
"196",20960007,"Severe bipolar II disorder, most recent episode major depressive with psychotic features, mood-incongruent (disorder)"
"197",21000000,"Idiosyncratic intoxication (disorder)"
"198",21586000,"Munchausen's syndrome (disorder)"
"199",21634003,"Borjeson-Forssman-Lehmann syndrome (disorder)"
"200",21647008,"Amphetamine dependence (disorder)"
"201",21894002,"Chronic catatonic schizophrenia with acute exacerbations (disorder)"
"202",21897009,"Generalized anxiety disorder (disorder)"
"203",21900002,"Bipolar I disorder, most recent episode depressed with catatonic features (disorder)"
"204",22121000,"Depressed bipolar I disorder in full remission (disorder)"
"205",22230001,"Panic disorder with agoraphobia, agoraphobic avoidance in partial remission AND panic attacks in full remission (disorder)"
"206",22407005,"Bipolar II disorder, most recent episode major depressive with catatonic features (disorder)"
"207",22419002,"Mood disorder with mixed features due to general medical condition (disorder)"
"208",22574000,"Cocaine-induced sleep disorder (disorder)"
"209",23148009,"Undifferentiated attention deficit disorder (disorder)"
"210",23189007,"Idiopathic vulvodynia (disorder)"
"211",23527004,"Cannabis intoxication (disorder)"
"212",23560001,"Asperger's disorder (disorder)"
"213",23645006,"Organic mood disorder (disorder)"
"214",23772009,"Dysphonia of Gilles de la Tourette's syndrome (disorder)"
"215",24109003,"Bromhidrosiphobia (disorder)"
"216",24121004,"Insomnia disorder related to another mental disorder (disorder)"
"217",24125008,"Mental disorder in infancy (disorder)"
"218",24315006,"Factitious disorder with combined physical AND psychological symptoms (disorder)"
"219",24781009,"Panic disorder with agoraphobia, mild agoraphobic avoidance AND panic attacks in full remission (disorder)"
"220",25029006,"Deferred diagnosis on Axis III (disorder)"
"221",25297005,"Psychogenic adductor spastic dysphonia (disorder)"
"222",25501002,"Social phobia (disorder)"
"223",25702006,"Alcohol intoxication (disorder)"
"224",25753007,"Amphetamine-induced sleep disorder (disorder)"
"225",25766007,"Mixed receptive-expressive language disorder (disorder)"
"226",25772007,"Multi-infarct dementia with delusions (disorder)"
"227",25807006,"Relative impotence (disorder)"
"228",25922000,"Major depressive disorder, single episode with postpartum onset (disorder)"
"229",25971005,"Pedophilia, exclusive type (disorder)"
"230",25980005,"Poisoning caused by secobarbital (disorder)"
"231",26025008,"Residual schizophrenia (disorder)"
"232",26203008,"Severe depressed bipolar I disorder with psychotic features, mood-incongruent (disorder)"
"233",26416006,"Drug abuse (disorder)"
"234",26453000,"Mental disorder in adolescence (disorder)"
"235",26472000,"Paraphrenia (disorder)"
"236",26516009,"Severe mood disorder with psychotic features (disorder)"
"237",26530004,"Severe bipolar disorder with psychotic features, mood-incongruent (disorder)"
"238",26665006,"Antisocial personality disorder (disorder)"
"239",26714005,"Cannabis-induced psychotic disorder with hallucinations (disorder)"
"240",26847009,"Chronic schizophrenia with acute exacerbations (disorder)"
"241",26852004,"Primary degenerative dementia of the Alzheimer type, senile onset, with depression (disorder)"
"242",26929004,"Alzheimer's disease (disorder)"
"243",27387000,"Subchronic disorganized schizophrenia (disorder)"
"244",27544004,"Developmental coordination disorder (disorder)"
"245",27720003,"Dermatitis factitia (disorder)"
"246",27803006,"Qi-gong psychotic reaction (disorder)"
"247",27956007,"Cocaine intoxication (disorder)"
"248",28357009,"Transitory postpartum mood disturbance (disorder)"
"249",28368009,"Organic hallucinosis caused by psychoactive substance (disorder)"
"250",28475009,"Severe recurrent major depression with psychotic features (disorder)"
"251",28504009,"Poisoning caused by meprobamate (disorder)"
"252",28663008,"Severe manic bipolar I disorder with psychotic features (disorder)"
"253",28676002,"Mood disorder with manic features due to general medical condition (disorder)"
"254",28857002,"Reactive attachment disorder of infancy OR early childhood (disorder)"
"255",28864000,"Sedative, hypnotic AND/OR anxiolytic-induced mood disorder (disorder)"
"256",28884001,"Moderate bipolar I disorder, single manic episode (disorder)"
"257",29212009,"Organic mental disorder caused by ingestible alcohol (disorder)"
"258",29599000,"Chronic undifferentiated schizophrenia (disorder)"
"259",29657007,"Deferred diagnosis on Axis IV (disorder)"
"260",29733004,"Mood disorder caused by opioid (disorder)"
"261",29929003,"Bipolar I disorder, most recent episode depressed with atypical features (disorder)"
"262",30059008,"Panic disorder with agoraphobia, severe agoraphobic avoidance AND moderate panic attacks (disorder)"
"263",30077003,"Somatoform pain disorder (disorder)"
"264",30310000,"Nicotine-induced organic mental disorder (disorder)"
"265",30336007,"Chronic residual schizophrenia with acute exacerbations (disorder)"
"266",30491001,"Cocaine delusional disorder (disorder)"
"267",30509009,"Gender identity disorder of adolescence, previously homosexual (disorder)"
"268",30520009,"Severe bipolar II disorder, most recent episode major depressive with psychotic features (disorder)"
"269",30599002,"Psychic disease (disorder)"
"270",30605009,"Major depression in partial remission (disorder)"
"271",30687003,"Bipolar II disorder, most recent episode major depressive with postpartum onset (disorder)"
"272",30857006,"Poisoning caused by barbital (disorder)"
"273",30871003,"Flashbacks (disorder)"
"274",30935000,"Manic bipolar I disorder in full remission (disorder)"
"275",30984008,"Poisoning caused by pentobarbital (disorder)"
"276",31027006,"Schizotypal personality disorder (disorder)"
"277",31177006,"Attention deficit hyperactivity disorder, combined type (disorder)"
"278",31216003,"Profound intellectual disability (disorder)"
"279",31297008,"Somatoform disorder (disorder)"
"280",31358003,"Coprophilia (disorder)"
"281",31373002,"Disorganized schizophrenia in remission (disorder)"
"282",31446002,"Bipolar I disorder, most recent episode hypomanic (disorder)"
"283",31611000,"Multiple personality disorder (disorder)"
"284",31648009,"Unaggressive type unsocialized behavior disorder (disorder)"
"285",31658008,"Chronic paranoid schizophrenia (disorder)"
"286",31715000,"Phencyclidine intoxication delirium (disorder)"
"287",31781004,"Panic disorder with agoraphobia, agoraphobic avoidance in partial remission AND mild panic attacks (disorder)"
"288",31956009,"Cocaine dependence (disorder)"
"289",32009006,"Hallucinogen hallucinosis (disorder)"
"290",32174002,"Voice disorder due to psychosexual conflict (disorder)"
"291",32358001,"Amphetamine delusional disorder (disorder)"
"292",32388005,"Panic disorder with agoraphobia, agoraphobic avoidance in partial remission AND moderate panic attacks (disorder)"
"293",32410009,"Pederasty (disorder)"
"294",32552001,"Organic delusional disorder caused by psychoactive substance (disorder)"
"295",32721004,"Bulimia nervosa, purging type (disorder)"
"296",32875003,"Inhalant-induced persisting dementia (disorder)"
"297",32880007,"Adjustment disorder with work inhibition (disorder)"
"298",33078009,"Severe recurrent major depression with psychotic features, mood-congruent (disorder)"
"299",33135002,"Recurrent major depression in partial remission (disorder)"
"300",33323008,"Somatic delusion disorder (disorder)"
"301",33380008,"Severe manic bipolar I disorder with psychotic features, mood-incongruent (disorder)"
"302",33449004,"Personality disorder (disorder)"
"303",33563008,"Essential vulvodynia (disorder)"
"304",33693007,"Compensation neurosis (disorder)"
"305",33736005,"Severe major depression with psychotic features, mood-congruent (disorder)"
"306",33871004,"Phencyclidine-induced psychotic disorder with hallucinations (disorder)"
"307",33967003,"Male erectile disorder (disorder)"
"308",33982008,"Hyperphosphatasemia with intellectual disability (disorder)"
"309",34116005,"Panic disorder with agoraphobia, agoraphobic avoidance in full remission AND severe panic attacks (disorder)"
"310",34134009,"Shenjing shuairuo (disorder)"
"311",34150001,"Drug dependence in mother complicating pregnancy, childbirth AND/OR puerperium (disorder)"
"312",34315001,"Bipolar II disorder, most recent episode major depressive with melancholic features (disorder)"
"313",34485008,"Axis IV diagnosis (disorder)"
"314",34741005,"Nervios (disorder)"
"315",34743008,"Poisoning caused by psilocin (disorder)"
"316",34764007,"Poisoning caused by paraldehyde (disorder)"
"317",34938008,"Anxiety disorder caused by alcohol (disorder)"
"318",35103004,"Scrapie (disorder)"
"319",35218008,"Chronic disorganized schizophrenia with acute exacerbation (disorder)"
"320",35252006,"Disorganized schizophrenia (disorder)"
"321",35253001,"Attention deficit hyperactivity disorder, predominantly inattentive type (disorder)"
"322",35481005,"Mixed bipolar I disorder in remission (disorder)"
"323",35489007,"Depressive disorder (disorder)"
"324",35607004,"Panic disorder with agoraphobia (disorder)"
"325",35722002,"Severe bipolar II disorder, most recent episode major depressive, in remission (disorder)"
"326",35827000,"Recurrent conversion disorder (disorder)"
"327",35846004,"Moderate bipolar II disorder, most recent episode major depressive (disorder)"
"328",35919005,"Pervasive developmental disorder (disorder)"
"329",36039004,"Rumination disorder of infancy (disorder)"
"330",36158005,"Schizophreniform disorder with good prognostic features (disorder)"
"331",36170009,"Secondary dysthymia late onset (disorder)"
"332",36217008,"Organic personality disorder (disorder)"
"333",36262007,"Pygmalionism (disorder)"
"334",36474008,"Severe recurrent major depression without psychotic features (disorder)"
"335",36583000,"Mixed bipolar I disorder in partial remission (disorder)"
"336",36622002,"Mild mood disorder (disorder)"
"337",36784008,"Poisoning caused by flurazepam (disorder)"
"338",36923009,"Major depression, single episode (disorder)"
"339",36943003,"Making obscene telephone calls (disorder)"
"340",37224001,"Psychogenic vomiting (disorder)"
"341",37331004,"Organic mood disorder caused by psychoactive substance (disorder)"
"342",37344009,"Harmful pattern of use of cannabis (disorder)"
"343",37739004,"Mood disorder due to a general medical condition (disorder)"
"344",37746008,"Avoidant personality disorder (disorder)"
"345",37868008,"Anxiety disorder of adolescence (disorder)"
"346",37872007,"Avoidant disorder of childhood OR adolescence (disorder)"
"347",37941009,"Rumination disorder (disorder)"
"348",38247002,"Hallucinogen dependence (disorder)"
"349",38295006,"Involutional paraphrenia (disorder)"
"350",38328002,"Panic disorder with agoraphobia, severe agoraphobic avoidance AND panic attacks in full remission (disorder)"
"351",38368003,"Schizoaffective disorder, bipolar type (disorder)"
"352",38451003,"Primary dysthymia early onset (disorder)"
"353",38547003,"Mood disorder in full remission (disorder)"
"354",38694004,"Recurrent major depressive disorder with atypical features (disorder)"
"355",38763009,"Autistic disorder (disorder)"
"356",39003006,"Delirium caused by psychoactive substance (disorder)"
"357",39465007,"Emotional deprivation syndrome (disorder)"
"358",39488008,"Chronic wasting disease of captive mule deer AND/OR elk (disorder)"
"359",39610001,"Undifferentiated schizophrenia in remission (disorder)"
"360",39807006,"Cannabis intoxication delirium (disorder)"
"361",39809009,"Recurrent major depressive disorder with catatonic features (disorder)"
"362",39951001,"Cannabis-induced anxiety disorder (disorder)"
"363",40083003,"Stereotypic movement disorder with self-injurious behavior (disorder)"
"364",40379007,"Mild recurrent major depression (disorder)"
"365",40425004,"Postconcussion syndrome (disorder)"
"366",40568001,"Recurrent brief depressive disorder (disorder)"
"367",40571009,"Hallucinogen intoxication delirium (disorder)"
"368",40673001,"Post-encephalitic syndrome (disorder)"
"369",40700009,"Severe intellectual disability (disorder)"
"370",40926005,"Moderate mixed bipolar I disorder (disorder)"
"371",40950007,"Zar (disorder)"
"372",40987004,"Intermittent explosive disorder (disorder)"
"373",41021005,"Psychologic dyspareunia (disorder)"
"374",41083005,"Sleep disorder caused by ingestible alcohol (disorder)"
"375",41136005,"Phencyclidine poisoning (disorder)"
"376",41196008,"Dhat (disorder)"
"377",41309000,"Alcoholic liver damage (disorder)"
"378",41521002,"Subchronic paranoid schizophrenia with acute exacerbations (disorder)"
"379",41524005,"Flagellantism (disorder)"
"380",41526007,"Reactive attachment disorder (disorder)"
"381",41552001,"Mild bipolar I disorder, single manic episode (disorder)"
"382",41673007,"Ataque de nervios (disorder)"
"383",41832009,"Severe bipolar I disorder, single manic episode with psychotic features (disorder)"
"384",41836007,"Bipolar disorder in full remission (disorder)"
"385",41932008,"Amok (disorder)"
"386",42344001,"Psychosis caused by ingestible alcohol (disorder)"
"387",42584006,"Attention deficit hyperactivity disorder (disorder)"
"388",42594001,"Organic mood disorder of depressed type (disorder)"
"389",42769004,"Diffuse Lewy body disease with spongiform cortical change (disorder)"
"390",42810003,"Major depression in remission (disorder)"
"391",42868002,"Subchronic catatonic schizophrenia (disorder)"
"392",42925002,"Major depressive disorder, single episode with atypical features (disorder)"
"393",43150009,"Panic disorder without agoraphobia with severe panic attacks (disorder)"
"394",43497001,"Amfetamine-induced mood disorder (disorder)"
"395",43568002,"Bipolar II disorder, most recent episode major depressive with atypical features (disorder)"
"396",43614003,"Autistic disorder of childhood onset (disorder)"
"397",43769008,"Mild mixed bipolar I disorder (disorder)"
"398",44031002,"Postseizure confusion (disorder)"
"399",44047000,"Zieve's syndrome (disorder)"
"400",44124003,"Reactive attachment disorder of early childhood (disorder)"
"401",44376007,"Dissociative disorder (disorder)"
"402",44433009,"Recurrent transient tic disorder (disorder)"
"403",44966003,"Passive aggressive personality disorder (disorder)"
"404",45421006,"Amphetamine intoxication (disorder)"
"405",45479006,"Manic bipolar I disorder in remission (disorder)"
"406",45677003,"Developmental expressive writing disorder (disorder)"
"407",45775001,"Poisoning caused by amphetamine (disorder)"
"408",45912004,"Organic hallucinosis (disorder)"
"409",45924006,"Necrophilia (disorder)"
"410",45994004,"Erotic vomiting (disorder)"
"411",46023009,"Pedophilia, same AND opposite sex (disorder)"
"412",46206005,"Mood disorder (disorder)"
"413",46229002,"Severe mixed bipolar I disorder without psychotic features (disorder)"
"414",46244001,"Recurrent major depression in full remission (disorder)"
"415",46372006,"Female sexual arousal disorder (disorder)"
"416",46432001,"Lecherism (disorder)"
"417",46721000,"Organic personality disorder caused by psychoactive substance (disorder)"
"418",46762006,"Sexual desire disorder (disorder)"
"419",46904000,"Transsexualism, previously homosexual (disorder)"
"420",46975003,"Organic mental disorder caused by cocaine (disorder)"
"421",47372000,"Adjustment disorder with anxious mood (disorder)"
"422",47447001,"Grandiose delusion disorder (disorder)"
"423",47505003,"Posttraumatic stress disorder (disorder)"
"424",47664006,"Sedative, hypnotic AND/OR anxiolytic-induced psychotic disorder with hallucinations (disorder)"
"425",47836003,"Poisoning caused by morphine (disorder)"
"426",47916000,"Developmental arithmetic disorder (disorder)"
"427",48046002,"Symptomatic sexual masochism (disorder)"
"428",48309007,"Pedophilia, nonexclusive type (disorder)"
"429",48500005,"Delusional disorder (disorder)"
"430",48589009,"Minor depressive disorder (disorder)"
"431",48826008,"Conduct disorder, adolescent-onset type (disorder)"
"432",48927000,"Psychoactive substance-induced organic intoxication (disorder)"
"433",48937005,"Bipolar II disorder, most recent episode hypomanic (disorder)"
"434",49271002,"Deferred diagnosis on Axis II (disorder)"
"435",49468007,"Depressed bipolar I disorder (disorder)"
"436",49481000,"Postseizure delirium (disorder)"
"437",49512000,"Depressed bipolar I disorder in partial remission (disorder)"
"438",49540005,"Non dependent drug abuse (disorder)"
"439",49564006,"Panic disorder with agoraphobia, mild agoraphobic avoidance AND moderate panic attacks (disorder)"
"440",50026000,"Organic anxiety disorder caused by psychoactive substance (disorder)"
"441",50299009,"Paraphilia (disorder)"
"442",50320000,"Hallucinogen intoxication (disorder)"
"443",50325005,"Alcoholic fatty liver (disorder)"
"444",50643003,"Latah (disorder)"
"445",50705009,"Factitious disorder (disorder)"
"446",50722006,"Delusional disorder caused by phencyclidine (disorder)"
"447",50878001,"Gender identity disorder of adulthood, previously asexual (disorder)"
"448",50933003,"Hallucinogen delusional disorder (disorder)"
"449",50983008,"Panic disorder with agoraphobia, mild agoraphobic avoidance AND panic attacks in partial remission (disorder)"
"450",51133006,"Residual schizophrenia in remission (disorder)"
"451",51239001,"Sexual masochism (disorder)"
"452",51339003,"Polysubstance dependence (disorder)"
"453",51443000,"Amphetamine-induced psychotic disorder with hallucinations (disorder)"
"454",51493001,"Anxiety disorder caused by cocaine (disorder)"
"455",51637008,"Chronic bipolar I disorder, most recent episode depressed (disorder)"
"456",51771007,"Postviral fatigue syndrome (disorder)"
"457",51928006,"General paresis - neurosyphilis (disorder)"
"458",51946000,"Susto (disorder)"
"459",52072009,"Heat stroke (disorder)"
"460",52448006,"Dementia (disorder)"
"461",52702003,"Chronic fatigue syndrome (disorder)"
"462",52824009,"Developmental reading disorder (disorder)"
"463",52866005,"Opioid intoxication delirium (disorder)"
"464",52869003,"Bovine spongiform encephalopathy (disorder)"
"465",52910006,"Anxiety disorder due to a general medical condition (disorder)"
"466",52954000,"Schizoid personality disorder (disorder)"
"467",53049002,"Severe bipolar disorder without psychotic features (disorder)"
"468",53050002,"Organic mental disorder caused by hallucinogen (disorder)"
"469",53467004,"Anxiety disorder of childhood (disorder)"
"470",53607008,"Depressed bipolar I disorder in remission (disorder)"
"471",53936005,"Mood disorder caused by ingestible alcohol (disorder)"
"472",53956006,"Panic disorder without agoraphobia with panic attacks in partial remission (disorder)"
"473",54307006,"Zoophobia (disorder)"
"474",54319003,"Disruptive behavior disorder (disorder)"
"475",54417002,"Adult gender identity disorder, sexually attracted to females (disorder)"
"476",54502004,"Primary degenerative dementia of the Alzheimer type, presenile onset, with delusions (disorder)"
"477",54560009,"Windigo (disorder)"
"478",54587008,"Simple phobia (disorder)"
"479",54761006,"Severe depressed bipolar I disorder with psychotic features, mood-congruent (disorder)"
"480",55009008,"Primary degenerative dementia of the Alzheimer type, senile onset, with delusions (disorder)"
"481",55341008,"Histrionic personality disorder (disorder)"
"482",55516002,"Bipolar I disorder, most recent episode manic with postpartum onset (disorder)"
"483",55668003,"Adjustment disorder with mixed emotional features (disorder)"
"484",55728007,"Sexual aversion disorder (disorder)"
"485",55736003,"Schizophreniform disorder without good prognostic features (disorder)"
"486",55967005,"Anxiety disorder caused by phencyclidine (disorder)"
"487",56034001,"Compulsive exhibitionism (disorder)"
"488",56095002,"Necrosadism (disorder)"
"489",56194001,"Sleep disorder caused by caffeine (disorder)"
"490",56267009,"Multi-infarct dementia (disorder)"
"491",56294008,"Nicotine dependence (disorder)"
"492",56573006,"Transient tic disorder (disorder)"
"493",56576003,"Panic disorder without agoraphobia (disorder)"
"494",56627002,"Psychosexual disorder (disorder)"
"495",56641006,"Axis II diagnosis (disorder)"
"496",56882008,"Anorexia nervosa (disorder)"
"497",57005003,"Poisoning caused by caffeine (disorder)"
"498",57194009,"Adjustment disorder with depressed mood (disorder)"
"499",57588009,"Sedative, hypnotic AND/OR anxiolytic-induced sleep disorder (disorder)"
"500",57628003,"Poisoning caused by chloral hydrate (disorder)"
"501",57715001,"Gender identity disorder of adolescence (disorder)"
"502",57917004,"Seckel syndrome (disorder)"
"503",58214004,"Schizophrenia (disorder)"
"504",58329000,"Organic mood disorder of manic type (disorder)"
"505",58349009,"Exhibitionism (disorder)"
"506",58535001,"Physical AND emotional exhaustion state (disorder)"
"507",58647003,"Severe mood disorder with psychotic features, mood-congruent (disorder)"
"508",58703003,"Postpartum depression (disorder)"
"509",58727001,"Phencyclidine dependence (disorder)"
"510",58756001,"Huntington's chorea (disorder)"
"511",58855008,"Symptomatic exhibitionism (disorder)"
"512",58963008,"Acrophobia (disorder)"
"513",59174009,"Fetishism (disorder)"
"514",59216005,"Adult gender identity disorder, sexually attracted to males (disorder)"
"515",59252009,"de Barsey syndrome (disorder)"
"516",59394009,"Sexual sadism (disorder)"
"517",59617007,"Severe depressed bipolar I disorder with psychotic features (disorder)"
"518",59645001,"Bulimia nervosa, nonpurging type (disorder)"
"519",59651006,"Sedative, hypnotic AND/OR anxiolytic-induced persisting dementia (disorder)"
"520",59824005,"Steroid abuse (disorder)"
"521",59923000,"Panic disorder with agoraphobia AND panic attacks in full remission (disorder)"
"522",60099002,"Severe major depression with psychotic features, mood-incongruent (disorder)"
"523",60103007,"Inhibited female orgasm (disorder)"
"524",60123008,"Delusional disorder, mixed type (disorder)"
"525",60199004,"Poisoning caused by methadone (disorder)"
"526",60368009,"Somatization disorder (disorder)"
"527",61104008,"Inhalant-induced organic mental disorder (disorder)"
"528",61144001,"Alcohol-induced psychotic disorder with delusions (disorder)"
"529",61152003,"Moderate intellectual disability (disorder)"
"530",61157009,"Combat fatigue (disorder)"
"531",61180001,"Adult gender identity disorder, sexually attracted to neither sex (disorder)"
"532",61212007,"Panic disorder with agoraphobia, severe agoraphobic avoidance AND severe panic attacks (disorder)"
"533",61262002,"Transsexualism, previously asexual (disorder)"
"534",61403008,"Severe depressed bipolar I disorder without psychotic features (disorder)"
"535",61406000,"Poisoning caused by diazepam (disorder)"
"536",61569007,"Agoraphobia without history of panic disorder (disorder)"
"537",61628006,"Drug withdrawal syndrome in newborn (disorder)"
"538",61701006,"Lymphocytic hypopituitarism (disorder)"
"539",61803000,"Poisoning caused by central nervous system stimulant (disorder)"
"540",61831009,"Induced psychotic disorder (disorder)"
"541",61901004,"Conduct disorder, undifferentiated type (disorder)"
"542",62102009,"AIDS with presenile dementia (disorder)"
"543",62239001,"Parkinson-dementia complex of Guam (disorder)"
"544",62351001,"Generalized social phobia (disorder)"
"545",62491004,"Frotteurism (disorder)"
"546",62647006,"Painful spasm of anus (disorder)"
"547",62792007,"Urophilia (disorder)"
"548",63181006,"Paranoid schizophrenia in remission (disorder)"
"549",63204009,"Bouffée délirante (disorder)"
"550",63249007,"Manic bipolar I disorder in partial remission (disorder)"
"551",63393005,"Anorexia nervosa, binge-eating purging type (disorder)"
"552",63395003,"Folie à trois (disorder)"
"553",63412003,"Major depression in full remission (disorder)"
"554",63495002,"Fetishistic transvestism (disorder)"
"555",63649001,"Cannabis delusional disorder (disorder)"
"556",63701002,"Panic disorder with agoraphobia, mild agoraphobic avoidance AND mild panic attacks (disorder)"
"557",63778009,"Major depressive disorder, single episode with melancholic features (disorder)"
"558",63835008,"Voyeurism (disorder)"
"559",63909006,"Panic disorder with agoraphobia AND panic attacks in partial remission (disorder)"
"560",63983005,"Inhalant-induced psychotic disorder with hallucinations (disorder)"
"561",63990000,"Psychogenic urticaria (disorder)"
"562",64060000,"Panic disorder with agoraphobia, moderate agoraphobic avoidance AND panic attacks in full remission (disorder)"
"563",64161004,"Psychogenic voice disorder (disorder)"
"564",64165008,"Avoidant disorder of childhood (disorder)"
"565",64334007,"Primary transvestism (disorder)"
"566",64386003,"Harmful pattern of use of sedative (disorder)"
"567",64731001,"Severe mixed bipolar I disorder with psychotic features, mood-congruent (disorder)"
"568",64905009,"Paranoid schizophrenia (disorder)"
"569",65042007,"Bipolar I disorder, most recent episode mixed with postpartum onset (disorder)"
"570",65064003,"Panic disorder without agoraphobia with moderate panic attacks (disorder)"
"571",65096006,"Primary degenerative dementia of the Alzheimer type, presenile onset, with delirium (disorder)"
"572",65179007,"Koro (disorder)"
"573",65207000,"Locuru (disorder)"
"574",65384007,"Psychogenic alopecia (disorder)"
"575",65410009,"Compulsive sexual masochism (disorder)"
"576",65438001,"Psychogenic torticollis (disorder)"
"577",66108005,"Primary degenerative dementia of the Alzheimer type, senile onset, uncomplicated (disorder)"
"578",66214007,"Substance abuse (disorder)"
"579",66307007,"Conduct disorder, group type (disorder)"
"580",66344007,"Recurrent major depression (disorder)"
"581",66347000,"Impulse control disorder (disorder)"
"582",66381006,"Adjustment disorder with mixed disturbance of emotions AND conduct (disorder)"
"583",66551002,"Psychogenic headache (disorder)"
"584",66590003,"Alcohol dependence (disorder)"
"585",66631006,"Moderate depressed bipolar I disorder (disorder)"
"586",66936004,"Identity disorder (disorder)"
"587",67002003,"Severe bipolar II disorder, most recent episode major depressive, in partial remission (disorder)"
"588",67123006,"Adult gender identity disorder, sexually attracted to both sexes (disorder)"
"589",67155006,"Gerstmann-Straussler-Scheinker syndrome (disorder)"
"590",67195008,"Acute stress disorder (disorder)"
"591",67227000,"Pedophilia, same sex (disorder)"
"592",67367002,"Pseudoimpotence (disorder)"
"593",67463002,"Emancipation disorder of adolescent (disorder)"
"594",67711008,"Primary dysthymia late onset (disorder)"
"595",67893003,"Poisoning caused by lysergide (disorder)"
"596",68019004,"Recurrent major depression in remission (disorder)"
"597",68099003,"Poisoning caused by codeine (disorder)"
"598",68441009,"Poisoning caused by nikethamide (disorder)"
"599",68569003,"Manic bipolar I disorder (disorder)"
"600",68618008,"Rett syndrome (disorder)"
"601",68772007,"Stauder's lethal catatonia (disorder)"
"602",68890003,"Schizoaffective disorder (disorder)"
"603",68963006,"Gender identity disorder of adolescence, previously heterosexual (disorder)"
"604",68995007,"Chronic catatonic schizophrenia (disorder)"
"605",69322001,"Psychotic disorder (disorder)"
"606",69361009,"Kleptomania (disorder)"
"607",69392006,"Major depressive disorder, single episode with catatonic features (disorder)"
"608",69403006,"Dissociative neurological symptom disorder with aphonia (disorder)"
"609",69479009,"Anxiety hyperventilation (disorder)"
"610",69482004,"Korsakoff's psychosis (disorder)"
"611",70043001,"Severe mood disorder with psychotic features, mood-incongruent (disorder)"
"612",70066000,"Dissociative neurological symptom disorder with muteness (disorder)"
"613",70328006,"Cocaine intoxication delirium (disorder)"
"614",70330008,"Poisoning caused by lorazepam (disorder)"
"615",70340006,"Harmful pattern of use of volatile inhalant (disorder)"
"616",70546001,"Severe bipolar disorder with psychotic features, mood-congruent (disorder)"
"617",70655008,"Caffeine-induced anxiety disorder (disorder)"
"618",70691001,"Agoraphobia (disorder)"
"619",70747007,"Major depression single episode, in partial remission (disorder)"
"620",70764005,"Depersonalization disorder (disorder)"
"621",70814008,"Subchronic residual schizophrenia with acute exacerbations (disorder)"
"622",70922000,"Compulsive pedophilia (disorder)"
"623",70932007,"Sexual dysfunction caused by amfetamine (finding)"
"624",70936005,"Multi-infarct dementia, uncomplicated (disorder)"
"625",70967007,"Dissociative deafness (disorder)"
"626",71103003,"Chronic residual schizophrenia (disorder)"
"627",71294008,"Mild bipolar II disorder, most recent episode major depressive (disorder)"
"628",71328000,"Sexual dysfunction caused by opioid (finding)"
"629",71336009,"Recurrent major depressive disorder with postpartum onset (disorder)"
"630",71478004,"Obsessive compulsive disorder (disorder)"
"631",71787009,"Psychologic vaginismus (disorder)"
"632",71802006,"Astasia-abasia (disorder)"
"633",71959007,"Elective mutism (disorder)"
"634",71961003,"Childhood disintegrative disorder (disorder)"
"635",71984005,"Mild manic bipolar I disorder (disorder)"
"636",72366004,"Eating disorder (disorder)"
"637",72861004,"Panic disorder without agoraphobia with mild panic attacks (disorder)"
"638",73091004,"Secondary functional encopresis (finding)"
"639",73097000,"Alcohol amnestic disorder (disorder)"
"640",73149003,"Encopresis with constipation AND overflow incontinence (finding)"
"641",73462009,"Chronic vocal tic disorder (disorder)"
"642",73471000,"Bipolar I disorder, most recent episode mixed with catatonic features (disorder)"
"643",73491007,"Psychogenic impotence (disorder)"
"644",73663008,"Disorder of central nervous system due to xeroderma pigmentosum (disorder)"
"645",73867007,"Severe major depression with psychotic features (disorder)"
"646",73972002,"Postpartum neurosis (disorder)"
"647",74007000,"Sexual arousal disorder (disorder)"
"648",74010007,"Panic disorder with agoraphobia, severe agoraphobic avoidance AND panic attacks in partial remission (disorder)"
"649",74142004,"Feeding disorder of infancy OR early childhood (disorder)"
"650",74266001,"Mood disorder in partial remission (disorder)"
"651",74286002,"Transmissible mink encephalopathy (disorder)"
"652",74686005,"Mild depressed bipolar I disorder (disorder)"
"653",74732009,"Mental disorder (disorder)"
"654",74791000,"Pedophilia, limited to incest (disorder)"
"655",74803002,"Taijin kyofusho (disorder)"
"656",74837005,"Poisoning by analeptic (disorder)"
"657",74850006,"Conduct disorder, solitary aggressive type (disorder)"
"658",74851005,"Harmful pattern of use of hallucinogen (disorder)"
"659",74934004,"Psychoactive substance withdrawal syndrome (disorder)"
"660",75084000,"Severe major depression without psychotic features (disorder)"
"661",75122001,"Inhalant-induced psychotic disorder with delusions (disorder)"
"662",75186000,"Secondary transvestism (disorder)"
"663",75360000,"Bipolar I disorder, single manic episode, in remission (disorder)"
"664",75499007,"Non-organic secondary enuresis (finding)"
"665",75544000,"Opioid dependence (disorder)"
"666",75605002,"Sangue dormido (disorder)"
"667",75752004,"Bipolar I disorder, most recent episode depressed with melancholic features (disorder)"
"668",75837004,"Mood disorder with depressive features due to general medical condition (disorder)"
"669",76105009,"Cyclothymia (disorder)"
"670",76129002,"Ganser syndrome (disorder)"
"671",76236006,"Atypical tic disorder (disorder)"
"672",76399004,"Mal de ojo (disorder)"
"673",76441001,"Severe major depression, single episode, without psychotic features (disorder)"
"674",76566000,"Subchronic residual schizophrenia (disorder)"
"675",76812003,"Panic disorder with agoraphobia, moderate agoraphobic avoidance AND panic attacks in partial remission (disorder)"
"676",76868007,"Panic disorder with agoraphobia, agoraphobic avoidance in full remission AND mild panic attacks (disorder)"
"677",76880004,"Angelman syndrome (disorder)"
"678",77287004,"Borderline intellectual disability (disorder)"
"679",77332003,"Partialism (disorder)"
"680",77355000,"Organic mental disorder caused by cannabis (disorder)"
"681",77375009,"Adductor spastic dysphonia of conversion reaction (disorder)"
"682",77383003,"Marfanoid mental retardation syndrome (disorder)"
"683",77475008,"Jealous delusion disorder (disorder)"
"684",77486005,"Mood disorder with major depressive-like episode due to general medical condition (disorder)"
"685",77675002,"Anorexia nervosa, restricting type (disorder)"
"686",77721001,"Opioid intoxication (disorder)"
"687",77815007,"Gender identity disorder of adulthood, previously homosexual (disorder)"
"688",77911002,"Severe major depression, single episode, with psychotic features, mood-congruent (disorder)"
"689",78004001,"Bulimia nervosa (disorder)"
"690",78267003,"Harmful pattern of use of cocaine (disorder)"
"691",78269000,"Bipolar I disorder, single manic episode, in partial remission (disorder)"
"692",78358001,"Amphetamine withdrawal syndrome (disorder)"
"693",78640000,"Severe manic bipolar I disorder with psychotic features, mood-congruent (disorder)"
"694",78667006,"Dysthymia (disorder)"
"695",79204003,"Chronic undifferentiated schizophrenia with acute exacerbations (disorder)"
"696",79298009,"Mild major depression, single episode (disorder)"
"697",79358009,"Transmissible virus dementia (disorder)"
"698",79385002,"Lowe syndrome (disorder)"
"699",79459002,"Cheshire cat syndrome (disorder)"
"700",79524000,"Ecouteurism (disorder)"
"701",79578000,"Alcohol paranoia (disorder)"
"702",79584002,"Moderate bipolar disorder (disorder)"
"703",79842004,"Stuporous depression (disorder)"
"704",79866005,"Subchronic paranoid schizophrenia (disorder)"
"705",80098002,"Diffuse Lewy body disease (disorder)"
"706",80711002,"Narcissistic personality disorder (disorder)"
"707",80868005,"Cocaine withdrawal syndrome (disorder)"
"708",81270000,"Poisoning caused by psilocybin (disorder)"
"709",81319007,"Severe bipolar II disorder, most recent episode major depressive without psychotic features (disorder)"
"710",81433006,"Farrowing hysteria (disorder)"
"711",81463002,"Bestiality (disorder)"
"712",81812009,"Hwa-byung (disorder)"
"713",81903006,"Inhibited male orgasm (disorder)"
"714",81914009,"Poisoning caused by benzodiazepine-based tranquilizer (disorder)"
"715",82096005,"Aggressive type unsocialized behavior disorder (disorder)"
"716",82218004,"Postoperative depression (disorder)"
"717",82339009,"Anxiety disorder caused by amfetamine (disorder)"
"718",82415003,"Agoraphobia without history of panic disorder without limited symptom attacks (disorder)"
"719",82494000,"Panic disorder without agoraphobia with panic attacks in full remission (disorder)"
"720",82636008,"Orgasm disorder (disorder)"
"721",82738004,"Panic disorder with agoraphobia, moderate agoraphobic avoidance AND moderate panic attacks (disorder)"
"722",82768008,"Poisoning caused by mescaline (disorder)"
"723",82782008,"Toxic effect of ethyl alcohol (disorder)"
"724",82959004,"Dementia paralytica juvenilis (disorder)"
"725",82998009,"Moderate manic bipolar I disorder (disorder)"
"726",83157008,"Fatal familial insomnia (disorder)"
"727",83168008,"Psychoactive substance-induced organic amnestic disorder (disorder)"
"728",83176005,"Primary dysthymia (disorder)"
"729",83225003,"Bipolar II disorder (disorder)"
"730",83233002,"Ghost sickness (disorder)"
"731",83253003,"Shyness disorder of childhood (disorder)"
"732",83367009,"Organic mental disorder caused by amphetamine and/or amfetamine derivative (disorder)"
"733",83458005,"Agitated depression (disorder)"
"734",83482000,"Body dysmorphic disorder (disorder)"
"735",83501007,"Organic mood disorder of mixed type (disorder)"
"736",83631006,"Panic disorder with agoraphobia, moderate agoraphobic avoidance AND severe panic attacks (disorder)"
"737",83746006,"Chronic schizophrenia (disorder)"
"738",83890006,"Cluster C personality disorder (disorder)"
"739",83995002,"Idiot savant (disorder)"
"740",84002002,"Pedophilia (disorder)"
"741",84209002,"Psychogenic amnesia (disorder)"
"742",84466009,"Dependent personality disorder (disorder)"
"743",84483000,"Poisoning caused by chlordiazepoxide (disorder)"
"744",84584008,"Steroid withdrawal syndrome (disorder)"
"745",84758004,"Amphetamine abuse (disorder)"
"746",84760002,"Schizoaffective disorder, depressive type (disorder)"
"747",84788008,"Menopausal depression (disorder)"
"748",84916005,"Caffeine intoxication (disorder)"
"749",84984002,"Adjustment disorder with disturbance of conduct (disorder)"
"750",85005007,"Cannabis dependence (disorder)"
"751",85061001,"Separation anxiety disorder of childhood, early onset (disorder)"
"752",85080004,"Secondary dysthymia (disorder)"
"753",85248005,"Bipolar disorder in remission (disorder)"
"754",85561006,"Alcohol withdrawal syndrome without complication (disorder)"
"755",85762002,"Voice disorder due to transsexualism (disorder)"
"756",85821003,"Acute non-psychotic brain syndrome (disorder)"
"757",85861002,"Subchronic undifferentiated schizophrenia (disorder)"
"758",86058007,"Severe bipolar I disorder, single manic episode with psychotic features, mood-incongruent (disorder)"
"759",86188000,"Kuru (disorder)"
"760",86325007,"Non megaloblastic anemia due to alcoholism (disorder)"
"761",86624000,"Poisoning caused by amobarbital (disorder)"
"762",86765009,"Mild intellectual disability (disorder)"
"763",86817004,"Subchronic catatonic schizophrenia with acute exacerbations (disorder)"
"764",87132004,"Opioid withdrawal syndrome (disorder)"
"765",87203005,"Bipolar I disorder, most recent episode depressed with postpartum onset (disorder)"
"766",87414006,"Reactive depression (situational) (disorder)"
"767",87512008,"Mild major depression (disorder)"
"768",87798009,"Panic disorder with agoraphobia, agoraphobic avoidance in full remission AND moderate panic attacks (disorder)"
"769",87810006,"Megaloblastic anemia caused by alcoholism (disorder)"
"770",87842000,"Generalized neuromuscular exhaustion syndrome (disorder)"
"771",87950005,"Bipolar I disorder, single manic episode with catatonic features (disorder)"
"772",87991007,"Gender identity disorder (disorder)"
"773",88339003,"Dementia arising in the senium AND/OR presenium (disorder)"
"774",88740003,"Thyrotoxicosis factitia with thyrotoxic crisis (disorder)"
"775",88845000,"Explosive type organic personality disorder (disorder)"
"776",88902008,"Dissociative blindness (disorder)"
"777",88926005,"Opioid-induced sleep disorder (disorder)"
"778",88939009,"Severe mood disorder without psychotic features (disorder)"
"779",88975006,"Schizophreniform disorder (disorder)"
"780",88984006,"Dissociative paralysis (disorder)"
"781",89016005,"Axis III diagnosis (disorder)"
"782",89248000,"Erotic zoophilia (disorder)"
"783",89415002,"Hypersomnia disorder related to another mental disorder (disorder)"
"784",89451009,"Inhalant-induced mood disorder (disorder)"
"785",89507002,"Toxic effect of denatured alcohol (disorder)"
"786",89601008,"Tic of organic origin (disorder)"
"787",89618007,"Persecutory delusion disorder (disorder)"
"788",89751008,"Sexual pain disorder (disorder)"
"789",89765005,"Tobacco dependence syndrome (disorder)"
"790",89948007,"Panic disorder with agoraphobia AND mild panic attacks (disorder)"
"791",89989005,"Deferred diagnosis on Axis V (disorder)"
"792",90099008,"Subcortical leukoencephalopathy (disorder)"
"793",90194001,"AIDS with organic dementia (disorder)"
"794",90253000,"Progressive subcortical gliosis (disorder)"
"795",90483007,"Dissociative neurological symptom disorder with dysphonia (disorder)"
"796",90613007,"Encopresis without constipation AND without overflow incontinence (finding)"
"797",90755006,"Nicotine withdrawal syndrome (disorder)"
"798",90790003,"Avoidant disorder of adolescence (disorder)"
"799",91138005,"Mental retardation (disorder)"
"800",91388009,"Harmful pattern of use of psychoactive substance (disorder)"
"801",91447008,"Poisoning by glutethimide (disorder)"
"802",93461009,"Gender dysphoria (disorder)"
"803",95439001,"Psychogenic aphonia (disorder)"
"804",95635002,"Caffeine withdrawal syndrome (disorder)"
"805",95636001,"Sadomasochism (disorder)"
"806",95637005,"Factitious disorder imposed on another (disorder)"
"807",95661003,"Ergotamine withdrawal syndrome (disorder)"
"808",95878009,"Amnesic shellfish poisoning (disorder)"
"809",95918004,"Therapeutic drug dependence (disorder)"
"810",95919007,"Dependence on corticoids (disorder)"
"811",102916005,"Arachnophobia (disorder)"
"812",106013002,"Mental disorder of infancy, childhood or adolescence (disorder)"
"813",106014008,"Organic mental disorder of unknown etiology (disorder)"
"814",106015009,"Mental disorder AND/OR culture bound syndrome (disorder)"
"815",109478007,"Kohlschutter's syndrome (disorder)"
"816",109805003,"Factitious cheilitis (disorder)"
"817",109896009,"Indication for modification of patient status (disorder)"
"818",109897000,"Indication for modification of patient behavior status (disorder)"
"819",109898005,"Indication for modification of patient cognitive status (disorder)"
"820",109899002,"Indication for modification of patient emotional status (disorder)"
"821",109900007,"Indication for modification of patient physical status (disorder)"
"822",109901006,"Indication for modification of patient psychological status (disorder)"
"823",109956006,"Psychogenic purpura (disorder)"
"824",110281001,"Chronic drug abuse (disorder)"
"825",110359009,"Intellectual disability (disorder)"
"826",111349000,"Glossopyrosis (disorder)"
"827",111475002,"Neurosis (disorder)"
"828",111476001,"Mental disorder usually first evident in infancy, childhood AND/OR adolescence (disorder)"
"829",111477005,"Reactive attachment disorder of infancy OR early childhood, disinhibited type (disorder)"
"830",111478000,"Nocturnal AND diurnal enuresis (finding)"
"831",111479008,"Organic mental disorder (disorder)"
"832",111480006,"Psychoactive substance-induced organic dementia (disorder)"
"833",111481005,"Sedative dependence (disorder)"
"834",111482003,"Subchronic schizophrenia with acute exacerbations (disorder)"
"835",111483008,"Catatonic schizophrenia in remission (disorder)"
"836",111484002,"Undifferentiated schizophrenia (disorder)"
"837",111485001,"Mixed bipolar I disorder in full remission (disorder)"
"838",111486000,"Symptomatic sexual sadism (disorder)"
"839",111487009,"Dream anxiety disorder (disorder)"
"840",111490003,"Panic disorder with agoraphobia, agoraphobic avoidance in partial remission AND severe panic attacks (disorder)"
"841",111491004,"Panic disorder with agoraphobia, agoraphobic avoidance in full remission AND panic attacks in partial remission (disorder)"
"842",111492006,"Conversion disorder, single episode (disorder)"
"843",126943008,"Separation anxiety (disorder)"
"844",128293007,"Chronic mental disorder (disorder)"
"845",129104009,"Developmental mental disorder (disorder)"
"846",129562004,"Psychogenic skin disease (disorder)"
"847",129602009,"Symbiotic infantile psychosis (disorder)"
"848",129604005,"Delusion of heart disease syndrome (disorder)"
"849",129605006,"Postgastrectomy neurosis (disorder)"
"850",129606007,"Frontal lobe syndrome (disorder)"
"851",129607003,"Mother-daughter symbiotic syndrome (disorder)"
"852",160830003,"Child relationship problem (finding)"
"853",162218007,"Stress-related problem (disorder)"
"854",162313000,"Morbid jealousy (disorder)"
"855",162702000,"On examination - mentally confused (disorder)"
"856",162722001,"On examination - depressed (disorder)"
"857",187066009,"Primary pulmonary blastomycosis (disorder)"
"858",187069002,"Acute pulmonary blastomycosis (disorder)"
"859",187921002,"Developmental receptive language disorder (disorder)"
"860",191447007,"Organic psychotic condition (disorder)"
"861",191449005,"Uncomplicated senile dementia (disorder)"
"862",191451009,"Uncomplicated presenile dementia (disorder)"
"863",191452002,"Presenile dementia with delirium (disorder)"
"864",191454001,"Presenile dementia with paranoia (disorder)"
"865",191455000,"Presenile dementia with depression (disorder)"
"866",191456004,"Presenile dementia NOS (disorder)"
"867",191457008,"Senile dementia with depressive or paranoid features (disorder)"
"868",191458003,"Senile dementia with paranoia (disorder)"
"869",191459006,"Senile dementia with depression (disorder)"
"870",191460001,"Senile dementia with depressive or paranoid features NOS (disorder)"
"871",191461002,"Senile dementia with delirium (disorder)"
"872",191463004,"Uncomplicated arteriosclerotic dementia (disorder)"
"873",191464005,"Arteriosclerotic dementia with delirium (disorder)"
"874",191465006,"Arteriosclerotic dementia with paranoia (disorder)"
"875",191466007,"Arteriosclerotic dementia with depression (disorder)"
"876",191467003,"Arteriosclerotic dementia NOS (disorder)"
"877",191469000,"Senile or presenile psychoses NOS (disorder)"
"878",191471000,"Korsakov's alcoholic psychosis with peripheral neuritis (disorder)"
"879",191473002,"Alcohol amnestic syndrome NOS (disorder)"
"880",191475009,"Chronic alcoholic brain syndrome (disorder)"
"881",191476005,"Alcohol withdrawal hallucinosis (disorder)"
"882",191477001,"Pathological alcohol intoxication (disorder)"
"883",191478006,"Alcoholic paranoia (disorder)"
"884",191479003,"Other alcoholic psychosis (disorder)"
"885",191480000,"Alcohol withdrawal syndrome (disorder)"
"886",191481001,"Other alcoholic psychosis NOS (disorder)"
"887",191482008,"Alcoholic psychosis NOS (disorder)"
"888",191483003,"Psychotic disorder caused by drug (disorder)"
"889",191484009,"Drug-induced paranoia or hallucinatory states (disorder)"
"890",191485005,"Paranoid state caused by drug (disorder)"
"891",191486006,"Hallucinosis caused by drug (disorder)"
"892",191487002,"Drug-induced paranoia or hallucinatory state NOS (disorder)"
"893",191491007,"Other drug psychoses (disorder)"
"894",191492000,"Delirium caused by drug (disorder)"
"895",191493005,"Dementia caused by drug (disorder)"
"896",191494004,"Amnestic disorder caused by drug (disorder)"
"897",191495003,"Depressive disorder caused by drug (disorder)"
"898",191496002,"Personality disorder caused by drug (disorder)"
"899",191497006,"Other drug psychoses NOS (disorder)"
"900",191498001,"Drug psychosis NOS (disorder)"
"901",191499009,"Transient organic psychoses (disorder)"
"902",191501001,"Acute confusional state, post-traumatic (disorder)"
"903",191502008,"Acute confusional state, of infective origin (disorder)"
"904",191503003,"Acute confusional state, of endocrine origin (disorder)"
"905",191504009,"Acute confusional state, of metabolic origin (disorder)"
"906",191505005,"Acute confusional state, of cerebrovascular origin (disorder)"
"907",191506006,"Acute confusional state NOS (disorder)"
"908",191507002,"Subacute delirium (disorder)"
"909",191508007,"Subacute confusional state, post-traumatic (disorder)"
"910",191509004,"Subacute confusional state, of infective origin (disorder)"
"911",191510009,"Subacute confusional state, of endocrine origin (disorder)"
"912",191511008,"Subacute confusional state, of metabolic origin (disorder)"
"913",191512001,"Subacute confusional state, of cerebrovascular origin (disorder)"
"914",191513006,"Subacute confusional state NOS (disorder)"
"915",191514000,"Other transient organic psychoses (disorder)"
"916",191515004,"Unspecified puerperal psychosis (disorder)"
"917",191516003,"Other transient organic psychoses NOS (disorder)"
"918",191517007,"Transient organic psychoses NOS (disorder)"
"919",191518002,"Other chronic organic psychoses (disorder)"
"920",191519005,"Dementia associated with another disease (disorder)"
"921",191521000,"Other specified chronic organic psychoses (disorder)"
"922",191522007,"Chronic organic psychosis NOS (disorder)"
"923",191523002,"Other specified organic psychoses (disorder)"
"924",191524008,"Organic psychoses NOS (disorder)"
"925",191525009,"Non-organic psychosis (disorder)"
"926",191526005,"Schizophrenic disorders (disorder)"
"927",191527001,"Simple schizophrenia (disorder)"
"928",191528006,"Unspecified schizophrenia (disorder)"
"929",191530008,"Acute exacerbation of subchronic schizophrenia (disorder)"
"930",191531007,"Acute exacerbation of chronic schizophrenia (disorder)"
"931",191534004,"Simple schizophrenia NOS (disorder)"
"932",191535003,"Unspecified hebephrenic schizophrenia (disorder)"
"933",191536002,"Subchronic hebephrenic schizophrenia (disorder)"
"934",191537006,"Chronic hebephrenic schizophrenia (disorder)"
"935",191538001,"Acute exacerbation of subchronic hebephrenic schizophrenia (disorder)"
"936",191539009,"Acute exacerbation of chronic hebephrenic schizophrenia (disorder)"
"937",191540006,"Hebephrenic schizophrenia in remission (disorder)"
"938",191541005,"Hebephrenic schizophrenia NOS (disorder)"
"939",191542003,"Catatonic schizophrenia (disorder)"
"940",191543008,"Unspecified catatonic schizophrenia (disorder)"
"941",191547009,"Acute exacerbation of subchronic catatonic schizophrenia (disorder)"
"942",191548004,"Acute exacerbation of chronic catatonic schizophrenia (disorder)"
"943",191550007,"Catatonic schizophrenia NOS (disorder)"
"944",191551006,"Unspecified paranoid schizophrenia (disorder)"
"945",191554003,"Acute exacerbation of subchronic paranoid schizophrenia (disorder)"
"946",191555002,"Acute exacerbation of chronic paranoid schizophrenia (disorder)"
"947",191557005,"Paranoid schizophrenia NOS (disorder)"
"948",191559008,"Latent schizophrenia (disorder)"
"949",191560003,"Unspecified latent schizophrenia (disorder)"
"950",191561004,"Subchronic latent schizophrenia (disorder)"
"951",191562006,"Chronic latent schizophrenia (disorder)"
"952",191563001,"Acute exacerbation of subchronic latent schizophrenia (disorder)"
"953",191564007,"Acute exacerbation of chronic latent schizophrenia (disorder)"
"954",191565008,"Latent schizophrenia in remission (disorder)"
"955",191566009,"Latent schizophrenia NOS (disorder)"
"956",191567000,"Schizoaffective schizophrenia (disorder)"
"957",191568005,"Unspecified schizoaffective schizophrenia (disorder)"
"958",191569002,"Subchronic schizoaffective schizophrenia (disorder)"
"959",191570001,"Chronic schizoaffective schizophrenia (disorder)"
"960",191571002,"Acute exacerbation of subchronic schizoaffective schizophrenia (disorder)"
"961",191572009,"Acute exacerbation of chronic schizoaffective schizophrenia (disorder)"
"962",191574005,"Schizoaffective schizophrenia in remission (disorder)"
"963",191575006,"Schizoaffective schizophrenia NOS (disorder)"
"964",191577003,"Cenesthopathic schizophrenia (disorder)"
"965",191578008,"Other schizophrenia NOS (disorder)"
"966",191579000,"Schizophrenia NOS (disorder)"
"967",191582005,"Single manic episode, unspecified (disorder)"
"968",191583000,"Single manic episode, mild (disorder)"
"969",191584006,"Single manic episode, moderate (disorder)"
"970",191585007,"Single manic episode, severe without mention of psychosis (disorder)"
"971",191586008,"Single manic episode, severe, with psychosis (disorder)"
"972",191587004,"Single manic episode in partial or unspecified remission (disorder)"
"973",191588009,"Single manic episode in full remission (disorder)"
"974",191589001,"Manic disorder, single episode NOS (disorder)"
"975",191590005,"Recurrent manic episodes (disorder)"
"976",191591009,"Recurrent manic episodes, unspecified (disorder)"
"977",191592002,"Recurrent manic episodes, mild (disorder)"
"978",191593007,"Recurrent manic episodes, moderate (disorder)"
"979",191594001,"Recurrent manic episodes, severe without mention of psychosis (disorder)"
"980",191595000,"Recurrent manic episodes, severe, with psychosis (disorder)"
"981",191596004,"Recurrent manic episodes, in partial or unspecified remission (disorder)"
"982",191597008,"Recurrent manic episodes, in full remission (disorder)"
"983",191598003,"Recurrent manic episode NOS (disorder)"
"984",191600009,"Single major depressive episode, unspecified (disorder)"
"985",191601008,"Single major depressive episode, mild (disorder)"
"986",191602001,"Single major depressive episode, moderate (disorder)"
"987",191603006,"Single major depressive episode, severe, without mention of psychosis (disorder)"
"988",191604000,"Single major depressive episode, severe, with psychosis (disorder)"
"989",191605004,"Single major depressive episode, in partial or unspecified remission (disorder)"
"990",191606003,"Single major depressive episode, in full remission (disorder)"
"991",191607007,"Single major depressive episode NOS (disorder)"
"992",191609005,"Recurrent major depressive episodes, unspecified (disorder)"
"993",191610000,"Recurrent major depressive episodes, mild (disorder)"
"994",191611001,"Recurrent major depressive episodes, moderate (disorder)"
"995",191612008,"Recurrent major depressive episodes, severe, without mention of psychosis (disorder)"
"996",191613003,"Recurrent major depressive episodes, severe, with psychosis (disorder)"
"997",191614009,"Recurrent major depressive episodes, in partial or unspecified remission (disorder)"
"998",191615005,"Recurrent major depressive episodes, in full remission (disorder)"
"999",191616006,"Recurrent depression (disorder)"
"1000",191617002,"Recurrent major depressive episode NOS (disorder)"
"1001",191618007,"Bipolar affective disorder, current episode manic (disorder)"
"1002",191619004,"Bipolar affective disorder, currently manic, unspecified (disorder)"
"1003",191620005,"Bipolar affective disorder, currently manic, mild (disorder)"
"1004",191621009,"Bipolar affective disorder, currently manic, moderate (disorder)"
"1005",191622002,"Bipolar affective disorder, currently manic, severe, without mention of psychosis (disorder)"
"1006",191623007,"Bipolar affective disorder, currently manic, severe, with psychosis (disorder)"
"1007",191624001,"Bipolar affective disorder, currently manic, in partial or unspecified remission (disorder)"
"1008",191625000,"Bipolar affective disorder, currently manic, in full remission (disorder)"
"1009",191626004,"Bipolar affective disorder, currently manic, NOS (disorder)"
"1010",191627008,"Bipolar affective disorder, current episode depression (disorder)"
"1011",191628003,"Bipolar affective disorder, currently depressed, unspecified (disorder)"
"1012",191629006,"Bipolar affective disorder, currently depressed, mild (disorder)"
"1013",191630001,"Bipolar affective disorder, currently depressed, moderate (disorder)"
"1014",191631002,"Bipolar affective disorder, currently depressed, severe, without mention of psychosis (disorder)"
"1015",191632009,"Bipolar affective disorder, currently depressed, severe, with psychosis (disorder)"
"1016",191633004,"Bipolar affective disorder, currently depressed, in partial or unspecified remission (disorder)"
"1017",191634005,"Bipolar affective disorder, currently depressed, in full remission (disorder)"
"1018",191635006,"Bipolar affective disorder, currently depressed, NOS (disorder)"
"1019",191636007,"Mixed bipolar affective disorder (disorder)"
"1020",191637003,"Mixed bipolar affective disorder, unspecified (disorder)"
"1021",191638008,"Mixed bipolar affective disorder, mild (disorder)"
"1022",191639000,"Mixed bipolar affective disorder, moderate (disorder)"
"1023",191640003,"Mixed bipolar affective disorder, severe, without mention of psychosis (disorder)"
"1024",191641004,"Mixed bipolar affective disorder, severe, with psychosis (disorder)"
"1025",191642006,"Mixed bipolar affective disorder, in partial or unspecified remission (disorder)"
"1026",191643001,"Mixed bipolar affective disorder, in full remission (disorder)"
"1027",191644007,"Mixed bipolar affective disorder, NOS (disorder)"
"1028",191646009,"Unspecified bipolar affective disorder (disorder)"
"1029",191647000,"Unspecified bipolar affective disorder, unspecified (disorder)"
"1030",191648005,"Unspecified bipolar affective disorder, mild (disorder)"
"1031",191649002,"Unspecified bipolar affective disorder, moderate (disorder)"
"1032",191650002,"Unspecified bipolar affective disorder, severe, without mention of psychosis (disorder)"
"1033",191651003,"Unspecified bipolar affective disorder, severe, with psychosis (disorder)"
"1034",191652005,"Unspecified bipolar affective disorder, in partial or unspecified remission (disorder)"
"1035",191653000,"Unspecified bipolar affective disorder, in full remission (disorder)"
"1036",191654006,"Unspecified bipolar affective disorder, NOS (disorder)"
"1037",191656008,"Other and unspecified manic-depressive psychoses (disorder)"
"1038",191657004,"Unspecified manic-depressive psychoses (disorder)"
"1039",191658009,"Atypical manic disorder (disorder)"
"1040",191659001,"Atypical depressive disorder (disorder)"
"1041",191660006,"Other mixed manic-depressive psychoses (disorder)"
"1042",191661005,"Other and unspecified manic-depressive psychoses NOS (disorder)"
"1043",191667009,"Paranoid disorder (disorder)"
"1044",191668004,"Simple paranoid state (disorder)"
"1045",191670008,"Shared paranoid disorder (disorder)"
"1046",191671007,"Other paranoid states (disorder)"
"1047",191672000,"Paranoia querulans (disorder)"
"1048",191673005,"Other paranoid states NOS (disorder)"
"1049",191674004,"Paranoid psychosis NOS (disorder)"
"1050",191676002,"Reactive depressive psychosis (disorder)"
"1051",191677006,"Acute hysterical psychosis (disorder)"
"1052",191678001,"Reactive confusion (disorder)"
"1053",191680007,"Psychogenic paranoid psychosis (disorder)"
"1054",191682004,"Other reactive psychoses (disorder)"
"1055",191683009,"Psychogenic stupor (disorder)"
"1056",191685002,"Other reactive psychoses NOS (disorder)"
"1057",191687005,"Psychosis with origin in childhood (disorder)"
"1058",191689008,"Active infantile autism (disorder)"
"1059",191690004,"Residual infantile autism (disorder)"
"1060",191691000,"Infantile autism NOS (disorder)"
"1061",191692007,"Active disintegrative psychoses (disorder)"
"1062",191693002,"Residual disintegrative psychoses (disorder)"
"1063",191694008,"Disintegrative psychosis NOS (disorder)"
"1064",191695009,"Other childhood psychoses (disorder)"
"1065",191696005,"Atypical childhood psychoses (disorder)"
"1066",191697001,"Borderline psychosis of childhood (disorder)"
"1067",191698006,"Other childhood psychoses NOS (disorder)"
"1068",191700002,"Other specified non-organic psychoses (disorder)"
"1069",191702005,"Neurotic, personality and other nonpsychotic disorders (disorder)"
"1070",191712003,"Hysteria unspecified (disorder)"
"1071",191713008,"Dissociative neurological symptom disorder with tremor (disorder)"
"1072",191714002,"Dissociative convulsions (disorder)"
"1073",191717009,"Dissociative reaction unspecified (disorder)"
"1074",191722009,"Agoraphobia with panic attacks (disorder)"
"1075",191723004,"Agoraphobia without mention of panic attacks (disorder)"
"1076",191724005,"Social phobia, fear of eating in public (disorder)"
"1077",191725006,"Social phobia, fear of public speaking (disorder)"
"1078",191726007,"Social phobia, fear of public washing (disorder)"
"1079",191736004,"Obsessive-compulsive disorder (disorder)"
"1080",191737008,"Compulsive neurosis (disorder)"
"1081",191738003,"Obsessional neurosis (disorder)"
"1082",191739006,"Obsessive-compulsive disorder NOS (disorder)"
"1083",191742000,"Other neurotic disorders (disorder)"
"1084",191744004,"Writer's cramp neurosis (disorder)"
"1085",191745003,"Other occupational neurosis (disorder)"
"1086",191746002,"Psychasthenic neurosis (disorder)"
"1087",191747006,"Other neurotic disorder NOS (disorder)"
"1088",191752001,"Unspecified affective personality disorder (disorder)"
"1089",191753006,"Hypomanic personality disorder (disorder)"
"1090",191755004,"Affective personality disorder NOS (disorder)"
"1091",191756003,"Unspecified schizoid personality disorder (disorder)"
"1092",191758002,"Schizoid personality disorder NOS (disorder)"
"1093",191763003,"Compulsive personality disorder NOS (disorder)"
"1094",191764009,"Unspecified histrionic personality disorder (disorder)"
"1095",191765005,"Emotionally unstable personality disorder (disorder)"
"1096",191766006,"Psychoinfantile personality (disorder)"
"1097",191767002,"Histrionic personality disorder NOS (disorder)"
"1098",191770003,"Other personality disorders (disorder)"
"1099",191772006,"Eccentric personality disorder (disorder)"
"1100",191773001,"Immature personality disorder (disorder)"
"1101",191774007,"Masochistic personality disorder (disorder)"
"1102",191780004,"Transvestism (disorder)"
"1103",191782007,"Transsexuality with unspecified sexual history (disorder)"
"1104",191783002,"Transsexuality with asexual history (disorder)"
"1105",191784008,"Transsexuality with homosexual history (disorder)"
"1106",191785009,"Transsexuality with heterosexual history (disorder)"
"1107",191786005,"Transsexualism NOS (disorder)"
"1108",191787001,"Psychosexual identity disorder (disorder)"
"1109",191790007,"Psychosexual identity disorder NOS (disorder)"
"1110",191799008,"Other psychosexual disorder NOS (disorder)"
"1111",191800007,"Psychosexual disorder NOS (disorder)"
"1112",191802004,"Acute alcoholic intoxication in alcoholism (disorder)"
"1113",191803009,"Acute alcoholic intoxication, unspecified, in alcoholism (disorder)"
"1114",191804003,"Continuous acute alcoholic intoxication in alcoholism (disorder)"
"1115",191805002,"Episodic acute alcoholic intoxication in alcoholism (disorder)"
"1116",191806001,"Acute alcoholic intoxication in remission, in alcoholism (disorder)"
"1117",191807005,"Acute alcoholic intoxication in alcoholism NOS (disorder)"
"1118",191809008,"Unspecified chronic alcoholism (disorder)"
"1119",191811004,"Continuous chronic alcoholism (disorder)"
"1120",191812006,"Episodic chronic alcoholism (disorder)"
"1121",191813001,"Chronic alcoholism in remission (disorder)"
"1122",191814007,"Chronic alcoholism NOS (disorder)"
"1123",191815008,"Alcohol dependence syndrome NOS (disorder)"
"1124",191816009,"Drug dependence (disorder)"
"1125",191818005,"Unspecified opioid dependence (disorder)"
"1126",191819002,"Continuous opioid dependence (disorder)"
"1127",191820008,"Episodic opioid dependence (disorder)"
"1128",191821007,"Opioid dependence in remission (disorder)"
"1129",191822000,"Opioid drug dependence NOS (disorder)"
"1130",191824004,"Hypnotic or anxiolytic dependence, unspecified (disorder)"
"1131",191825003,"Hypnotic or anxiolytic dependence, continuous (disorder)"
"1132",191826002,"Hypnotic or anxiolytic dependence, episodic (disorder)"
"1133",191827006,"Hypnotic or anxiolytic dependence in remission (disorder)"
"1134",191828001,"Hypnotic or anxiolytic dependence NOS (disorder)"
"1135",191829009,"Cocaine type drug dependence (disorder)"
"1136",191830004,"Cocaine dependence, unspecified (disorder)"
"1137",191831000,"Cocaine dependence, continuous (disorder)"
"1138",191832007,"Cocaine dependence, episodic (disorder)"
"1139",191833002,"Cocaine dependence in remission (disorder)"
"1140",191834008,"Cocaine drug dependence NOS (disorder)"
"1141",191836005,"Cannabis dependence, unspecified (disorder)"
"1142",191837001,"Cannabis dependence, continuous (disorder)"
"1143",191838006,"Cannabis dependence, episodic (disorder)"
"1144",191839003,"Cannabis dependence in remission (disorder)"
"1145",191840001,"Cannabis drug dependence NOS (disorder)"
"1146",191842009,"Amphetamine or psychostimulant dependence, unspecified (disorder)"
"1147",191843004,"Amphetamine or psychostimulant dependence, continuous (disorder)"
"1148",191844005,"Amphetamine or psychostimulant dependence, episodic (disorder)"
"1149",191845006,"Amphetamine or psychostimulant dependence in remission (disorder)"
"1150",191846007,"Amphetamine or psychostimulant dependence NOS (disorder)"
"1151",191848008,"Hallucinogen dependence, unspecified (disorder)"
"1152",191849000,"Hallucinogen dependence, continuous (disorder)"
"1153",191850000,"Hallucinogen dependence, episodic (disorder)"
"1154",191851001,"Hallucinogen dependence in remission (disorder)"
"1155",191852008,"Hallucinogen dependence NOS (disorder)"
"1156",191853003,"Glue sniffing dependence (disorder)"
"1157",191854009,"Glue sniffing dependence, unspecified (disorder)"
"1158",191855005,"Glue sniffing dependence, continuous (disorder)"
"1159",191856006,"Glue sniffing dependence, episodic (disorder)"
"1160",191857002,"Glue sniffing dependence in remission (disorder)"
"1161",191858007,"Glue sniffing dependence NOS (disorder)"
"1162",191860009,"Other specified drug dependence, unspecified (disorder)"
"1163",191861008,"Other specified drug dependence, continuous (disorder)"
"1164",191862001,"Other specified drug dependence, episodic (disorder)"
"1165",191863006,"Other specified drug dependence in remission (disorder)"
"1166",191864000,"Other specified drug dependence NOS (disorder)"
"1167",191865004,"Combined opioid with non-opioid drug dependence (disorder)"
"1168",191866003,"Combined opioid with other drug dependence, unspecified (disorder)"
"1169",191867007,"Combined opioid with non-opioid drug dependence, continuous (disorder)"
"1170",191868002,"Combined opioid with non-opioid drug dependence, episodic (disorder)"
"1171",191869005,"Combined opioid with non-opioid drug dependence in remission (disorder)"
"1172",191870006,"Combined opioid with other drug dependence NOS (disorder)"
"1173",191871005,"Combined drug dependence, excluding opioids (disorder)"
"1174",191872003,"Combined drug dependence, excluding opioid, unspecified (disorder)"
"1175",191873008,"Combined drug dependence, excluding opioid, continuous (disorder)"
"1176",191874002,"Combined drug dependence, excluding opioid, episodic (disorder)"
"1177",191875001,"Combined drug dependence, excluding opioid, in remission (disorder)"
"1178",191876000,"Combined drug dependence, excluding opioid, NOS (disorder)"
"1179",191877009,"Ecstasy type drug dependence (disorder)"
"1180",191878004,"Drug dependence NOS (disorder)"
"1181",191881009,"Nondependent alcohol abuse, unspecified (disorder)"
"1182",191882002,"Continuous nondependent harmful pattern of use of alcohol (disorder)"
"1183",191883007,"Episodic nondependent harmful pattern of use of alcohol (disorder)"
"1184",191884001,"Nondependent harmful pattern of use of alcohol in remission (disorder)"
"1185",191885000,"Nondependent alcohol abuse NOS (disorder)"
"1186",191886004,"Tobacco dependence, unspecified (disorder)"
"1187",191887008,"Tobacco dependence, continuous (disorder)"
"1188",191888003,"Tobacco dependence, episodic (disorder)"
"1189",191889006,"Tobacco dependence in remission (disorder)"
"1190",191890002,"Tobacco dependence NOS (disorder)"
"1191",191891003,"Nondependent harmful pattern of use of cannabis (disorder)"
"1192",191892005,"Nondependent cannabis abuse, unspecified (disorder)"
"1193",191893000,"Continuous nondependent harmful pattern of use of cannabis (disorder)"
"1194",191894006,"Episodic nondependent harmful pattern of use of cannabis (disorder)"
"1195",191895007,"Nondependent harmful pattern of use of cannabis in remission (disorder)"
"1196",191896008,"Nondependent cannabis abuse NOS (disorder)"
"1197",191898009,"Nondependent hallucinogen abuse, unspecified (disorder)"
"1198",191899001,"Continuous nondependent harmful pattern of use of hallucinogen (disorder)"
"1199",191900006,"Episodic nondependent harmful pattern of use of hallucinogen (disorder)"
"1200",191901005,"Nondependent harmful pattern of use of hallucinogen in remission (disorder)"
"1201",191902003,"Nondependent hallucinogen abuse NOS (disorder)"
"1202",191904002,"Nondependent hypnotic or anxiolytic abuse, unspecified (disorder)"
"1203",191905001,"Nondependent hypnotic or anxiolytic abuse, continuous (disorder)"
"1204",191906000,"Nondependent hypnotic or anxiolytic abuse, episodic (disorder)"
"1205",191907009,"Nondependent hypnotic or anxiolytic abuse in remission (disorder)"
"1206",191908004,"Nondependent hypnotic or anxiolytic abuse NOS (disorder)"
"1207",191909007,"Nondependent harmful pattern of use of opioid (disorder)"
"1208",191911003,"Nondependent opioid abuse, unspecified (disorder)"
"1209",191912005,"Continuous nondependent harmful pattern of use of opioid (disorder)"
"1210",191913000,"Episodic nondependent harmful pattern of use of opioid (disorder)"
"1211",191914006,"Nondependent harmful pattern of use of opioid in remission (disorder)"
"1212",191915007,"Nondependent opioid abuse NOS (disorder)"
"1213",191916008,"Nondependent harmful pattern of use of cocaine (disorder)"
"1214",191917004,"Nondependent cocaine abuse, unspecified (disorder)"
"1215",191918009,"Continuous nondependent harmful pattern of use of cocaine (disorder)"
"1216",191919001,"Episodic nondependent harmful pattern of use of cocaine (disorder)"
"1217",191920007,"Nondependent harmful pattern of use of cocaine in remission (disorder)"
"1218",191921006,"Nondependent cocaine abuse NOS (disorder)"
"1219",191923009,"Nondependent amphetamine or psychostimulant abuse, unspecified (disorder)"
"1220",191924003,"Nondependent amphetamine or psychostimulant abuse, continuous (disorder)"
"1221",191925002,"Nondependent amphetamine or psychostimulant abuse, episodic (disorder)"
"1222",191927005,"Nondependent amphetamine or psychostimulant abuse NOS (disorder)"
"1223",191928000,"Harmful pattern of use of antidepressant (disorder)"
"1224",191929008,"Nondependent antidepressant type drug abuse, unspecified (disorder)"
"1225",191930003,"Nondependent antidepressant type drug abuse, continuous (disorder)"
"1226",191931004,"Nondependent antidepressant type drug abuse, episodic (disorder)"
"1227",191932006,"Nondependent antidepressant type drug abuse in remission (disorder)"
"1228",191933001,"Nondependent antidepressant type drug abuse NOS (disorder)"
"1229",191934007,"Nondependent mixed drug abuse (disorder)"
"1230",191935008,"Nondependent mixed drug abuse, unspecified (disorder)"
"1231",191936009,"Nondependent mixed drug abuse, continuous (disorder)"
"1232",191937000,"Nondependent mixed drug abuse, episodic (disorder)"
"1233",191938005,"Nondependent mixed drug abuse in remission (disorder)"
"1234",191939002,"Misuse of prescription only drugs (finding)"
"1235",191940000,"Nondependent mixed drug abuse NOS (disorder)"
"1236",191942008,"Nondependent other drug abuse, unspecified (disorder)"
"1237",191943003,"Nondependent other drug abuse, continuous (disorder)"
"1238",191944009,"Nondependent other drug abuse, episodic (disorder)"
"1239",191945005,"Nondependent other drug abuse in remission (disorder)"
"1240",191946006,"Nondependent other drug abuse NOS (disorder)"
"1241",191947002,"Misuse of drugs NOS (finding)"
"1242",191950004,"Infection caused by Blastomyces dermatitidis (disorder)"
"1243",191952007,"Somatoform autonomic dysfunction of respiratory tract (disorder)"
"1244",191953002,"Psychogenic air hunger (disorder)"
"1245",191954008,"Psychogenic cough (disorder)"
"1246",191955009,"Psychogenic hiccough (disorder)"
"1247",191956005,"Psychogenic hyperventilation (disorder)"
"1248",191959003,"Psychogenic respiratory symptom NOS (disorder)"
"1249",191962000,"Neurocirculatory asthenia (disorder)"
"1250",191964004,"Psychogenic cardiovascular symptom NOS (disorder)"
"1251",191965003,"Psychogenic skin symptoms (disorder)"
"1252",191966002,"Psychogenic pruritus (disorder)"
"1253",191967006,"Psychogenic skin symptoms NOS (disorder)"
"1254",191970005,"Psychogenic cyclical vomiting (disorder)"
"1255",191972002,"Psychogenic dyspepsia (disorder)"
"1256",191973007,"Psychogenic constipation (disorder)"
"1257",191974001,"Psychogenic gastrointestinal tract symptom NOS (disorder)"
"1258",191977008,"Psychogenic dysmenorrhea (disorder)"
"1259",191978003,"Psychogenic dysuria (disorder)"
"1260",191980009,"Psychogenic endocrine malfunction (disorder)"
"1261",191981008,"Psychogenic symptom of special sense organ (disorder)"
"1262",191982001,"Other psychogenic malfunction (disorder)"
"1263",191983006,"Bruxism (disorder)"
"1264",191984000,"Other psychogenic malfunction NOS (disorder)"
"1265",191985004,"Psychosomatic disorder NOS (disorder)"
"1266",191986003,"Psychogenic syndromes NEC (disorder)"
"1267",191990001,"Transient childhood tic (disorder)"
"1268",192011003,"Other and unspecified non-organic eating disorders (disorder)"
"1269",192012005,"Unspecified non-organic eating disorder (disorder)"
"1270",192014006,"Psychogenic rumination (disorder)"
"1271",192015007,"Psychogenic vomiting NOS (disorder)"
"1272",192016008,"Non-organic infant feeding disturbance (disorder)"
"1273",192017004,"Non-organic loss of appetite (disorder)"
"1274",192020007,"Other specified non-organic eating disorder (disorder)"
"1275",192021006,"Non-organic eating disorder NOS (disorder)"
"1276",192024003,"Non-organic continuous encopresis (disorder)"
"1277",192025002,"Non-organic discontinuous encopresis (disorder)"
"1278",192026001,"Non-organic encopresis NOS (disorder)"
"1279",192027005,"Psychogenic pain unspecified (disorder)"
"1280",192029008,"Psychogenic backache (disorder)"
"1281",192030003,"Psychalgia NOS (disorder)"
"1282",192031004,"Other and unspecified psychogenic syndrome NEC (disorder)"
"1283",192035008,"Psychogenic syndromes NOS (disorder)"
"1284",192037000,"Acute panic state due to acute stress reaction (disorder)"
"1285",192038005,"Acute fugue state due to acute stress reaction (disorder)"
"1286",192039002,"Acute stupor state due to acute stress reaction (disorder)"
"1287",192040000,"Other acute stress reactions (disorder)"
"1288",192041001,"Acute situational disturbance (disorder)"
"1289",192042008,"Acute post-trauma stress state (disorder)"
"1290",192043003,"Other acute stress reaction NOS (disorder)"
"1291",192044009,"Stress reaction causing mixed disturbance of emotion and conduct (disorder)"
"1292",192046006,"Brief depressive adjustment reaction (disorder)"
"1293",192048007,"Brief depressive reaction NOS (disorder)"
"1294",192049004,"Prolonged depressive adjustment reaction (disorder)"
"1295",192050004,"Adjustment reaction with predominant disturbance of other emotions (disorder)"
"1296",192051000,"Adolescent emancipation disorder (disorder)"
"1297",192052007,"Early adult emancipation disorder (disorder)"
"1298",192054008,"Culture shock (disorder)"
"1299",192055009,"Adjustment reaction with disturbance of other emotion NOS (disorder)"
"1300",192056005,"Adjustment reaction with aggression (disorder)"
"1301",192057001,"Adjustment reaction with antisocial behavior (disorder)"
"1302",192058006,"Adjustment reaction with destructiveness (disorder)"
"1303",192059003,"Adjustment reaction with predominant disturbance of conduct NOS (disorder)"
"1304",192060008,"Other adjustment reactions (disorder)"
"1305",192061007,"Concentration camp syndrome (disorder)"
"1306",192062000,"Other post-traumatic stress disorder (disorder)"
"1307",192063005,"Adjustment reaction with physical symptoms (disorder)"
"1308",192064004,"Elective mutism due to an adjustment reaction (disorder)"
"1309",192065003,"Hospitalism (disorder)"
"1310",192066002,"Other adjustment reaction with withdrawal (disorder)"
"1311",192067006,"Other adjustment reactions NOS (disorder)"
"1312",192068001,"Adjustment reaction NOS (disorder)"
"1313",192069009,"Specific nonpsychotic mental disorders following organic brain damage (disorder)"
"1314",192072002,"Organic memory impairment (disorder)"
"1315",192073007,"Change in personality (disorder)"
"1316",192074001,"Organic personality syndrome NOS (disorder)"
"1317",192076004,"Other specific mental disorder following organic brain damage (disorder)"
"1318",192077008,"Nonpsychotic mental disorder following organic brain damage NOS (disorder)"
"1319",192078003,"Depressive disorder NEC (disorder)"
"1320",192079006,"Postviral depression (disorder)"
"1321",192080009,"Chronic depression (disorder)"
"1322",192082001,"Aggressive unsocial conduct disorder (disorder)"
"1323",192086003,"Aggressive unsocial conduct disorder NOS (disorder)"
"1324",192090001,"Nonaggressive unsocial conduct disorder NOS (disorder)"
"1325",192092009,"Group delinquency (disorder)"
"1326",192094005,"Impulse control disorder NEC (disorder)"
"1327",192095006,"Impulse control disorder, unspecified (disorder)"
"1328",192097003,"Isolated explosive disorder (disorder)"
"1329",192098008,"Impulse control disorder NOS (disorder)"
"1330",192099000,"Childhood disorder of conduct and emotion (disorder)"
"1331",192100008,"Neurotic delinquency (disorder)"
"1332",192101007,"Mixed disturbance of conduct and emotion NOS (disorder)"
"1333",192102000,"Other conduct disturbances (disorder)"
"1334",192103005,"Other conduct disturbances NOS (disorder)"
"1335",192104004,"Unspecified disturbance of conduct (disorder)"
"1336",192105003,"Juvenile delinquency unspecified (disorder)"
"1337",192106002,"Disturbance of conduct NOS (disorder)"
"1338",192108001,"Disturbance of anxiety and fearfulness in childhood and adolescence (disorder)"
"1339",192110004,"Childhood and adolescent fearfulness disturbance (disorder)"
"1340",192111000,"Disturbance of anxiety and fearfulness in childhood and adolescence NOS (disorder)"
"1341",192118006,"Childhood and adolescent relationship problem (finding)"
"1342",192119003,"Sibling jealousy (disorder)"
"1343",192120009,"Childhood and adolescent relationship problem NOS (disorder)"
"1344",192121008,"Other childhood and adolescent emotional problems (disorder)"
"1345",192122001,"Childhood or adolescent identity disorder (disorder)"
"1346",192123006,"Academic underachievement disorder (disorder)"
"1347",192124000,"Other childhood and adolescent emotional problems NOS (disorder)"
"1348",192127007,"Child attention deficit disorder (disorder)"
"1349",192130000,"Child attention deficit disorder NOS (disorder)"
"1350",192131001,"Hyperkinesis with developmental delay (disorder)"
"1351",192132008,"Hyperkinetic conduct disorder (disorder)"
"1352",192133003,"Other hyperkinetic manifestation (disorder)"
"1353",192134009,"Hyperkinetic syndrome NOS (disorder)"
"1354",192136006,"Specific reading disorder (disorder)"
"1355",192137002,"Reading disorder unspecified (disorder)"
"1356",192138007,"Developmental dyslexia (disorder)"
"1357",192140002,"Specific reading disorder NOS (disorder)"
"1358",192142005,"Other specific learning difficulty (disorder)"
"1359",192145007,"Speech or language developmental disorder NOS (disorder)"
"1360",192147004,"Mixed disorder of psychological development (disorder)"
"1361",192150001,"Psychic factor associated with another disorder (disorder)"
"1362",192151002,"Other specified neuroses or other mental disorders (disorder)"
"1363",192152009,"Neuroses or other mental disorder NOS (disorder)"
"1364",192154005,"Other specified mental retardation (disorder)"
"1365",192155006,"Other specified mental retardation NOS (disorder)"
"1366",192157003,"Mental retardation NOS (disorder)"
"1367",192158008,"[X]Mental and behavioral disorders (disorder)"
"1368",192159000,"[X]Organic, including symptomatic, mental disorders (disorder)"
"1369",192160005,"[X]Dementia in Alzheimer's disease (disorder)"
"1370",192163007,"[X]Dementia in Alzheimer's dis, atypical or mixed type (disorder)"
"1371",192164001,"[X]Dementia in Alzheimer's disease, unspecified (disorder)"
"1372",192170007,"[X]Other vascular dementia (disorder)"
"1373",192171006,"[X]Vascular dementia, unspecified (disorder)"
"1374",192173009,"[X]Dementia in other diseases classified elsewhere (disorder)"
"1375",192174003,"[X]Dementia in Pick's disease (disorder)"
"1376",192175002,"[X]Dementia in Creutzfeldt-Jakob disease (disorder)"
"1377",192176001,"[X]Dementia in Huntington's disease (disorder)"
"1378",192177005,"[X]Dementia in Parkinson's disease (disorder)"
"1379",192179008,"[X]Dementia in other specified diseases classif elsewhere (disorder)"
"1380",192181005,"[X]Organic amnesic syndrome not induced by alcohol/other psychoactive substances (disorder)"
"1381",192183008,"[X]Delirium not superimposed on dementia, so described (disorder)"
"1382",192184002,"[X]Delirium superimposed on dementia (disorder)"
"1383",192186000,"[X]Delirium, unspecified (disorder)"
"1384",192187009,"[X]Other mental disorders due to brain damage and dysfunction and to physical disease (disorder)"
"1385",192198005,"[X]Personality and behavioral disorders due to brain disease, damage and dysfunction (disorder)"
"1386",192205009,"[X]Mental and behavioral disorders due to psychoactive substance use (disorder)"
"1387",192206005,"[X]Mental and behavioral disorders due to use of alcohol (disorder)"
"1388",192207001,"[X]Mental and behavioral disorders due to use of alcohol: acute intoxication (disorder)"
"1389",192208006,"[X]Mental and behavioral disorders due to use of alcohol: harmful use (disorder)"
"1390",192210008,"[X]Mental and behavioral disorders due to use of alcohol: withdrawal state (disorder)"
"1391",192211007,"[X]Mental and behavioral disorders due to use of alcohol: withdrawal state with delirium (disorder)"
"1392",192213005,"[X]Mental and behavioral disorders due to use of alcohol: amnesic syndrome (disorder)"
"1393",192215003,"[X]Mental and behavioral disorders due to use of alcohol: other mental and behavioral disorders (disorder)"
"1394",192216002,"[X]Mental and behavioral disorders due to use of alcohol: unspecified mental and behavioral disorder (disorder)"
"1395",192217006,"[X]Mental and behavioral disorders due to use of opioids (disorder)"
"1396",192218001,"[X]Mental and behavioral disorders due to use of opioids: acute intoxication (disorder)"
"1397",192219009,"[X]Mental and behavioral disorders due to use of opioids: harmful use (disorder)"
"1398",192222006,"[X]Mental and behavioral disorders due to use of opioids: withdrawal state with delirium (disorder)"
"1399",192223001,"[X]Mental and behavioral disorders due to use of opioids: psychotic disorder (disorder)"
"1400",192224007,"[X]Mental and behavioral disorders due to use of opioids: amnesic syndrome (disorder)"
"1401",192225008,"[X]Mental and behavioral disorders due to use of opioids: residual and late-onset psychotic disorder (disorder)"
"1402",192226009,"[X]Mental and behavioral disorders due to use of opioids: other mental and behavioral disorders (disorder)"
"1403",192227000,"[X]Mental and behavioral disorders due to use of opioids: unspecified mental and behavioral disorder (disorder)"
"1404",192228005,"[X]Mental and behavioral disorders due to use of cannabinoids (disorder)"
"1405",192229002,"[X]Mental and behavioral disorders due to use of cannabinoids: acute intoxication (disorder)"
"1406",192230007,"[X]Mental and behavioral disorders due to use of cannabinoids: harmful use (disorder)"
"1407",192231006,"[X]Mental and behavioral disorders due to use of cannabinoids: dependence syndrome (disorder)"
"1408",192232004,"[X]Mental and behavioral disorders due to use of cannabinoids: withdrawal state (disorder)"
"1409",192233009,"[X]Mental and behavioral disorders due to use of cannabinoids: withdrawal state with delirium (disorder)"
"1410",192234003,"[X]Mental and behavioral disorders due to use of cannabinoids: psychotic disorder (disorder)"
"1411",192235002,"[X]Mental and behavioral disorders due to use of cannabinoids: amnesic syndrome (disorder)"
"1412",192236001,"[X]Mental and behavioral disorders due to use of cannabinoids: residual and late-onset psychotic disorder (disorder)"
"1413",192237005,"[X]Mental and behavioral disorders due to use of cannabinoids: other mental and behavioral disorders (disorder)"
"1414",192238000,"[X]Mental and behavioral disorders due to use of cannabinoids: unspecified mental and behavioral disorder (disorder)"
"1415",192239008,"[X]Mental and behavioral disorders due to use of sedatives or hypnotics (disorder)"
"1416",192240005,"[X]Mental and behavioral disorders due to use of sedatives or hypnotics: acute intoxication (disorder)"
"1417",192241009,"[X]Mental and behavioral disorders due to use of sedatives or hypnotics: harmful use (disorder)"
"1418",192242002,"[X]Mental and behavioral disorders due to use of sedatives or hypnotics: dependence syndrome (disorder)"
"1419",192243007,"[X]Mental and behavioral disorders due to use of sedatives or hypnotics: withdrawal state (disorder)"
"1420",192244001,"[X]Mental and behavioral disorders due to use of sedatives or hypnotics: withdrawal state with delirium (disorder)"
"1421",192245000,"[X]Mental and behavioral disorders due to use of sedatives or hypnotics: psychotic disorder (disorder)"
"1422",192246004,"[X]Mental and behavioral disorders due to use of sedatives or hypnotics: amnesic syndrome (disorder)"
"1423",192247008,"[X]Mental and behavioral disorders due to use of sedatives or hypnotics: residual and late-onset psychotic disorder (disorder)"
"1424",192249006,"[X]Mental and behavioral disorders due to use of sedatives or hypnotics: other mental and behavioral disorders (disorder)"
"1425",192250006,"[X]Mental and behavioral disorders due to use of sedatives or hypnotics: unspecified mental and behavioral disorder (disorder)"
"1426",192251005,"[X]Mental and behavioral disorders due to use of cocaine (disorder)"
"1427",192252003,"[X]Mental and behavioral disorders due to use of cocaine: acute intoxication (disorder)"
"1428",192253008,"[X]Mental and behavioral disorders due to use of cocaine: harmful use (disorder)"
"1429",192254002,"[X]Mental and behavioral disorders due to use of cocaine: dependence syndrome (disorder)"
"1430",192255001,"[X]Mental and behavioral disorders due to use of cocaine: withdrawal state (disorder)"
"1431",192256000,"[X]Mental and behavioral disorders due to use of cocaine: withdrawal state with delirium (disorder)"
"1432",192257009,"[X]Mental and behavioral disorders due to use of cocaine: psychotic disorder (disorder)"
"1433",192258004,"[X]Mental and behavioral disorders due to use of cocaine: amnesic syndrome (disorder)"
"1434",192259007,"[X]Mental and behavioral disorders due to use of cocaine: residual and late-onset psychotic disorder (disorder)"
"1435",192260002,"[X]Mental and behavioral disorders due to use of cocaine: other mental and behavioral disorders (disorder)"
"1436",192261003,"[X]Mental and behavioral disorders due to use of cocaine: unspecified mental and behavioral disorder (disorder)"
"1437",192262005,"[X]Mental and behavioral disorders due to use of other stimulants, including caffeine (disorder)"
"1438",192263000,"[X]Mental and behavioral disorders due to use of other stimulants, including caffeine: acute intoxication (disorder)"
"1439",192264006,"[X]Mental and behavioral disorders due to use of other stimulants, including caffeine: harmful use (disorder)"
"1440",192266008,"[X]Mental and behavioral disorders due to use of other stimulants, including caffeine: withdrawal state (disorder)"
"1441",192267004,"[X]Mental and behavioral disorders due to use of other stimulants, including caffeine: withdrawal state with delirium (disorder)"
"1442",192268009,"[X]Mental and behavioral disorders due to use of other stimulants, including caffeine: psychotic disorder (disorder)"
"1443",192269001,"[X]Mental and behavioral disorders due to use of other stimulants, including caffeine: amnesic syndrome (disorder)"
"1444",192270000,"[X]Mental and behavioral disorders due to use of other stimulants, including caffeine: residual and late-onset psychotic disorder (disorder)"
"1445",192271001,"[X]Mental and behavioral disorders due to use of other stimulants, including caffeine: other mental and behavioral disorders (disorder)"
"1446",192272008,"[X]Mental and behavioral disorders due to use of other stimulants, including caffeine: unspecified mental and behavioral disorder (disorder)"
"1447",192273003,"[X]Mental and behavioral disorders due to use of hallucinogens (disorder)"
"1448",192275005,"[X]Mental and behavioral disorders due to use of hallucinogens: acute intoxication (disorder)"
"1449",192276006,"[X]Mental and behavioral disorders due to use of hallucinogens: harmful use (disorder)"
"1450",192278007,"[X]Mental and behavioral disorders due to use of hallucinogens: withdrawal state (disorder)"
"1451",192279004,"[X]Mental and behavioral disorders due to use of hallucinogens: withdrawal state with delirium (disorder)"
"1452",192280001,"[X]Mental and behavioral disorders due to use of hallucinogens: psychotic disorder (disorder)"
"1453",192281002,"[X]Mental and behavioral disorders due to use of hallucinogens: amnesic syndrome (disorder)"
"1454",192283004,"[X]Mental and behavioral disorders due to use of hallucinogens: other mental and behavioral disorders (disorder)"
"1455",192284005,"[X]Mental and behavioral disorders due to use of hallucinogens: unspecified mental and behavioral disorder (disorder)"
"1456",192285006,"[X]Mental and behavioral disorder due to use of tobacco (disorder)"
"1457",192286007,"[X]Mental and behavioral disorders due to use of tobacco: acute intoxication (disorder)"
"1458",192287003,"[X]Mental and behavioral disorders due to use of tobacco: harmful use (disorder)"
"1459",192288008,"[X]Mental and behavioral disorders due to use of tobacco: dependence syndrome (disorder)"
"1460",192289000,"[X]Mental and behavioral disorders due to use of tobacco: withdrawal state (disorder)"
"1461",192290009,"[X]Mental and behavioral disorders due to use of tobacco: withdrawal state with delirium (disorder)"
"1462",192291008,"[X]Mental and behavioral disorders due to use of tobacco: psychotic disorder (disorder)"
"1463",192292001,"[X]Mental and behavioral disorders due to use of tobacco: amnesic syndrome (disorder)"
"1464",192293006,"[X]Mental and behavioral disorders due to use of tobacco: residual and late-onset psychotic disorder (disorder)"
"1465",192294000,"[X]Mental and behavioral disorders due to use of tobacco: other mental and behavioral disorders (disorder)"
"1466",192295004,"[X]Mental and behavioral disorders due to use of tobacco: unspecified mental and behavioral disorder (disorder)"
"1467",192296003,"[X]Mental and behavioral disorders due to use of volatile solvents (disorder)"
"1468",192297007,"[X]Mental and behavioral disorders due to use of volatile solvents: acute intoxication (disorder)"
"1469",192298002,"[X]Mental and behavioral disorders due to use of volatile solvents: harmful use (disorder)"
"1470",192300002,"[X]Mental and behavioral disorders due to use of volatile solvents: withdrawal state (disorder)"
"1471",192301003,"[X]Mental and behavioral disorders due to use of volatile solvents: withdrawal state with delirium (disorder)"
"1472",192302005,"[X]Mental and behavioral disorders due to use of volatile solvents: psychotic disorder (disorder)"
"1473",192303000,"[X]Mental and behavioral disorders due to use of volatile solvents: amnesic syndrome (disorder)"
"1474",192304006,"[X]Mental and behavioral disorders due to use of volatile solvents: residual and late-onset psychotic disorder (disorder)"
"1475",192305007,"[X]Mental and behavioral disorders due to use of volatile solvents: other mental and behavioral disorders (disorder)"
"1476",192306008,"[X]Mental and behavioral disorders due to use of volatile solvents: unspecified mental and behavioral disorder (disorder)"
"1477",192307004,"[X]Mental and behavioral disorders due to multiple drug use and use of other psychoactive substances (disorder)"
"1478",192308009,"[X]Mental and behavioral disorders due to multiple drug use and use of other psychoactive substances: acute intoxication (disorder)"
"1479",192309001,"[X]Mental and behavioral disorders due to multiple drug use and use of other psychoactive substances: harmful use (disorder)"
"1480",192311005,"[X]Mental and behavioral disorders due to multiple drug use and use of other psychoactive substances: withdrawal state (disorder)"
"1481",192312003,"[X]Mental and behavioral disorders due to multiple drug use and use of other psychoactive substances: withdrawal state with delirium (disorder)"
"1482",192313008,"[X]Mental and behavioral disorders due to multiple drug use and use of other psychoactive substances: psychotic disorder (disorder)"
"1483",192314002,"[X]Mental and behavioral disorders due to multiple drug use and use of other psychoactive substances: amnesic syndrome (disorder)"
"1484",192315001,"[X]Mental and behavioral disorders due to multiple drug use and use of other psychoactive substances: residual and late-onset psychotic (disorder)"
"1485",192316000,"[X]Mental and behavioral disorders due to multiple drug use and use of other psychoactive substances: other mental and behavioral disorders (disorder)"
"1486",192317009,"[X]Mental and behavioral disorders due to multiple drug use and use of other psychoactive substances: unspecified mental and behavioral disorder (disorder)"
"1487",192318004,"[X]Schizophrenia, schizotypal and delusional disorders (disorder)"
"1488",192322009,"[X]Undifferentiated schizophrenia (disorder)"
"1489",192327003,"[X]Schizophrenia, unspecified (disorder)"
"1490",192332002,"[X]Persistent delusional disorder, unspecified (disorder)"
"1491",192335000,"[X]Acute polymorphic psychotic disorder with symptoms of schizophrenia (disorder)"
"1492",192339006,"[X]Other acute and transient psychotic disorders (disorder)"
"1493",192344004,"[X]Other schizoaffective disorders (disorder)"
"1494",192345003,"[X]Schizoaffective disorder, unspecified (disorder)"
"1495",192351008,"[X]Mania without psychotic symptoms (disorder)"
"1496",192353006,"[X]Other manic episodes (disorder)"
"1497",192356003,"[X]Bipolar affective disorder, current episode manic without psychotic symptoms (disorder)"
"1498",192357007,"[X]Bipolar affective disorder, current episode manic with psychotic symptoms (disorder)"
"1499",192358002,"[X]Bipolar affective disorder, current episode mild or moderate depression (disorder)"
"1500",192359005,"[X]Bipolar affective disorder, current episode severe depression without psychotic symptoms (disorder)"
"1501",192362008,"Bipolar affective disorder, current episode mixed (disorder)"
"1502",192363003,"[X]Bipolar affective disorder, currently in remission (disorder)"
"1503",192365005,"[X]Bipolar affective disorder, unspecified (disorder)"
"1504",192367002,"[X]Mild depressive episode (disorder)"
"1505",192368007,"[X]Moderate depressive episode (disorder)"
"1506",192375008,"[X]Recurrent depressive disorder, current episode mild (disorder)"
"1507",192376009,"[X]Recurrent depressive disorder, current episode moderate (disorder)"
"1508",192379002,"[X]Recurrent depressive disorder, currently in remission (disorder)"
"1509",192380004,"[X]Other recurrent depressive disorders (disorder)"
"1510",192392004,"[X]Neurotic, stress-related and somatoform disorders (disorder)"
"1511",192393009,"[X]Phobic anxiety disorders (disorder)"
"1512",192397005,"[X]Other phobic anxiety disorders (disorder)"
"1513",192398000,"[X]Phobic anxiety disorder, unspecified (disorder)"
"1514",192399008,"[X]Other anxiety disorders (disorder)"
"1515",192400001,"[X]Panic disorder [episodic paroxysmal anxiety] (disorder)"
"1516",192403004,"[X]Other mixed anxiety disorders (disorder)"
"1517",192405006,"[X]Anxiety disorder, unspecified (disorder)"
"1518",192407003,"[X]Predominantly obsessional thoughts or ruminations (disorder)"
"1519",192408008,"[X]Predominantly compulsive acts [obsessional rituals] (disorder)"
"1520",192409000,"[X]Mixed obsessional thoughts and acts (disorder)"
"1521",192410005,"[X]Other obsessive-compulsive disorders (disorder)"
"1522",192411009,"[X]Obsessive-compulsive disorder, unspecified (disorder)"
"1523",192417008,"[X]Other reactions to severe stress (disorder)"
"1524",192418003,"[X]Reaction to severe stress, unspecified (disorder)"
"1525",192419006,"[X]Dissociative [conversion] disorders (disorder)"
"1526",192423003,"[X]Trance and possession disorders (disorder)"
"1527",192427002,"[X]Mixed dissociative [conversion] disorders (disorder)"
"1528",192429004,"[X]Dissociative [conversion] disorder, unspecified (disorder)"
"1529",192437007,"[X]Somatoform disorder, unspecified (disorder)"
"1530",192438002,"[X]Other neurotic disorders (disorder)"
"1531",192442004,"[X]Neurotic disorder, unspecified (disorder)"
"1532",192443009,"[X]Behavioral syndromes associated with physiological disturbances and physical factors (disorder)"
"1533",192444003,"[X]Eating disorders (disorder)"
"1534",192450008,"Vomiting associated with other psychological disturbances (disorder)"
"1535",192452000,"[X]Eating disorder, unspecified (disorder)"
"1536",192465009,"[X]Sexual aversion and lack of sexual enjoyment (disorder)"
"1537",192472005,"[X]Other sexual dysfunction, not caused by organic disorder or disease (disorder)"
"1538",192473000,"[X]Unspecified sexual dysfunction not caused by organic disorder or disease (disorder)"
"1539",192474006,"[X]Mental and behavioral disorders associated with the puerperium, not elsewhere classified (disorder)"
"1540",192478009,"[X]Other mental and behavioral disorders associated with the puerperium, not elsewhere classified (disorder)"
"1541",192479001,"[X]Puerperal mental disorder, unspecified (disorder)"
"1542",192480003,"[X]Psychological and behavioral factors associated with disorders or diseases classified elsewhere (disorder)"
"1543",192482006,"[X]Unspecified behavioral syndromes associated with physiological disturbances and physical factors (disorder)"
"1544",192483001,"[X]Disorders of adult personality and behavior (disorder)"
"1545",192484007,"[X]Specific personality disorders (disorder)"
"1546",192494002,"[X]Personality disorder, unspecified (disorder)"
"1547",192495001,"[X]Mixed and other personality disorders (disorder)"
"1548",192505008,"[X]Other habit and impulse disorders (disorder)"
"1549",192506009,"[X]Habit and impulse disorder, unspecified (disorder)"
"1550",192507000,"[X]Gender identity disorders (disorder)"
"1551",192510007,"[X]Other gender identity disorders (disorder)"
"1552",192511006,"[X]Gender identity disorder, unspecified (disorder)"
"1553",192512004,"[X]Disorders of sexual preference (disorder)"
"1554",192518000,"[X]Multiple disorders of sexual preference (disorder)"
"1555",192520002,"[X]Disorder of sexual preference, unspecified (disorder)"
"1556",192521003,"[X]Psychological and behavioral disorders associated with sexual development and orientation (disorder)"
"1557",192522005,"[X]Sexual maturation disorder (disorder)"
"1558",192523000,"Sexual relationship disorder (disorder)"
"1559",192524006,"[X]Other psychosexual development disorders (disorder)"
"1560",192525007,"[X]Psychosexual development disorder, unspecified (disorder)"
"1561",192526008,"[X]Other disorders of adult personality and behavior (disorder)"
"1562",192527004,"Elaboration of physical symptoms for psychological reasons (disorder)"
"1563",192528009,"[X]Intentional production or feigning of symptoms or disabilities, either physical or psychological [factitious disorder] (disorder)"
"1564",192529001,"[X]Other specified disorders of adult personality and behavior (disorder)"
"1565",192530006,"[X]Unspecified disorder of adult personality and behavior (disorder)"
"1566",192533008,"[X]Mild mental retardation with the statement of no, or minimal, impairment of behavior (disorder)"
"1567",192534002,"[X]Mild mental retardation, significant impairment of behavior requiring attention or treatment (disorder)"
"1568",192535001,"[X]Mild mental retardation, other impairments of behavior (disorder)"
"1569",192536000,"[X]Mild mental retardation without mention of impairment of behavior (disorder)"
"1570",192538004,"[X]Moderate mental retardation with the statement of no, or minimal, impairment of behavior (disorder)"
"1571",192539007,"[X]Moderate mental retardation, significant impairment of behavior requiring attention or treatment (disorder)"
"1572",192540009,"[X]Mod retard oth behav impair (disorder)"
"1573",192541008,"[X]Moderate mental retardation without mention of impairment of behavior (disorder)"
"1574",192543006,"[X]Severe mental retardation with the statement of no, or minimal, impairment of behavior (disorder)"
"1575",192544000,"[X]Severe mental retardation, significant impairment of behavior requiring attention or treatment (disorder)"
"1576",192545004,"[X]Severe mental retardation, other impairments of behavior (disorder)"
"1577",192546003,"[X]Severe mental retardation without mention of impairment of behavior (disorder)"
"1578",192548002,"[X]Profound mental retardation with the statement of no, or minimal, impairment of behavior (disorder)"
"1579",192549005,"[X]Profound mental retardation, significant impairment of behavior requiring attention or treatment (disorder)"
"1580",192550005,"[X]Profound mental retardation, other impairments of behavior (disorder)"
"1581",192551009,"[X]Profound mental retardation without mention of impairment of behavior (disorder)"
"1582",192552002,"[X]Other mental retardation (disorder)"
"1583",192553007,"[X]Other mental retardation with the statement of no, or minimal, impairment of behavior (disorder)"
"1584",192554001,"[X]Other mental retardation, significant impairment of behavior requiring attention or treatment (disorder)"
"1585",192555000,"[X]Other mental retardation, other impairments of behavior (disorder)"
"1586",192556004,"[X]Other mental retardation without mention of impairment of behavior (disorder)"
"1587",192558003,"[X]Unspecified mental retardation with the statement of no, or minimal, impairment of behavior (disorder)"
"1588",192559006,"[X]Unspecified mental retardation, significant impairment of behavior requiring attention or treatment (disorder)"
"1589",192560001,"[X]Unspecified mental retardation, other impairments of behavior (disorder)"
"1590",192561002,"[X]Unspecified mental retardation without mention of impairment of behavior (disorder)"
"1591",192562009,"Disorder of psychological development (disorder)"
"1592",192570004,"[X]Specific developmental disorders of scholastic skills (disorder)"
"1593",192575009,"Mixed disorder of scholastic skills (disorder)"
"1594",192577001,"[X]Developmental disorder of scholastic skills, unspecified (disorder)"
"1595",192585005,"[X]Overactive disorder associated with mental retardation and stereotyped movements (disorder)"
"1596",192587002,"[X]Other pervasive developmental disorders (disorder)"
"1597",192588007,"[X]Pervasive developmental disorder, unspecified (disorder)"
"1598",192591007,"[X]Behavioral and emotional disorders with onset usually occurring in childhood and adolescence (disorder)"
"1599",192593005,"[X]Disturbance of activity and attention (disorder)"
"1600",192595003,"[X]Other hyperkinetic disorders (disorder)"
"1601",192596002,"[X]Hyperkinetic disorder, unspecified (disorder)"
"1602",192597006,"[X]Conduct disorders (disorder)"
"1603",192598001,"[X]Conduct disorder confined to the family context (disorder)"
"1604",192602004,"[X]Other conduct disorders (disorder)"
"1605",192604003,"[X]Mixed disorders of conduct and emotions (disorder)"
"1606",192609008,"[X]Emotional disorders with onset specific to childhood (disorder)"
"1607",192610003,"[X]Separation anxiety disorder of childhood (disorder)"
"1608",192611004,"Childhood phobic anxiety disorder (disorder)"
"1609",192615008,"[X]Childhood emotional disorder, unspecified (disorder)"
"1610",192616009,"Childhood or adolescent disorder of social functioning (disorder)"
"1611",192617000,"[X]Elective mutism (disorder)"
"1612",192619002,"[X]Other childhood disorders of social functioning (disorder)"
"1613",192620008,"[X]Childhood disorder of social functioning, unspecified (disorder)"
"1614",192623005,"[X]Chronic motor or vocal tic disorder (disorder)"
"1615",192627006,"[X]Other behavioral and emotional disorders with onset usually occurring in childhood and adolescence (disorder)"
"1616",192630004,"Psychogenic feeding disorder of infancy and childhood (disorder)"
"1617",192631000,"Pica of infancy and childhood (disorder)"
"1618",192635009,"[X]Other specified behavioral and emotional disorders with onset usually occurring in childhood and adolescence (disorder)"
"1619",192636005,"[X]Unspecified behavioral and emotional disorders with onset usually occurring in childhood and adolescence (disorder)"
"1620",192637001,"[X]Mental disorder, not otherwise specified (disorder)"
"1621",192638006,"Other specified mental disorders (disorder)"
"1622",192639003,"Mental disorders NOS (disorder)"
"1623",192818008,"Cerebral degeneration due to Creutzfeldt-Jakob disease (disorder)"
"1624",192860007,"North American blastomycosis (disorder)"
"1625",193756007,"Charles Bonnet syndrome (disorder)"
"1626",194481000,"[X]Other Alzheimer's disease (disorder)"
"1627",194931003,"Endocarditis - blastomycosis (disorder)"
"1628",196747007,"Cyclical vomiting NOS (disorder)"
"1629",197282000,"Alcoholic liver damage unspecified (disorder)"
"1630",197480006,"Anxiety disorder (disorder)"
"1631",197965008,"Blastomycotic prostatitis (disorder)"
"1632",198036002,"Impotence of organic origin (disorder)"
"1633",199251009,"Drug dependence - unspecified whether during pregnancy or the puerperium (disorder)"
"1634",199252002,"Drug dependence during pregnancy - baby delivered (disorder)"
"1635",199253007,"Drug dependence in the puerperium - baby delivered (disorder)"
"1636",199254001,"Drug dependence during pregnancy - baby not yet delivered (disorder)"
"1637",199255000,"Drug dependence in the puerperium - baby delivered during previous episode of care (disorder)"
"1638",199256004,"Drug dependence during pregnancy, childbirth or the puerperium NOS (disorder)"
"1639",199257008,"Mental disorders during pregnancy, childbirth and the puerperium (disorder)"
"1640",199258003,"Mental disorder - unspecified whether during pregnancy or the puerperium (disorder)"
"1641",199259006,"Mental disorder during pregnancy - baby delivered (disorder)"
"1642",199260001,"Mental disorder in the puerperium - baby delivered (disorder)"
"1643",199261002,"Mental disorder during pregnancy - baby not yet delivered (disorder)"
"1644",199262009,"Mental disorder in the puerperium - baby delivered during previous episode of care (disorder)"
"1645",199263004,"Mental disorder during pregnancy, childbirth or the puerperium NOS (disorder)"
"1646",205720009,"Fragile X chromosome (disorder)"
"1647",206129006,"Fetal or neonatal effect of maternal tranquilizers during labor and delivery (disorder)"
"1648",212633008,"Carbromal poisoning (disorder)"
"1649",212636000,"Glutethimide poisoning (disorder)"
"1650",212662009,"Benzodiazepine poisoning NOS (disorder)"
"1651",212664005,"Hydroxyzine poisoning (disorder)"
"1652",212670004,"Ecstasy poisoning (disorder)"
"1653",212671000,"Psychostimulant poisoning NOS (disorder)"
"1654",212674008,"Lobeline poisoning (disorder)"
"1655",212675009,"Analeptic poisoning NOS (disorder)"
"1656",212677001,"Other central nervous system stimulant poisoning (disorder)"
"1657",212678006,"Central nervous system stimulant poisoning NOS (disorder)"
"1658",212807002,"Grain alcohol causing toxic effect (disorder)"
"1659",212808007,"Ethyl alcohol causing toxic effect NOS (disorder)"
"1660",212937007,"Heat stroke and sunstroke (disorder)"
"1661",212939005,"Heat stroke or sunstroke NOS (disorder)"
"1662",216463005,"Accidental poisoning caused by heroin (disorder)"
"1663",216464004,"Accidental poisoning caused by methadone (disorder)"
"1664",216466002,"Accidental poisoning caused by codeine (disorder)"
"1665",216467006,"Accidental poisoning caused by pethidine (disorder)"
"1666",216468001,"Accidental poisoning caused by morphine (disorder)"
"1667",216469009,"Accidental poisoning caused by opium (disorder)"
"1668",216494005,"Accidental poisoning caused by pentazocine (disorder)"
"1669",216498008,"Accidental poisoning caused by amylobarbitone (disorder)"
"1670",216499000,"Accidental poisoning caused by barbitone (disorder)"
"1671",216501008,"Accidental poisoning caused by pentobarbitone (disorder)"
"1672",216503006,"Accidental poisoning caused by quinalbarbitone (disorder)"
"1673",216506003,"Accidental poisoning caused by chloral hydrate (disorder)"
"1674",216507007,"Accidental poisoning caused by paraldehyde (disorder)"
"1675",216513003,"Accidental poisoning caused by methaqualone compound (disorder)"
"1676",216514009,"Accidental poisoning caused by glutethimide (disorder)"
"1677",216531002,"Accidental poisoning caused by chlordiazepoxide (disorder)"
"1678",216532009,"Accidental poisoning caused by diazepam (disorder)"
"1679",216533004,"Accidental poisoning caused by flurazepam (disorder)"
"1680",216534005,"Accidental poisoning caused by lorazepam (disorder)"
"1681",216535006,"Accidental poisoning caused by medazepam (disorder)"
"1682",216536007,"Accidental poisoning caused by nitrazepam (disorder)"
"1683",216539000,"Accidental poisoning caused by hydroxyzine (disorder)"
"1684",216541004,"Accidental poisoning caused by meprobamate (disorder)"
"1685",216550002,"Accidental poisoning caused by hallucinogens (disorder)"
"1686",216551003,"Accidental poisoning caused by cannabis derivatives (disorder)"
"1687",216552005,"Accidental poisoning by lysergide, LSD (event)"
"1688",216553000,"Accidental poisoning by marijuana derivatives (event)"
"1689",216554006,"Accidental poisoning caused by mescaline (disorder)"
"1690",216555007,"Accidental poisoning caused by psilocin (disorder)"
"1691",216556008,"Accidental poisoning caused by psilocybin (disorder)"
"1692",216557004,"Accidental poisoning by hallucinogen NOS (event)"
"1693",216558009,"Accidental poisoning caused by psychostimulants (disorder)"
"1694",216559001,"Accidental poisoning caused by amphetamine (disorder)"
"1695",216560006,"Accidental poisoning caused by caffeine (disorder)"
"1696",216561005,"Accidental poisoning by psychostimulants NOS (event)"
"1697",216562003,"Accidental poisoning caused by central nervous system stimulants (disorder)"
"1698",216563008,"Accidental poisoning by analeptics (event)"
"1699",216564002,"Accidental poisoning caused by opiate antagonists (disorder)"
"1700",216565001,"Accidental poisoning by central nervous system stimulants NOS (event)"
"1701",216583009,"Accidental poisoning caused by cocaine (disorder)"
"1702",216627001,"Accidental poisoning caused by central appetite depressant (disorder)"
"1703",216633005,"Accidental poisoning caused by alcoholic beverage (disorder)"
"1704",216635003,"Accidental poisoning caused by denatured alcohol (disorder)"
"1705",216636002,"Accidental poisoning caused by methylated spirit (disorder)"
"1706",216638001,"Accidental poisoning by ethanol, NOS (event)"
"1707",216639009,"Accidental poisoning by ethyl alcohol NOS (event)"
"1708",218663005,"Adverse reaction caused by barbitone (disorder)"
"1709",218665003,"Adverse reaction caused by pentobarbitone (disorder)"
"1710",218669009,"Adverse reaction to barbiturate NOS (disorder)"
"1711",218675000,"Adverse reaction to chloral hydrate group NOS (disorder)"
"1712",218680009,"Adverse reaction caused by carbromal derivative (disorder)"
"1713",218682001,"Adverse reaction caused by methaqualone compound (disorder)"
"1714",218683006,"Adverse reaction caused by glutethimide group (disorder)"
"1715",218684000,"Adverse reaction to mixed sedatives NEC (disorder)"
"1716",218685004,"Adverse reaction to other sedatives and hypnotics (disorder)"
"1717",218688002,"Adverse reaction to avomine (disorder)"
"1718",218689005,"Adverse reaction to carbamate (disorder)"
"1719",218690001,"Adverse reaction to other sedatives and hypnotics NOS (disorder)"
"1720",218691002,"Adverse reaction to sedatvies and hypnotics, unspecified (disorder)"
"1721",218692009,"Adverse reaction to sleeping pill NOS (disorder)"
"1722",218693004,"Adverse reaction to sedative NOS (disorder)"
"1723",218694005,"Adverse reaction to sedative or hypnotic NOS (disorder)"
"1724",218730007,"Adverse reaction to central nervous system depressants and anesthetics NOS (disorder)"
"1725",218767004,"Adverse reaction to other major tranquilizer (disorder)"
"1726",218776006,"Adverse reaction to clorazepate dipotassium (disorder)"
"1727",218783004,"Adverse reaction to benzodiazepine-based tranquilizer NOS (disorder)"
"1728",218784005,"Adverse reaction to other tranquilizers (disorder)"
"1729",218789000,"Adverse reaction to tranquilizers NOS (disorder)"
"1730",218791008,"Adverse reaction caused by cannabis (disorder)"
"1731",218799005,"Adverse reaction caused by caffeine (disorder)"
"1732",218802001,"Adverse reaction to psychostimulant NOS (disorder)"
"1733",218808002,"Adverse reaction caused by lobeline (disorder)"
"1734",218811001,"Adverse reaction to analeptics NOS (disorder)"
"1735",218817002,"Adverse reaction to other central nervous system stimulants (disorder)"
"1736",218818007,"Adverse reaction to central nervous system stimulants NOS (disorder)"
"1737",223027008,"[X]Paraldehyde causing adverse effects in therapeutic use (disorder)"
"1738",223050002,"[X]Central nervous system stimulants causing adverse effects in therapeutic use, not elsewhere classified (disorder)"
"1739",223051003,"[X]Analeptics causing adverse effects in therapeutic use (disorder)"
"1740",223052005,"[X]Opioid receptor antagonists causing adverse effects in therapeutic use (disorder)"
"1741",223053000,"[X]Methylxanthines causing adverse effects in therapeutic use, not elsewhere classified (disorder)"
"1742",223055007,"[X]Other central nervous system stimulants causing adverse effects in therapeutic use (disorder)"
"1743",223056008,"[X]Unspecified central nervous system stimulants causing adverse effects in therapeutic use (disorder)"
"1744",225040001,"Localized dissociative amnesia (disorder)"
"1745",229025005,"Lindinism (disorder)"
"1746",229621000,"Disorder of fluency (disorder)"
"1747",229622007,"Dysfluency (disorder)"
"1748",229623002,"Developmental dysfluency (disorder)"
"1749",229625009,"Normal non-fluency (disorder)"
"1750",229629003,"Idiopathic stammering (disorder)"
"1751",229630008,"Psychogenic stammering (disorder)"
"1752",229631007,"Acquired stammering (disorder)"
"1753",229632000,"Neurogenic stammering (disorder)"
"1754",229675006,"Post-traumatic mutism (disorder)"
"1755",229683000,"Motor speech disorder (disorder)"
"1756",229698003,"Articulatory dyspraxia (disorder)"
"1757",229699006,"Immature articulatory praxis (disorder)"
"1758",229700007,"Developmental motor speech disorder (disorder)"
"1759",229701006,"Developmental articulatory dyspraxia (disorder)"
"1760",229715008,"Deficits in attention motor control and perception (disorder)"
"1761",229718005,"Phonological delay (disorder)"
"1762",229720008,"Phonological programming deficit (disorder)"
"1763",229721007,"Speech delay (disorder)"
"1764",229729009,"Developmental language impairment (disorder)"
"1765",229730004,"Expressive language impairment (disorder)"
"1766",229731000,"Receptive language impairment (disorder)"
"1767",229732007,"Phonological syntactic disorder (disorder)"
"1768",229733002,"Expressive language disorder (disorder)"
"1769",229734008,"Expressive language delay (disorder)"
"1770",229736005,"Receptive language delay (disorder)"
"1771",229738006,"Word finding difficulty (disorder)"
"1772",229740001,"Delayed pre-verbal development (disorder)"
"1773",229741002,"Restricted language development (disorder)"
"1774",229742009,"Restricted expressive language development (disorder)"
"1775",229743004,"Restricted receptive language development (disorder)"
"1776",229744005,"Developmental syntactic impairment (disorder)"
"1777",229745006,"Developmental semantic impairment (disorder)"
"1778",229748008,"Congenital auditory imperception (disorder)"
"1779",230192003,"Limbic encephalitis (disorder)"
"1780",230265002,"Familial Alzheimer's disease of early onset (disorder)"
"1781",230266001,"Non-familial Alzheimer's disease of early onset (disorder)"
"1782",230267005,"Familial Alzheimer's disease of late onset (disorder)"
"1783",230268000,"Non-familial Alzheimer's disease of late onset (disorder)"
"1784",230269008,"Focal Alzheimer's disease (disorder)"
"1785",230270009,"Frontotemporal dementia (disorder)"
"1786",230271008,"Pick's disease with Pick bodies (disorder)"
"1787",230272001,"Pick's disease with Pick cells and no Pick bodies (disorder)"
"1788",230273006,"Frontotemporal degeneration (disorder)"
"1789",230274000,"Frontal lobe degeneration with motor neurone disease (disorder)"
"1790",230278002,"Progressive aphasia (disorder)"
"1791",230279005,"Non-Alzheimer's progressive dysphasia (disorder)"
"1792",230280008,"Progressive aphasia in Alzheimer's disease (disorder)"
"1793",230281007,"Argyrophilic grain disease (disorder)"
"1794",230282000,"Post-traumatic dementia (disorder)"
"1795",230283005,"Punch drunk syndrome (disorder)"
"1796",230284004,"Spongiform encephalopathy (disorder)"
"1797",230285003,"Vascular dementia of acute onset (disorder)"
"1798",230286002,"Subcortical vascular dementia (disorder)"
"1799",230287006,"Mixed cortical and subcortical vascular dementia (disorder)"
"1800",230288001,"Semantic dementia (disorder)"
"1801",230289009,"Patchy dementia (disorder)"
"1802",230290000,"Epileptic dementia (disorder)"
"1803",230299004,"Juvenile onset Huntington's disease (disorder)"
"1804",230300007,"Late onset Huntington's disease (disorder)"
"1805",230301006,"Akinetic-rigid form of Huntington's disease (disorder)"
"1806",230334008,"Tic caused by drug (disorder)"
"1807",230335009,"Facial tic disorder (disorder)"
"1808",230336005,"Vocal tic disorder (disorder)"
"1809",230337001,"Motor tic disorder (disorder)"
"1810",230338006,"Gestural tic disorder (disorder)"
"1811",230438007,"Acquired epileptic aphasia (disorder)"
"1812",230443000,"Narcotic withdrawal epilepsy (disorder)"
"1813",230455006,"Self-induced non-photosensitive epilepsy (disorder)"
"1814",230539002,"Cluster tic syndrome (disorder)"
"1815",230782004,"Dysequilibrium syndrome (disorder)"
"1816",231436002,"Psychotic episode NOS (disorder)"
"1817",231437006,"Reactive psychoses (disorder)"
"1818",231438001,"Presbyophrenic psychosis (disorder)"
"1819",231439009,"Toxic confusional state (disorder)"
"1820",231440006,"Delirium of mixed origin (disorder)"
"1821",231442003,"Organic catatonic disorder (disorder)"
"1822",231443008,"Right hemispheric organic affective disorder (disorder)"
"1823",231444002,"Organic bipolar disorder (disorder)"
"1824",231445001,"Organic dissociative disorder (disorder)"
"1825",231446000,"Organic emotionally labile disorder (disorder)"
"1826",231448004,"Age-associated memory impairment (disorder)"
"1827",231449007,"Epileptic psychosis (disorder)"
"1828",231450007,"Psychosis associated with intensive care (disorder)"
"1829",231451006,"Drug-induced intensive care psychosis (disorder)"
"1830",231452004,"Limbic epilepsy personality syndrome (disorder)"
"1831",231453009,"Lobotomy syndrome (disorder)"
"1832",231454003,"Organic pseudopsychopathic personality (disorder)"
"1833",231455002,"Organic pseudoretarded personality (disorder)"
"1834",231456001,"Postleucotomy syndrome (disorder)"
"1835",231457005,"Organic psychosyndrome (disorder)"
"1836",231458000,"Abuse of steroids (disorder)"
"1837",231459008,"Harmful pattern of use of non-psychotropic analgesic medication (disorder)"
"1838",231461004,"Hypnotic or anxiolytic abuse (disorder)"
"1839",231462006,"Harmful pattern of use of barbiturate (disorder)"
"1840",231463001,"Alcoholic dementia NOS (disorder)"
"1841",231464007,"Inebriety NOS (disorder)"
"1842",231465008,"Drunkenness NOS (disorder)"
"1843",231466009,"Acute drug intoxication (disorder)"
"1844",231467000,"Absinthe addiction (disorder)"
"1845",231468005,"Lysergic acid diethylamide dependence (disorder)"
"1846",231469002,"Mescaline dependence (disorder)"
"1847",231470001,"Anxiolytic dependence (disorder)"
"1848",231472009,"Barbiturate dependence (disorder)"
"1849",231473004,"Benzodiazepine dependence (disorder)"
"1850",231474005,"Diazepam dependence (disorder)"
"1851",231475006,"Librium dependence (disorder)"
"1852",231477003,"Dependence on diamorphine (disorder)"
"1853",231478008,"Methadone dependence (disorder)"
"1854",231479000,"Morphine dependence (disorder)"
"1855",231480002,"Opium dependence (disorder)"
"1856",231481003,"Controlled drug dependence (disorder)"
"1857",231482005,"Active drug dependence (disorder)"
"1858",231484006,"Childhood schizophrenia NOS (disorder)"
"1859",231485007,"Post-schizophrenic depression (disorder)"
"1860",231487004,"Persistent delusional disorder (disorder)"
"1861",231489001,"Acute transient psychotic disorder (disorder)"
"1862",231494001,"Mania (disorder)"
"1863",231495000,"Manic stupor (disorder)"
"1864",231496004,"Hypomania (disorder)"
"1865",231499006,"Endogenous depression first episode (disorder)"
"1866",231500002,"Masked depression (disorder)"
"1867",231504006,"Mixed anxiety and depressive disorder (disorder)"
"1868",231509001,"Dissociative astasia-abasia (disorder)"
"1869",231515001,"Hypochondriacal pain (disorder)"
"1870",231516000,"Cutaneous hypochondriasis (disorder)"
"1871",231517009,"Somatoform autonomic dysfunction (disorder)"
"1872",231518004,"Globus abdominalis (disorder)"
"1873",231519007,"Depersonalization-derealization syndrome (disorder)"
"1874",231520001,"Behavioral syndrome associated with physiological disturbance and physical factors (disorder)"
"1875",231521002,"Weight fixation (disorder)"
"1876",231522009,"Atypical anorexia nervosa (disorder)"
"1877",231523004,"Atypical bulimia nervosa (disorder)"
"1878",231524005,"Interictal behavior disorder (disorder)"
"1879",231525006,"Manipulative personality disorder (disorder)"
"1880",231526007,"Fanatic personality (disorder)"
"1881",231527003,"Explosive personality disorder (disorder)"
"1882",231528008,"Anxious personality disorder (disorder)"
"1883",231530005,"Post-concussional personality disorder (disorder)"
"1884",231531009,"Dermatological pathomimicry (disorder)"
"1885",231532002,"Sexual disorder (disorder)"
"1886",231535000,"Language development disorder (disorder)"
"1887",231536004,"Atypical autism (disorder)"
"1888",231537008,"Developmental agnosia (disorder)"
"1889",231538003,"Behavioral and emotional disorder with onset in childhood (disorder)"
"1890",231539006,"Adolescent - emotional problem (disorder)"
"1891",231540008,"Conduct disorder - in family context (disorder)"
"1892",231541007,"Conduct disorder - unsocialized (disorder)"
"1893",231542000,"Depressive conduct disorder (disorder)"
"1894",231864002,"Conjunctivitis artefacta (disorder)"
"1895",232059000,"Laurence-Moon syndrome (disorder)"
"1896",233616001,"Pulmonary blastomycosis (disorder)"
"1897",233690008,"Factitious asthma (disorder)"
"1898",234146006,"Hennekam lymphangiectasia-lymphedema syndrome (disorder)"
"1899",235004005,"Gingivitis artefacta (disorder)"
"1900",235875008,"Alcoholic hepatitis (disorder)"
"1901",235880004,"Alcoholic fibrosis and sclerosis of liver (disorder)"
"1902",235881000,"Alcoholic hepatic failure (disorder)"
"1903",236529001,"Prune belly syndrome with pulmonic stenosis, intellectual disability and deafness (disorder)"
"1904",236667007,"Psychogenic urinary incontinence (disorder)"
"1905",236751006,"Drug-induced impotence (disorder)"
"1906",236752004,"Endocrine impotence (disorder)"
"1907",236753009,"Neuropathic impotence (disorder)"
"1908",237228001,"Pregnancy and drug dependence (disorder)"
"1909",237349002,"Mild postnatal depression (disorder)"
"1910",237350002,"Severe postnatal depression (disorder)"
"1911",237351003,"Mild postnatal psychosis (disorder)"
"1912",237352005,"Severe postnatal psychosis (disorder)"
"1913",237705001,"Hypophysitis (disorder)"
"1914",237706000,"Autoimmune hypophysitis (disorder)"
"1915",237707009,"Lymphocytic hypophysitis of pregnancy (disorder)"
"1916",237708004,"Granulomatous giant-cell hypophysitis (disorder)"
"1917",238110009,"Nutritional mental retardation (disorder)"
"1918",238440001,"Primary cutaneous blastomycosis (disorder)"
"1919",238884009,"Factitial panniculitis (disorder)"
"1920",238958004,"Repetitive self-excoriation (disorder)"
"1921",238959007,"Disorders of cutaneous image and perception (disorder)"
"1922",238960002,"Dermatological non-disease (disorder)"
"1923",238961003,"Trichophobia (disorder)"
"1924",238965007,"Venereophobia (disorder)"
"1925",238966008,"Syphilophobia (disorder)"
"1926",238967004,"Psychogenic sensory disturbance of skin (disorder)"
"1927",238968009,"Vulvodynia (disorder)"
"1928",238969001,"Burning scrotum syndrome (disorder)"
"1929",238971001,"Perineal itch syndrome (disorder)"
"1930",238972008,"Cutaneous monosymptomatic delusional psychosis (disorder)"
"1931",238973003,"Delusions of parasitosis (disorder)"
"1932",238974009,"Delusions of infestation (disorder)"
"1933",238975005,"Delusion of foul odor (disorder)"
"1934",238976006,"Bromisodrophobia (disorder)"
"1935",238977002,"Delusional hyperhidrosis (disorder)"
"1936",238978007,"Hyperschemazia (disorder)"
"1937",238979004,"Hyposchemazia (disorder)"
"1938",240747003,"Chronic pulmonary blastomycosis (disorder)"
"1939",240748008,"Disseminated cutaneous blastomycosis (disorder)"
"1940",241750009,"Poisoning caused by dihydrocodeine (disorder)"
"1941",241752001,"Poisoning by co-proxamol (disorder)"
"1942",241757007,"Poisoning caused by temazepam (disorder)"
"1943",241761001,"Poisoning caused by crack cocaine (disorder)"
"1944",242253008,"Overdose of opiate (disorder)"
"1945",242257009,"Accidental overdose of ecstasy (disorder)"
"1946",242827009,"Deliberate overdose of co-proxamol (disorder)"
"1947",242828004,"Intentional opiate analgesic overdose (disorder)"
"1948",242829007,"Intentional diamorphine overdose (disorder)"
"1949",242830002,"Intentional dihydrocodeine overdose (disorder)"
"1950",242831003,"Intentional methadone overdose (disorder)"
"1951",242832005,"Intentional benzodiazepine overdose (disorder)"
"1952",242833000,"Intentional diazepam overdose (disorder)"
"1953",242834006,"Intentional chlordiazepoxide overdose (disorder)"
"1954",242835007,"Intentional temazepam overdose (disorder)"
"1955",247364000,"Psychosomatic rheumatism (disorder)"
"1956",247803002,"Seasonal affective disorder (disorder)"
"1957",247804008,"Schizophrenic prodrome (disorder)"
"1958",247850006,"Fear of enclosed spaces (finding)"
"1959",247851005,"Fear of tunnels (finding)"
"1960",247852003,"Fear of phone boxes (finding)"
"1961",247853008,"Fear of flying (finding)"
"1962",247854002,"Flying phobia (finding)"
"1963",248103001,"Flashing (disorder)"
"1964",248118000,"Self-induced purging to lose weight (disorder)"
"1965",248119008,"Abuse of drugs to lose weight (disorder)"
"1966",249520001,"Self-induced purging (disorder)"
"1967",253176002,"Gillespie syndrome (disorder)"
"1968",254247000,"Fetal benzodiazepine syndrome (disorder)"
"1969",254250002,"Fetal cocaine syndrome (disorder)"
"1970",254287005,"FRAXA (disorder)"
"1971",254288000,"FRAXE (disorder)"
"1972",266467008,"Alcoholic cirrhosis of liver (disorder)"
"1973",266538005,"Alcoholic liver damage NOS (disorder)"
"1974",267054006,"Soiling - encopresis (disorder)"
"1975",267206008,"Drug dependence during pregnancy, childbirth and the puerperium (disorder)"
"1976",267320004,"Pregnancy with mental disorders (disorder)"
"1977",267414004,"Jumping disease (disorder)"
"1978",268612007,"Senile and presenile organic psychotic conditions (disorder)"
"1979",268614008,"Other senile and presenile organic psychoses (disorder)"
"1980",268615009,"Other alcoholic dementia (disorder)"
"1981",268617001,"Acute schizophrenic episode (disorder)"
"1982",268618006,"Other schizophrenia (disorder)"
"1983",268619003,"Manic disorder, single episode (disorder)"
"1984",268620009,"Single major depressive episode (disorder)"
"1985",268621008,"Recurrent major depressive episodes (disorder)"
"1986",268622001,"Chronic paranoid psychosis (disorder)"
"1987",268623006,"Other non-organic psychoses (disorder)"
"1988",268624000,"Acute paranoid reaction (disorder)"
"1989",268625004,"Non-organic psychosis NOS (disorder)"
"1990",268626003,"Child psychosis NOS (disorder)"
"1991",268628002,"Other conversion disorder (disorder)"
"1992",268629005,"Hysteria NOS (disorder)"
"1993",268632008,"Neurotic disorder NOS (disorder)"
"1994",268633003,"Introverted personality disorder (disorder)"
"1995",268634009,"Psychoneurotic personality disorder (disorder)"
"1996",268635005,"Other personality disorder NOS (disorder)"
"1997",268636006,"Personality disorder NOS (disorder)"
"1998",268640002,"Hypnotic or anxiolytic dependence (disorder)"
"1999",268641003,"Cannabis type drug dependence (disorder)"
"2000",268642005,"Amphetamine or other psychostimulant dependence (disorder)"
"2001",268644006,"Other specified drug dependence (disorder)"
"2002",268645007,"Nondependent harmful pattern of use of alcohol (disorder)"
"2003",268646008,"Nondependent harmful pattern of use of hallucinogen (disorder)"
"2004",268647004,"Nondependent hypnotic or anxiolytic abuse (disorder)"
"2005",268648009,"Nondependent amphetamine or other psychostimulant abuse (disorder)"
"2006",268649001,"Nondependent other drug abuse (disorder)"
"2007",268650001,"Somatoform autonomic dysfunction of gastrointestinal tract (disorder)"
"2008",268657003,"Acute stress reaction NOS (disorder)"
"2009",268658008,"Specific academic or work inhibition (disorder)"
"2010",268660005,"Disturbance of conduct NEC (disorder)"
"2011",268661009,"Nonaggressive unsocial conduct disorder (disorder)"
"2012",268662002,"Unsocial childhood truancy (disorder)"
"2013",268664001,"Childhood emotional disorder (disorder)"
"2014",268666004,"Childhood and adolescent disturbance with sensitivity (disorder)"
"2015",268667008,"Childhood and adolescent disturbance with shyness (disorder)"
"2016",268668003,"Childhood and adolescent disturbance with introversion (disorder)"
"2017",268669006,"Childhood and adolescent disturbance with elective mutism (disorder)"
"2018",268670007,"Childhood and adolescent sensitivity disturbance NOS (disorder)"
"2019",268671006,"Childhood and adolescent emotion disorder NOS (disorder)"
"2020",268672004,"Disorder of speech and language development (disorder)"
"2021",268673009,"Developmental aphasia (disorder)"
"2022",268675002,"[X]Unspecified dementia (disorder)"
"2023",268676001,"[X]Delirium, not induced by alcohol and other psychoactive subs (disorder)"
"2024",268677005,"[X]Other delirium (disorder)"
"2025",268678000,"[X]Other specified mental disorder due to brain damage and dysfunction and to physical disease (disorder)"
"2026",268679008,"[X]Unspecified mental disorder due to brain damage and dysfunction and to physical disease (disorder)"
"2027",268680006,"[X]Other organic personality and behavioral disorders due to brain disease, damage and dysfunction (disorder)"
"2028",268681005,"[X]Unspecified organic personality and behavioral disorder due to brain disease, damage and dysfunction (disorder)"
"2029",268682003,"[X]Unspecified organic or symptomatic mental disorder (disorder)"
"2030",268683008,"[X]Mental and behavioral disorders due to use of alcohol: dependence syndrome (disorder)"
"2031",268684002,"[X]Mental and behavioral disorders due to use of alcohol: psychotic disorder (disorder)"
"2032",268685001,"[X]Mental and behavioral disorders due to use of alcohol: residual and late-onset psychotic disorder (disorder)"
"2033",268686000,"[X]Mental and behavioral disorders due to use of opioids: dependence syndrome (disorder)"
"2034",268687009,"[X]Mental and behavioral disorders due to use of opioids: withdrawal state (disorder)"
"2035",268688004,"[X]Mental and behavioral disorders due to use of other stimulants, including caffeine: dependence syndrome (disorder)"
"2036",268689007,"[X]Mental and behavioral disorders due to use of hallucinogens: residual and late-onset psychotic disorder (disorder)"
"2037",268690003,"[X]Mental and behavioral disorders due to multiple drug use and use of other psychoactive substances: dependence syndrome (disorder)"
"2038",268691004,"[X]Other schizophrenia (disorder)"
"2039",268692006,"[X]Schizotypal disorder (disorder)"
"2040",268693001,"[X]Other persistent delusional disorders (disorder)"
"2041",268694007,"[X]Acute polymorphic psychotic disorder without symptoms of schizophrenia (disorder)"
"2042",268695008,"[X]Other acute predominantly delusional psychotic disorders (disorder)"
"2043",268696009,"[X]Acute and transient psychotic disorder, unspecified (disorder)"
"2044",268697000,"[X]Other non-organic psychotic disorders (disorder)"
"2045",268698005,"[X]Unspecified nonorganic psychosis (disorder)"
"2046",268699002,"[X]Mania with psychotic symptoms (disorder)"
"2047",268700001,"[X]Manic episode, unspecified (disorder)"
"2048",268701002,"[X]Other bipolar affective disorders (disorder)"
"2049",268702009,"[X]Severe depressive episode without psychotic symptoms (disorder)"
"2050",268704005,"[X]Severe depressive episode with psychotic symptoms (disorder)"
"2051",268705006,"[X]Other depressive episodes (disorder)"
"2052",268706007,"[X]Depressive episode, unspecified (disorder)"
"2053",268707003,"[X]Recurrent depressive disorder (disorder)"
"2054",268708008,"[X]Recurrent depressive disorder, current episode severe without psychotic symptoms (disorder)"
"2055",268709000,"[X]Recurrent depressive disorder, current episode severe with psychotic symptoms (disorder)"
"2056",268710005,"[X]Recurrent depressive disorder, unspecified (disorder)"
"2057",268713007,"[X]Unspecified mood affective disorder (disorder)"
"2058",268714001,"[X]Other specified anxiety disorders (disorder)"
"2059",268715000,"Dissociative motor disorder (disorder)"
"2060",268716004,"[X]Dissociative anesthesia and sensory loss (disorder)"
"2061",268717008,"[X]Other dissociative [conversion] disorders (disorder)"
"2062",268718003,"[X]Persistent somatoform pain disorder (disorder)"
"2063",268719006,"[X]Other somatoform disorders (disorder)"
"2064",268720000,"[X]Other specified neurotic disorders (disorder)"
"2065",268721001,"[X]Other eating disorders (disorder)"
"2066",268724009,"Excessive sexual drive (disorder)"
"2067",268725005,"[X]Mild mental and behavioral disorders associated with the puerperium, not elsewhere classified (disorder)"
"2068",268726006,"[X]Severe mental and behavioral disorders associated with the puerperium, not elsewhere classified (disorder)"
"2069",268727002,"Abuse of non-dependence-producing substances (disorder)"
"2070",268728007,"[X]Other specific personality disorders (disorder)"
"2071",268731008,"[X]Other disorders of sexual preference (disorder)"
"2072",268732001,"[X]Unspecified mental retardation (disorder)"
"2073",268733006,"Developmental speech articulation disorder (disorder)"
"2074",268734000,"Developmental expressive language disorder (disorder)"
"2075",268735004,"[X]Receptive language disorder (disorder)"
"2076",268736003,"[X]Other developmental disorders of speech and language (disorder)"
"2077",268737007,"[X]Developmental disorder of speech and language, unspecified (disorder)"
"2078",268738002,"Specific spelling disorder (disorder)"
"2079",268739005,"[X]Other developmental disorders of scholastic skills (disorder)"
"2080",268740007,"[X]Other childhood disintegrative disorder (disorder)"
"2081",268742004,"[X]Other mixed disorders of conduct and emotions (disorder)"
"2082",268743009,"[X]Other childhood emotional disorders (disorder)"
"2083",268957000,"Neurotic condition, insight present (disorder)"
"2084",268958005,"Poor insight into neurotic condition (disorder)"
"2085",269276002,"Heat stroke, unspecified (disorder)"
"2086",270901009,"Schizoaffective disorder, mixed type (disorder)"
"2087",270902002,"Overeating associated with other psychological disturbances (disorder)"
"2088",270903007,"Lack or loss of sexual desire (disorder)"
"2089",270905000,"Childhood disinhibited attachment disorder (disorder)"
"2090",271082005,"[X]Mental and behavioral disorders due to use of volatile solvents: dependence syndrome (disorder)"
"2091",271428004,"Schizoaffective disorder, manic type (disorder)"
"2092",271439001,"[X]Mental and behavioral disorders due to use of hallucinogens: dependence syndrome (disorder)"
"2093",271952001,"Stress and adjustment reaction (disorder)"
"2094",274254005,"[D]Encopresis (situation)"
"2095",274948002,"Endogenous depression - recurrent (disorder)"
"2096",274949005,"Self-inflicted skin lesions (disorder)"
"2097",274950005,"Sleep related bruxism (disorder)"
"2098",274952002,"Borderline schizophrenia (disorder)"
"2099",274953007,"Acute polymorphic psychotic disorder (disorder)"
"2100",275446004,"Gardner-Diamond syndrome (disorder)"
"2101",275471001,"Psychostimulant dependence (disorder)"
"2102",275472008,"Psychogenic dysphonia (disorder)"
"2103",275473003,"Specific work inhibition (disorder)"
"2104",275474009,"Psychogenic overeating (disorder)"
"2105",276241001,"Fear of heights (finding)"
"2106",276296007,"Dissociative trance (disorder)"
"2107",276297003,"Dissociative possession disorder (disorder)"
"2108",276300008,"Dissociative stupor (disorder)"
"2109",278506006,"Involutional paranoid state (disorder)"
"2110",278508007,"Delusional dysmorphophobia (disorder)"
"2111",278852008,"Paranoid-hallucinatory epileptic psychosis (disorder)"
"2112",278853003,"Acute schizophrenia-like psychotic disorder (disorder)"
"2113",278857002,"Dementia of frontal lobe type (disorder)"
"2114",279225001,"Maternity blues (disorder)"
"2115",279611005,"Shell shock (disorder)"
"2116",279982005,"Cerebral degeneration presenting primarily with dementia (disorder)"
"2117",280032002,"Developmental language disorder (disorder)"
"2118",280375000,"Psychological disorder associated with sexual development (disorder)"
"2119",280377008,"Sexual maturation disorder of sexual identity (disorder)"
"2120",280378003,"Sexual maturation disorder of sexual orientation (disorder)"
"2121",280901000,"Couvade (disorder)"
"2122",280943007,"Dissociative confusion (disorder)"
"2123",280945000,"Derealization syndrome (disorder)"
"2124",280946004,"Occupational neurosis (disorder)"
"2125",280947008,"Examination phobia (disorder)"
"2126",280949006,"Erotomania (disorder)"
"2127",280982009,"Harmful pattern of use of laxative (disorder)"
"2128",280983004,"Harmful pattern of use of vitamin (disorder)"
"2129",280984005,"Harmful pattern of use of herbal medicine (disorder)"
"2130",280985006,"Harmful pattern of use of diuretic (disorder)"
"2131",280986007,"Harmful pattern of use of antacid (disorder)"
"2132",280994000,"Chronic confusional state (disorder)"
"2133",282347007,"Arteriopathic impotence (disorder)"
"2134",284591009,"Persistent alcohol abuse (disorder)"
"2135",286932008,"Other senile/presenile dementia (disorder)"
"2136",286933003,"Confusional state (disorder)"
"2137",286935005,"Cannabis/hallucinogen dependency (disorder)"
"2138",287166006,"Accidental poisoning with ethyl alcohol (event)"
"2139",290137009,"Acetaminophen and dextropropoxyphene poisoning (disorder)"
"2140",290138004,"Accidental acetaminophen and dextropropoxyphene poisoning (disorder)"
"2141",290139007,"Intentional acetaminophen and dextropropoxyphene poisoning (disorder)"
"2142",290140009,"Acetaminophen and dextropropoxyphene poisoning of undetermined intent (disorder)"
"2143",290141008,"Accidental poisoning by co-proxamol (event)"
"2144",290142001,"Intentional poisoning by co-proxamol (event)"
"2145",290143006,"Poisoning by co-proxamol of undetermined intent (disorder)"
"2146",290150005,"Accidental pentazocine poisoning (disorder)"
"2147",290151009,"Intentional pentazocine poisoning (event)"
"2148",290152002,"Pentazocine poisoning of undetermined intent (disorder)"
"2149",290153007,"Phenazocine poisoning (disorder)"
"2150",290154001,"Accidental phenazocine poisoning (event)"
"2151",290155000,"Intentional phenazocine poisoning (event)"
"2152",290156004,"Phenazocine poisoning of undetermined intent (disorder)"
"2153",290157008,"Methadone analog poisoning (disorder)"
"2154",290158003,"Dextromoramide poisoning (disorder)"
"2155",290159006,"Accidental dextromoramide poisoning (event)"
"2156",290160001,"Intentional dextromoramide poisoning (event)"
"2157",290161002,"Dextromoramide poisoning of undetermined intent (disorder)"
"2158",290162009,"Dextropropoxyphene poisoning (disorder)"
"2159",290163004,"Accidental dextropropoxyphene poisoning (event)"
"2160",290164005,"Intentional dextropropoxyphene poisoning (event)"
"2161",290165006,"Dextropropoxyphene poisoning of undetermined intent (disorder)"
"2162",290166007,"Dipipanone poisoning (disorder)"
"2163",290167003,"Accidental dipipanone poisoning (event)"
"2164",290168008,"Intentional dipipanone poisoning (event)"
"2165",290169000,"Dipipanone poisoning of undetermined intent (disorder)"
"2166",290170004,"Accidental methadone poisoning (disorder)"
"2167",290171000,"Intentional methadone poisoning (event)"
"2168",290172007,"Methadone poisoning of undetermined intent (disorder)"
"2169",290173002,"Morphinan opioid poisoning (disorder)"
"2170",290174008,"Buprenorphine poisoning (disorder)"
"2171",290175009,"Accidental buprenorphine poisoning (event)"
"2172",290176005,"Intentional buprenorphine poisoning (event)"
"2173",290177001,"Buprenorphine poisoning of undetermined intent (disorder)"
"2174",290178006,"Accidental codeine poisoning (disorder)"
"2175",290179003,"Intentional poisoning caused by codeine (disorder)"
"2176",290180000,"Poisoning caused by codeine of undetermined intent (disorder)"
"2177",290181001,"Accidental heroin poisoning (disorder)"
"2178",290182008,"Intentional heroin poisoning (event)"
"2179",290183003,"Heroin poisoning of undetermined intent (disorder)"
"2180",290184009,"Accidental poisoning caused by dihydrocodeine (disorder)"
"2181",290185005,"Intentional poisoning caused by dihydrocodeine (disorder)"
"2182",290186006,"Poisoning caused by dihydrocodeine of undetermined intent (disorder)"
"2183",290188007,"Nalbuphine poisoning (disorder)"
"2184",290189004,"Accidental nalbuphine poisoning (event)"
"2185",290190008,"Intentional nalbuphine poisoning (event)"
"2186",290191007,"Nalbuphine poisoning of undetermined intent (disorder)"
"2187",290192000,"Accidental morphine poisoning (disorder)"
"2188",290193005,"Intentional morphine poisoning (event)"
"2189",290194004,"Morphine poisoning of undetermined intent (disorder)"
"2190",290196002,"Pethidine analog poisoning (disorder)"
"2191",290197006,"Alfentanil poisoning (disorder)"
"2192",290198001,"Accidental alfentanil poisoning (event)"
"2193",290199009,"Intentional alfentanil poisoning (event)"
"2194",290200007,"Alfentanil poisoning of undetermined intent (disorder)"
"2195",290201006,"Fentanyl poisoning (disorder)"
"2196",290202004,"Accidental fentanyl poisoning (event)"
"2197",290203009,"Intentional fentanyl poisoning (event)"
"2198",290204003,"Fentanyl poisoning of undetermined intent (disorder)"
"2199",290205002,"Accidental pethidine poisoning (disorder)"
"2200",290206001,"Intentional pethidine poisoning (event)"
"2201",290207005,"Pethidine poisoning of undetermined intent (disorder)"
"2202",290208000,"Phenoperidine poisoning (disorder)"
"2203",290209008,"Accidental phenoperidine poisoning (event)"
"2204",290210003,"Intentional phenoperidine poisoning (event)"
"2205",290211004,"Phenoperidine poisoning of undetermined intent (disorder)"
"2206",290212006,"Meptazinol poisoning (disorder)"
"2207",290213001,"Accidental meptazinol poisoning (event)"
"2208",290214007,"Intentional meptazinol poisoning (event)"
"2209",290215008,"Meptazinol poisoning of undetermined intent (disorder)"
"2210",290216009,"Levorphanol poisoning (disorder)"
"2211",290217000,"Accidental levorphanol poisoning (event)"
"2212",290218005,"Intentional levorphanol poisoning (event)"
"2213",290219002,"Levorphanol poisoning of undetermined intent (disorder)"
"2214",290220008,"Accidental narcotic poisoning (event)"
"2215",290412009,"Nabilone poisoning (disorder)"
"2216",290413004,"Accidental nabilone poisoning (event)"
"2217",290414005,"Intentional nabilone poisoning (event)"
"2218",290415006,"Nabilone poisoning of undetermined intent (disorder)"
"2219",290491001,"Accidental ketamine poisoning (event)"
"2220",290492008,"Intentional ketamine poisoning (event)"
"2221",290493003,"Ketamine poisoning of undetermined intent (disorder)"
"2222",290543000,"Accidental cocaine poisoning (disorder)"
"2223",290544006,"Intentional cocaine poisoning (event)"
"2224",290545007,"Cocaine poisoning of undetermined intent (disorder)"
"2225",290830009,"Doxepin poisoning (disorder)"
"2226",290831008,"Accidental doxepin poisoning (event)"
"2227",290832001,"Intentional doxepin poisoning (event)"
"2228",290833006,"Doxepin poisoning of undetermined intent (disorder)"
"2229",290884007,"Venlafaxine poisoning (disorder)"
"2230",290885008,"Accidental venlafaxine poisoning (event)"
"2231",290886009,"Intentional venlafaxine poisoning (event)"
"2232",290887000,"Venlafaxine poisoning of undetermined intent (disorder)"
"2233",290893008,"Paroxetine poisoning (disorder)"
"2234",290894002,"Accidental paroxetine poisoning (event)"
"2235",290895001,"Intentional paroxetine poisoning (event)"
"2236",290896000,"Paroxetine poisoning of undetermined intent (disorder)"
"2237",290951008,"Methylphenobarbitone poisoning (disorder)"
"2238",290952001,"Accidental methylphenobarbitone poisoning (event)"
"2239",290953006,"Intentional methylphenobarbitone poisoning (event)"
"2240",290954000,"Methylphenobarbitone poisoning of undetermined intent (disorder)"
"2241",290980004,"Clonazepam poisoning (disorder)"
"2242",290981000,"Accidental clonazepam poisoning (event)"
"2243",290982007,"Intentional clonazepam poisoning (event)"
"2244",290983002,"Clonazepam poisoning of undetermined intent (disorder)"
"2245",290985009,"Zopiclone poisoning (disorder)"
"2246",290986005,"Accidental zopiclone poisoning (event)"
"2247",290987001,"Intentional zopiclone poisoning (event)"
"2248",290988006,"Zopiclone poisoning of undetermined intent (disorder)"
"2249",290989003,"Zolpidem poisoning (disorder)"
"2250",290990007,"Accidental zolpidem poisoning (event)"
"2251",290991006,"Intentional zolpidem poisoning (event)"
"2252",290992004,"Zolpidem poisoning of undetermined intent (disorder)"
"2253",290994003,"Chlormezanone poisoning (disorder)"
"2254",290995002,"Accidental chlormezanone poisoning (event)"
"2255",290996001,"Intentional chlormezanone poisoning (event)"
"2256",290997005,"Chlormezanone poisoning of undetermined intent (disorder)"
"2257",290998000,"Methyprylone poisoning (disorder)"
"2258",290999008,"Accidental methyprylone poisoning (event)"
"2259",291000007,"Intentional methyprylone poisoning (event)"
"2260",291001006,"Methyprylone poisoning of undetermined intent (disorder)"
"2261",291002004,"Accidental paraldehyde poisoning (disorder)"
"2262",291003009,"Intentional paraldehyde poisoning (event)"
"2263",291004003,"Paraldehyde poisoning of undetermined intent (disorder)"
"2264",291005002,"Accidental amylobarbitone poisoning (disorder)"
"2265",291006001,"Intentional amylobarbitone poisoning (event)"
"2266",291007005,"Amylobarbitone poisoning of undetermined intent (disorder)"
"2267",291015008,"Cyclobarbitone poisoning (disorder)"
"2268",291016009,"Accidental cyclobarbitone poisoning (event)"
"2269",291017000,"Intentional cyclobarbitone poisoning (event)"
"2270",291018005,"Cyclobarbitone poisoning of undetermined intent (disorder)"
"2271",291019002,"Accidental quinalbarbitone poisoning (disorder)"
"2272",291020008,"Intentional quinalbarbitone poisoning (event)"
"2273",291021007,"Quinalbarbitone poisoning of undetermined intent (disorder)"
"2274",291022000,"Accidental barbitone poisoning (disorder)"
"2275",291023005,"Intentional barbitone poisoning (event)"
"2276",291024004,"Barbitone poisoning of undetermined intent (disorder)"
"2277",291025003,"Accidental pentobarbitone poisoning (disorder)"
"2278",291026002,"Intentional pentobarbitone poisoning (event)"
"2279",291027006,"Pentobarbitone poisoning of undetermined intent (disorder)"
"2280",291028001,"Flunitrazepam poisoning (disorder)"
"2281",291029009,"Accidental flunitrazepam poisoning (event)"
"2282",291030004,"Intentional flunitrazepam poisoning (event)"
"2283",291031000,"Flunitrazepam poisoning of undetermined intent (disorder)"
"2284",291032007,"Accidental flurazepam poisoning (disorder)"
"2285",291033002,"Intentional flurazepam poisoning (event)"
"2286",291034008,"Flurazepam poisoning of undetermined intent (disorder)"
"2287",291035009,"Loprazolam poisoning (disorder)"
"2288",291036005,"Accidental loprazolam poisoning (event)"
"2289",291037001,"Intentional loprazolam poisoning (event)"
"2290",291038006,"Loprazolam poisoning of undetermined intent (disorder)"
"2291",291039003,"Lormetazepam poisoning (disorder)"
"2292",291040001,"Accidental lormetazepam poisoning (event)"
"2293",291041002,"Intentional lormetazepam poisoning (event)"
"2294",291042009,"Lormetazepam poisoning of undetermined intent (disorder)"
"2295",291043004,"Accidental nitrazepam poisoning (disorder)"
"2296",291044005,"Intentional nitrazepam poisoning (event)"
"2297",291045006,"Nitrazepam poisoning of undetermined intent (disorder)"
"2298",291046007,"Triazolam poisoning (disorder)"
"2299",291047003,"Accidental triazolam poisoning (event)"
"2300",291048008,"Intentional triazolam poisoning (event)"
"2301",291049000,"Triazolam poisoning of undetermined intent (disorder)"
"2302",291050000,"Alprazolam poisoning (disorder)"
"2303",291051001,"Accidental alprazolam poisoning (event)"
"2304",291052008,"Intentional alprazolam poisoning (event)"
"2305",291053003,"Alprazolam poisoning of undetermined intent (disorder)"
"2306",291054009,"Bromazepam poisoning (disorder)"
"2307",291055005,"Accidental bromazepam poisoning (event)"
"2308",291056006,"Intentional bromazepam poisoning (event)"
"2309",291057002,"Bromazepam poisoning of undetermined intent (disorder)"
"2310",291058007,"Accidental chlordiazepoxide poisoning (disorder)"
"2311",291059004,"Intentional chlordiazepoxide poisoning (event)"
"2312",291060009,"Chlordiazepoxide poisoning of undetermined intent (disorder)"
"2313",291061008,"Clobazam poisoning (disorder)"
"2314",291062001,"Accidental clobazam poisoning (event)"
"2315",291063006,"Intentional clobazam poisoning (event)"
"2316",291064000,"Clobazam poisoning of undetermined intent (disorder)"
"2317",291065004,"Potassium clorazepate poisoning (disorder)"
"2318",291066003,"Accidental potassium clorazepate poisoning (event)"
"2319",291067007,"Intentional potassium clorazepate poisoning (event)"
"2320",291068002,"Potassium clorazepate poisoning of undetermined intent (disorder)"
"2321",291069005,"Ketazolam poisoning (disorder)"
"2322",291070006,"Accidental ketazolam poisoning (event)"
"2323",291071005,"Intentional ketazolam poisoning (event)"
"2324",291072003,"Ketazolam poisoning of undetermined intent (disorder)"
"2325",291073008,"Accidental medazepam poisoning (disorder)"
"2326",291074002,"Intentional medazepam poisoning (event)"
"2327",291075001,"Medazepam poisoning of undetermined intent (disorder)"
"2328",291076000,"Oxazepam poisoning (disorder)"
"2329",291077009,"Accidental oxazepam poisoning (event)"
"2330",291078004,"Intentional oxazepam poisoning (event)"
"2331",291079007,"Oxazepam poisoning of undetermined intent (disorder)"
"2332",291080005,"Prazepam poisoning (disorder)"
"2333",291081009,"Accidental prazepam poisoning (event)"
"2334",291082002,"Intentional prazepam poisoning (event)"
"2335",291083007,"Prazepam poisoning of undetermined intent (disorder)"
"2336",291084001,"Midazolam poisoning (disorder)"
"2337",291085000,"Accidental midazolam poisoning (event)"
"2338",291086004,"Intentional midazolam poisoning (event)"
"2339",291087008,"Midazolam poisoning of undetermined intent (disorder)"
"2340",291088003,"Accidental diazepam poisoning (disorder)"
"2341",291089006,"Intentional diazepam poisoning (event)"
"2342",291090002,"Diazepam poisoning of undetermined intent (disorder)"
"2343",291091003,"Accidental lorazepam poisoning (disorder)"
"2344",291092005,"Intentional lorazepam poisoning (event)"
"2345",291093000,"Lorazepam poisoning of undetermined intent (disorder)"
"2346",291094006,"Accidental poisoning caused by temazepam (disorder)"
"2347",291095007,"Intentional poisoning caused by temazepam (disorder)"
"2348",291096008,"Poisoning caused by temazepam of undetermined intent (disorder)"
"2349",291097004,"Accidental meprobamate poisoning (disorder)"
"2350",291098009,"Intentional meprobamate poisoning (event)"
"2351",291099001,"Meprobamate poisoning of undetermined intent (disorder)"
"2352",291100009,"Chloral sedative poisoning (disorder)"
"2353",291101008,"Accidental chloral hydrate poisoning (disorder)"
"2354",291102001,"Intentional chloral hydrate poisoning (event)"
"2355",291103006,"Chloral hydrate poisoning of undetermined intent (disorder)"
"2356",291104000,"Dichloralphenazone poisoning (disorder)"
"2357",291105004,"Accidental dichloralphenazone poisoning (event)"
"2358",291106003,"Intentional dichloralphenazone poisoning (event)"
"2359",291107007,"Dichloralphenazone poisoning of undetermined intent (disorder)"
"2360",291108002,"Triclofos sodium poisoning (disorder)"
"2361",291110000,"Accidental triclofos sodium poisoning (event)"
"2362",291111001,"Intentional triclofos sodium poisoning (event)"
"2363",291112008,"Triclofos sodium poisoning of undetermined intent (disorder)"
"2364",291113003,"Buspirone poisoning (disorder)"
"2365",291114009,"Accidental buspirone poisoning (event)"
"2366",291115005,"Intentional buspirone poisoning (event)"
"2367",291116006,"Buspirone poisoning of undetermined intent (disorder)"
"2368",291117002,"Chlormethiazole poisoning (disorder)"
"2369",291118007,"Accidental chlormethiazole poisoning (event)"
"2370",291119004,"Intentional chlormethiazole poisoning (event)"
"2371",291120005,"Chlormethiazole poisoning of undetermined intent (disorder)"
"2372",291240006,"Accidental amphetamine poisoning (disorder)"
"2373",291241005,"Intentional amphetamine poisoning (event)"
"2374",291242003,"Amphetamine poisoning of undetermined intent (disorder)"
"2375",291246000,"Accidental cannabis poisoning (event)"
"2376",291247009,"Intentional cannabis poisoning (event)"
"2377",291248004,"Cannabis poisoning of undetermined intent (disorder)"
"2378",291249007,"Accidental poisoning by lysergic acid (event)"
"2379",291250007,"Intentional poisoning by lysergic acid (event)"
"2380",291251006,"Poisoning by lysergic acid of undetermined intent (disorder)"
"2381",291252004,"Accidental psilocybin poisoning (disorder)"
"2382",291253009,"Intentional psilocybin poisoning (event)"
"2383",291254003,"Psilocybin poisoning of undetermined intent (disorder)"
"2384",291255002,"Accidental mescaline poisoning (disorder)"
"2385",291256001,"Intentional mescaline poisoning (event)"
"2386",291257005,"Mescaline poisoning of undetermined intent (disorder)"
"2387",291258000,"Accidental ecstasy poisoning (event)"
"2388",291259008,"Intentional ecstasy poisoning (event)"
"2389",291260003,"Ecstasy poisoning of undetermined intent (disorder)"
"2390",291261004,"Accidental poisoning caused by crack cocaine (disorder)"
"2391",291263001,"Intentional poisoning caused by crack cocaine (disorder)"
"2392",291264007,"Poisoning caused by crack cocaine of undetermined intent (disorder)"
"2393",291265008,"Accidental caffeine poisoning (disorder)"
"2394",291266009,"Intentional caffeine poisoning (event)"
"2395",291267000,"Caffeine poisoning of undetermined intent (disorder)"
"2396",291335001,"Accidental nikethamide poisoning (event)"
"2397",291336000,"Intentional nikethamide poisoning (event)"
"2398",291337009,"Nikethamide poisoning of undetermined intent (disorder)"
"2399",291348002,"Accidental dextromethorphan poisoning (event)"
"2400",291402005,"Accidental naloxone poisoning (event)"
"2401",291405007,"Accidental levallorphan poisoning (event)"
"2402",291408009,"Accidental nalorphine poisoning (event)"
"2403",292131000,"Nabilone adverse reaction (disorder)"
"2404",292181009,"Cocaine adverse reaction (disorder)"
"2405",292261002,"Phentermine adverse reaction (disorder)"
"2406",292262009,"Dexfenfluramine adverse reaction (disorder)"
"2407",292263004,"Diethylpropion adverse reaction (disorder)"
"2408",292264005,"Fenfluramine adverse reaction (disorder)"
"2409",292281001,"Doxepin adverse reaction (disorder)"
"2410",292301002,"Venlafaxine adverse reaction (disorder)"
"2411",292304005,"Paroxetine adverse reaction (disorder)"
"2412",292322008,"Methylphenobarbitone adverse reaction (disorder)"
"2413",292329004,"Clonazepam adverse reaction (disorder)"
"2414",292331008,"Sedative adverse reaction (disorder)"
"2415",292332001,"Zopiclone adverse reaction (disorder)"
"2416",292333006,"Zolpidem adverse reaction (disorder)"
"2417",292334000,"Chlormezanone adverse reaction (disorder)"
"2418",292335004,"Methyprylone adverse reaction (disorder)"
"2419",292336003,"Paraldehyde adverse reaction (disorder)"
"2420",292337007,"Barbiturate sedative adverse reaction (disorder)"
"2421",292338002,"Amylobarbitone adverse reaction (disorder)"
"2422",292339005,"Butobarbitone adverse reaction (disorder)"
"2423",292340007,"Cyclobarbitone adverse reaction (disorder)"
"2424",292341006,"Amylobarbitone sodium adverse reaction (disorder)"
"2425",292342004,"Quinalbarbitone adverse reaction (disorder)"
"2426",292343009,"Benzodiazepine sedative adverse reaction (disorder)"
"2427",292344003,"Flunitrazepam adverse reaction (disorder)"
"2428",292345002,"Flurazepam adverse reaction (disorder)"
"2429",292346001,"Loprazolam adverse reaction (disorder)"
"2430",292347005,"Lormetazepam adverse reaction (disorder)"
"2431",292348000,"Nitrazepam adverse reaction (disorder)"
"2432",292349008,"Triazolam adverse reaction (disorder)"
"2433",292350008,"Alprazolam adverse reaction (disorder)"
"2434",292351007,"Bromazepam adverse reaction (disorder)"
"2435",292352000,"Chlordiazepoxide adverse reaction (disorder)"
"2436",292353005,"Clobazam adverse reaction (disorder)"
"2437",292354004,"Potassium clorazepate adverse reaction (disorder)"
"2438",292355003,"Ketazolam adverse reaction (disorder)"
"2439",292356002,"Medazepam adverse reaction (disorder)"
"2440",292357006,"Oxazepam adverse reaction (disorder)"
"2441",292358001,"Prazepam adverse reaction (disorder)"
"2442",292359009,"Midazolam adverse reaction (disorder)"
"2443",292360004,"Diazepam adverse reaction (disorder)"
"2444",292361000,"Lorazepam adverse reaction (disorder)"
"2445",292362007,"Temazepam adverse reaction (disorder)"
"2446",292363002,"Carbamate sedative adverse reaction (disorder)"
"2447",292364008,"Meprobamate adverse reaction (disorder)"
"2448",292365009,"Chloral sedative adverse reaction (disorder)"
"2449",292366005,"Chloral hydrate adverse reaction (disorder)"
"2450",292367001,"Dichloralphenazone adverse reaction (disorder)"
"2451",292368006,"Triclofos sodium adverse reaction (disorder)"
"2452",292369003,"Buspirone adverse reaction (disorder)"
"2453",292370002,"Chlormethiazole adverse reaction (disorder)"
"2454",292410009,"Central stimulant adverse reaction (disorder)"
"2455",292411008,"Pemoline adverse reaction (disorder)"
"2456",292412001,"Methylphenidate adverse reaction (disorder)"
"2457",292413006,"Prolintane adverse reaction (disorder)"
"2458",292414000,"Amphetamine group adverse reaction (disorder)"
"2459",292415004,"Dexamphetamine adverse reaction (disorder)"
"2460",292486008,"Methoxamine adverse reaction (disorder)"
"2461",292557007,"Nikethamide adverse reaction (disorder)"
"2462",292558002,"Ethamivan adverse reaction (disorder)"
"2463",292559005,"Doxapram adverse reaction (disorder)"
"2464",292593009,"Hydroxyzine adverse reaction (disorder)"
"2465",295127002,"Paracetamol and dextropropoxyphene overdose (disorder)"
"2466",295128007,"Accidental paracetamol and dextropropoxyphene overdose (disorder)"
"2467",295129004,"Intentional paracetamol and dextropropoxyphene overdose (disorder)"
"2468",295130009,"Paracetamol and dextropropoxyphene overdose of undetermined intent (disorder)"
"2469",295131008,"Overdose of co-proxamol (disorder)"
"2470",295132001,"Accidental overdose by co-proxamol (disorder)"
"2471",295133006,"Overdose of co-proxamol of undetermined intent (disorder)"
"2472",295140007,"Pentazocine overdose (disorder)"
"2473",295141006,"Accidental pentazocine overdose (disorder)"
"2474",295142004,"Intentional pentazocine overdose (disorder)"
"2475",295143009,"Pentazocine overdose of undetermined intent (disorder)"
"2476",295144003,"Phenazocine overdose (disorder)"
"2477",295145002,"Accidental phenazocine overdose (disorder)"
"2478",295146001,"Intentional phenazocine overdose (disorder)"
"2479",295147005,"Phenazocine overdose of undetermined intent (disorder)"
"2480",295148000,"Methadone analog overdose (disorder)"
"2481",295149008,"Dextromoramide overdose (disorder)"
"2482",295150008,"Accidental dextromoramide overdose (disorder)"
"2483",295151007,"Intentional dextromoramide overdose (disorder)"
"2484",295152000,"Dextromoramide overdose of undetermined intent (disorder)"
"2485",295153005,"Dextropropoxyphene overdose (disorder)"
"2486",295154004,"Accidental dextropropoxyphene overdose (disorder)"
"2487",295155003,"Intentional dextropropoxyphene overdose (disorder)"
"2488",295156002,"Dextropropoxyphene overdose of undetermined intent (disorder)"
"2489",295157006,"Dipipanone overdose (disorder)"
"2490",295158001,"Accidental dipipanone overdose (disorder)"
"2491",295159009,"Intentional dipipanone overdose (disorder)"
"2492",295160004,"Dipipanone overdose of undetermined intent (disorder)"
"2493",295161000,"Methadone overdose (disorder)"
"2494",295163002,"Accidental methadone overdose (disorder)"
"2495",295164008,"Methadone overdose of undetermined intent (disorder)"
"2496",295165009,"Morphinan opioid overdose (disorder)"
"2497",295166005,"Buprenorphine overdose (disorder)"
"2498",295167001,"Accidental buprenorphine overdose (disorder)"
"2499",295168006,"Intentional buprenorphine overdose (disorder)"
"2500",295169003,"Buprenorphine overdose of undetermined intent (disorder)"
"2501",295170002,"Overdose of codeine (disorder)"
"2502",295171003,"Accidental overdose by codeine (disorder)"
"2503",295172005,"Intentional overdose by codeine (disorder)"
"2504",295173000,"Overdose of codeine of undetermined intent (disorder)"
"2505",295174006,"Heroin overdose (disorder)"
"2506",295175007,"Accidental heroin overdose (disorder)"
"2507",295176008,"Heroin overdose of undetermined intent (disorder)"
"2508",295177004,"Overdose of dihydrocodeine (disorder)"
"2509",295178009,"Accidental overdose by dihydrocodeine (disorder)"
"2510",295179001,"Overdose of dihydrocodeine of undetermined intent (disorder)"
"2511",295180003,"Nalbuphine overdose (disorder)"
"2512",295181004,"Accidental nalbuphine overdose (disorder)"
"2513",295182006,"Intentional nalbuphine overdose (disorder)"
"2514",295183001,"Nalbuphine overdose of undetermined intent (disorder)"
"2515",295184007,"Morphine overdose (disorder)"
"2516",295185008,"Accidental morphine overdose (disorder)"
"2517",295186009,"Intentional morphine overdose (disorder)"
"2518",295187000,"Morphine overdose of undetermined intent (disorder)"
"2519",295188005,"Pethidine analog overdose (disorder)"
"2520",295189002,"Alfentanil overdose (disorder)"
"2521",295190006,"Accidental alfentanil overdose (disorder)"
"2522",295191005,"Intentional alfentanil overdose (disorder)"
"2523",295192003,"Alfentanil overdose of undetermined intent (disorder)"
"2524",295193008,"Fentanyl overdose (disorder)"
"2525",295194002,"Accidental fentanyl overdose (disorder)"
"2526",295195001,"Intentional fentanyl overdose (disorder)"
"2527",295196000,"Fentanyl overdose of undetermined intent (disorder)"
"2528",295197009,"Pethidine overdose (disorder)"
"2529",295198004,"Accidental pethidine overdose (disorder)"
"2530",295199007,"Intentional pethidine overdose (disorder)"
"2531",295200005,"Pethidine overdose of undetermined intent (disorder)"
"2532",295201009,"Phenoperidine overdose (disorder)"
"2533",295202002,"Accidental phenoperidine overdose (disorder)"
"2534",295203007,"Intentional phenoperidine overdose (disorder)"
"2535",295204001,"Phenoperidine overdose of undetermined intent (disorder)"
"2536",295205000,"Meptazinol overdose (disorder)"
"2537",295206004,"Accidental meptazinol overdose (disorder)"
"2538",295207008,"Intentional meptazinol overdose (disorder)"
"2539",295208003,"Meptazinol overdose of undetermined intent (disorder)"
"2540",295209006,"Levorphanol overdose (disorder)"
"2541",295210001,"Accidental levorphanol overdose (disorder)"
"2542",295211002,"Intentional levorphanol overdose (disorder)"
"2543",295212009,"Levorphanol overdose of undetermined intent (disorder)"
"2544",295213004,"Overdose of opiate analgesic of undetermined intent (disorder)"
"2545",295415009,"Nabilone overdose (disorder)"
"2546",295416005,"Accidental nabilone overdose (disorder)"
"2547",295417001,"Intentional nabilone overdose (disorder)"
"2548",295418006,"Nabilone overdose of undetermined intent (disorder)"
"2549",295507009,"Ketamine overdose (disorder)"
"2550",295508004,"Accidental ketamine overdose (disorder)"
"2551",295510002,"Intentional ketamine overdose (disorder)"
"2552",295511003,"Ketamine overdose of undetermined intent (disorder)"
"2553",295520007,"Methohexitone overdose (disorder)"
"2554",295521006,"Accidental methohexitone overdose (disorder)"
"2555",295522004,"Intentional methohexitone overdose (disorder)"
"2556",295523009,"Methohexitone overdose of undetermined intent (disorder)"
"2557",295566002,"Local cocaine overdose (disorder)"
"2558",295567006,"Accidental local cocaine overdose (disorder)"
"2559",295568001,"Intentional local cocaine overdose (disorder)"
"2560",295570005,"Local cocaine overdose of undetermined intent (disorder)"
"2561",295667002,"Mitomycin overdose (disorder)"
"2562",295668007,"Accidental mitomycin overdose (disorder)"
"2563",295669004,"Intentional mitomycin overdose (disorder)"
"2564",295671004,"Mitomycin overdose of undetermined intent (disorder)"
"2565",295810008,"Accidental central appetite depressant overdose (disorder)"
"2566",295860002,"Doxepin overdose (disorder)"
"2567",295861003,"Accidental doxepin overdose (disorder)"
"2568",295862005,"Intentional doxepin overdose (disorder)"
"2569",295863000,"Doxepin overdose of undetermined intent (disorder)"
"2570",295914000,"Venlafaxine overdose (disorder)"
"2571",295915004,"Accidental venlafaxine overdose (disorder)"
"2572",295916003,"Intentional venlafaxine overdose (disorder)"
"2573",295917007,"Venlafaxine overdose of undetermined intent (disorder)"
"2574",295923002,"Paroxetine overdose (disorder)"
"2575",295924008,"Accidental paroxetine overdose (disorder)"
"2576",295925009,"Intentional paroxetine overdose (disorder)"
"2577",295926005,"Paroxetine overdose of undetermined intent (disorder)"
"2578",295983000,"Methylphenobarbitone overdose (disorder)"
"2579",295984006,"Accidental methylphenobarbitone overdose (disorder)"
"2580",295985007,"Intentional methylphenobarbitone overdose (disorder)"
"2581",295986008,"Methylphenobarbitone overdose of undetermined intent (disorder)"
"2582",295987004,"Phenobarbitone overdose (disorder)"
"2583",295988009,"Accidental phenobarbitone overdose (disorder)"
"2584",295989001,"Intentional phenobarbitone overdose (disorder)"
"2585",295990005,"Phenobarbitone overdose of undetermined intent (disorder)"
"2586",295991009,"Primidone overdose (disorder)"
"2587",295992002,"Accidental primidone overdose (disorder)"
"2588",295993007,"Intentional primidone overdose (disorder)"
"2589",295994001,"Primidone overdose of undetermined intent (disorder)"
"2590",295998003,"Overdose of carbamazepine of undetermined intent (disorder)"
"2591",296010004,"Clonazepam overdose (disorder)"
"2592",296011000,"Accidental clonazepam overdose (disorder)"
"2593",296012007,"Intentional clonazepam overdose (disorder)"
"2594",296013002,"Clonazepam overdose of undetermined intent (disorder)"
"2595",296015009,"Sedative overdose (disorder)"
"2596",296016005,"Zopiclone overdose (disorder)"
"2597",296017001,"Accidental zopiclone overdose (disorder)"
"2598",296018006,"Intentional zopiclone overdose (disorder)"
"2599",296019003,"Zopiclone overdose of undetermined intent (disorder)"
"2600",296020009,"Zolpidem overdose (disorder)"
"2601",296021008,"Accidental zolpidem overdose (disorder)"
"2602",296022001,"Intentional zolpidem overdose (disorder)"
"2603",296023006,"Zolpidem overdose of undetermined intent (disorder)"
"2604",296024000,"Chlormezanone overdose (disorder)"
"2605",296025004,"Accidental chlormezanone overdose (disorder)"
"2606",296026003,"Intentional chlormezanone overdose (disorder)"
"2607",296027007,"Chlormezanone overdose of undetermined intent (disorder)"
"2608",296028002,"Methyprylone overdose (disorder)"
"2609",296029005,"Accidental methyprylone overdose (disorder)"
"2610",296030000,"Intentional methyprylone overdose (disorder)"
"2611",296031001,"Methyprylone overdose of undetermined intent (disorder)"
"2612",296032008,"Paraldehyde overdose (disorder)"
"2613",296033003,"Accidental paraldehyde overdose (disorder)"
"2614",296034009,"Intentional paraldehyde overdose (disorder)"
"2615",296035005,"Paraldehyde overdose of undetermined intent (disorder)"
"2616",296036006,"Barbiturate overdose (disorder)"
"2617",296037002,"Amylobarbitone overdose (disorder)"
"2618",296038007,"Accidental amylobarbitone overdose (disorder)"
"2619",296039004,"Intentional amylobarbitone overdose (disorder)"
"2620",296040002,"Amylobarbitone overdose of undetermined intent (disorder)"
"2621",296041003,"Butabarbitone overdose (disorder)"
"2622",296042005,"Accidental butabarbitone overdose (disorder)"
"2623",296043000,"Intentional butabarbitone overdose (disorder)"
"2624",296044006,"Butabarbitone overdose of undetermined intent (disorder)"
"2625",296045007,"Cyclobarbitone overdose (disorder)"
"2626",296046008,"Accidental cyclobarbitone overdose (disorder)"
"2627",296047004,"Intentional cyclobarbitone overdose (disorder)"
"2628",296048009,"Cyclobarbitone overdose of undetermined intent (disorder)"
"2629",296049001,"Quinalbarbitone overdose (disorder)"
"2630",296050001,"Accidental quinalbarbitone overdose (disorder)"
"2631",296051002,"Intentional quinalbarbitone overdose (disorder)"
"2632",296052009,"Quinalbarbitone overdose of undetermined intent (disorder)"
"2633",296053004,"Benzodiazepine overdose (disorder)"
"2634",296054005,"Flunitrazepam overdose (disorder)"
"2635",296055006,"Accidental flunitrazepam overdose (disorder)"
"2636",296056007,"Intentional flunitrazepam overdose (disorder)"
"2637",296057003,"Flunitrazepam overdose of undetermined intent (disorder)"
"2638",296058008,"Flurazepam overdose (disorder)"
"2639",296059000,"Accidental flurazepam overdose (disorder)"
"2640",296060005,"Intentional flurazepam overdose (disorder)"
"2641",296061009,"Flurazepam overdose of undetermined intent (disorder)"
"2642",296062002,"Loprazolam overdose (disorder)"
"2643",296063007,"Accidental loprazolam overdose (disorder)"
"2644",296064001,"Intentional loprazolam overdose (disorder)"
"2645",296065000,"Loprazolam overdose of undetermined intent (disorder)"
"2646",296066004,"Lormetazepam overdose (disorder)"
"2647",296067008,"Accidental lormetazepam overdose (disorder)"
"2648",296068003,"Intentional lormetazepam overdose (disorder)"
"2649",296069006,"Lormetazepam overdose of undetermined intent (disorder)"
"2650",296070007,"Nitrazepam overdose (disorder)"
"2651",296071006,"Accidental nitrazepam overdose (disorder)"
"2652",296072004,"Intentional nitrazepam overdose (disorder)"
"2653",296073009,"Nitrazepam overdose of undetermined intent (disorder)"
"2654",296074003,"Triazolam overdose (disorder)"
"2655",296075002,"Accidental triazolam overdose (disorder)"
"2656",296076001,"Intentional triazolam overdose (disorder)"
"2657",296077005,"Triazolam overdose of undetermined intent (disorder)"
"2658",296079008,"Alprazolam overdose (disorder)"
"2659",296080006,"Accidental alprazolam overdose (disorder)"
"2660",296081005,"Intentional alprazolam overdose (disorder)"
"2661",296082003,"Alprazolam overdose of undetermined intent (disorder)"
"2662",296083008,"Bromazepam overdose (disorder)"
"2663",296084002,"Accidental bromazepam overdose (disorder)"
"2664",296085001,"Intentional bromazepam overdose (disorder)"
"2665",296086000,"Bromazepam overdose of undetermined intent (disorder)"
"2666",296087009,"Chlordiazepoxide overdose (disorder)"
"2667",296088004,"Accidental chlordiazepoxide overdose (disorder)"
"2668",296089007,"Chlordiazepoxide overdose of undetermined intent (disorder)"
"2669",296090003,"Clobazam overdose (disorder)"
"2670",296091004,"Accidental clobazam overdose (disorder)"
"2671",296092006,"Intentional clobazam overdose (disorder)"
"2672",296093001,"Clobazam overdose of undetermined intent (disorder)"
"2673",296094007,"Potassium clorazepate overdose (disorder)"
"2674",296095008,"Accidental potassium clorazepate overdose (disorder)"
"2675",296096009,"Intentional potassium clorazepate overdose (disorder)"
"2676",296097000,"Potassium clorazepate overdose of undetermined intent (disorder)"
"2677",296098005,"Ketazolam overdose (disorder)"
"2678",296099002,"Accidental ketazolam overdose (disorder)"
"2679",296100005,"Intentional ketazolam overdose (disorder)"
"2680",296101009,"Ketazolam overdose of undetermined intent (disorder)"
"2681",296102002,"Medazepam overdose (disorder)"
"2682",296103007,"Accidental medazepam overdose (disorder)"
"2683",296104001,"Intentional medazepam overdose (disorder)"
"2684",296105000,"Medazepam overdose of undetermined intent (disorder)"
"2685",296106004,"Oxazepam overdose (disorder)"
"2686",296107008,"Accidental oxazepam overdose (disorder)"
"2687",296108003,"Intentional oxazepam overdose (disorder)"
"2688",296109006,"Oxazepam overdose of undetermined intent (disorder)"
"2689",296110001,"Prazepam overdose (disorder)"
"2690",296111002,"Accidental prazepam overdose (disorder)"
"2691",296112009,"Intentional prazepam overdose (disorder)"
"2692",296113004,"Prazepam overdose of undetermined intent (disorder)"
"2693",296114005,"Midazolam overdose (disorder)"
"2694",296115006,"Accidental midazolam overdose (disorder)"
"2695",296116007,"Intentional midazolam overdose (disorder)"
"2696",296117003,"Midazolam overdose of undetermined intent (disorder)"
"2697",296118008,"Diazepam overdose (disorder)"
"2698",296119000,"Accidental diazepam overdose (disorder)"
"2699",296120006,"Diazepam overdose of undetermined intent (disorder)"
"2700",296121005,"Lorazepam overdose (disorder)"
"2701",296122003,"Accidental lorazepam overdose (disorder)"
"2702",296123008,"Intentional lorazepam overdose (disorder)"
"2703",296124002,"Lorazepam overdose of undetermined intent (disorder)"
"2704",296125001,"Overdose of temazepam (disorder)"
"2705",296126000,"Accidental overdose by temazepam (disorder)"
"2706",296127009,"Overdose of temazepam of undetermined intent (disorder)"
"2707",296128004,"Accidental overdose of benzodiazepine (disorder)"
"2708",296129007,"Overdose of benzodiazepine of undetermined intent (disorder)"
"2709",296130002,"Carbamate overdose (disorder)"
"2710",296131003,"Meprobamate overdose (disorder)"
"2711",296132005,"Accidental meprobamate overdose (disorder)"
"2712",296133000,"Intentional meprobamate overdose (disorder)"
"2713",296134006,"Meprobamate overdose of undetermined intent (disorder)"
"2714",296135007,"Chloral sedative overdose (disorder)"
"2715",296136008,"Chloral hydrate overdose (disorder)"
"2716",296137004,"Accidental chloral hydrate overdose (disorder)"
"2717",296138009,"Intentional chloral hydrate overdose (disorder)"
"2718",296139001,"Chloral hydrate overdose of undetermined intent (disorder)"
"2719",296140004,"Dichloralphenazone overdose (disorder)"
"2720",296141000,"Accidental dichloralphenazone overdose (disorder)"
"2721",296142007,"Intentional dichloralphenazone overdose (disorder)"
"2722",296143002,"Dichloralphenazone overdose of undetermined intent (disorder)"
"2723",296144008,"Triclofos sodium overdose (disorder)"
"2724",296145009,"Accidental triclofos sodium overdose (disorder)"
"2725",296146005,"Intentional triclofos sodium overdose (disorder)"
"2726",296147001,"Triclofos sodium overdose of undetermined intent (disorder)"
"2727",296148006,"Buspirone overdose (disorder)"
"2728",296149003,"Accidental buspirone overdose (disorder)"
"2729",296150003,"Intentional buspirone overdose (disorder)"
"2730",296151004,"Buspirone overdose of undetermined intent (disorder)"
"2731",296152006,"Chlormethiazole overdose (disorder)"
"2732",296153001,"Accidental chlormethiazole overdose (disorder)"
"2733",296154007,"Intentional chlormethiazole overdose (disorder)"
"2734",296155008,"Chlormethiazole overdose of undetermined intent (disorder)"
"2735",296284007,"Overdose of non-barbiturate hypnotic of undetermined intent (disorder)"
"2736",296290006,"Central nervous system stimulant overdose (disorder)"
"2737",296291005,"Amphetamine overdose (disorder)"
"2738",296292003,"Accidental amphetamine overdose (disorder)"
"2739",296293008,"Intentional amphetamine overdose (disorder)"
"2740",296294002,"Amphetamine overdose of undetermined intent (disorder)"
"2741",296300004,"Overdose of hallucinogenic drug (disorder)"
"2742",296301000,"Cannabis overdose (disorder)"
"2743",296302007,"Accidental cannabis overdose (disorder)"
"2744",296303002,"Intentional cannabis overdose (disorder)"
"2745",296304008,"Cannabis overdose of undetermined intent (disorder)"
"2746",296305009,"Overdose of lysergic acid (disorder)"
"2747",296306005,"Accidental overdose by lysergic acid (disorder)"
"2748",296307001,"Intentional overdose by lysergic acid (disorder)"
"2749",296308006,"Overdose of lysergic acid of undetermined intent (disorder)"
"2750",296309003,"Psilocybin overdose (disorder)"
"2751",296310008,"Accidental psilocybin overdose (disorder)"
"2752",296311007,"Intentional psilocybin overdose (disorder)"
"2753",296312000,"Psilocybin overdose of undetermined intent (disorder)"
"2754",296313005,"Mescaline overdose (disorder)"
"2755",296314004,"Accidental mescaline overdose (disorder)"
"2756",296315003,"Intentional mescaline overdose (disorder)"
"2757",296316002,"Mescaline overdose of undetermined intent (disorder)"
"2758",296317006,"Psychostimulant overdose (disorder)"
"2759",296318001,"Overdose of ecstasy (disorder)"
"2760",296319009,"Intentional overdose of ecstasy (disorder)"
"2761",296320003,"Overdose of ecstasy of undetermined intent (disorder)"
"2762",296321004,"Overdose of cocaine (disorder)"
"2763",296322006,"Accidental overdose by cocaine (disorder)"
"2764",296323001,"Intentional overdose by cocaine (disorder)"
"2765",296324007,"Overdose of cocaine of undetermined intent (disorder)"
"2766",296325008,"Overdose of crack cocaine (disorder)"
"2767",296326009,"Accidental overdose by crack cocaine (disorder)"
"2768",296327000,"Intentional overdose by crack cocaine (disorder)"
"2769",296328005,"Overdose of crack cocaine of undetermined intent (disorder)"
"2770",296329002,"Caffeine overdose (disorder)"
"2771",296330007,"Accidental caffeine overdose (disorder)"
"2772",296331006,"Intentional caffeine overdose (disorder)"
"2773",296333009,"Caffeine overdose of undetermined intent (disorder)"
"2774",296408005,"Nikethamide overdose (disorder)"
"2775",296409002,"Accidental nikethamide overdose (disorder)"
"2776",296410007,"Intentional nikethamide overdose (disorder)"
"2777",296411006,"Nikethamide overdose of undetermined intent (disorder)"
"2778",296433008,"Hydroxyzine overdose (disorder)"
"2779",296434002,"Accidental hydroxyzine overdose (disorder)"
"2780",296435001,"Intentional hydroxyzine overdose (disorder)"
"2781",296436000,"Hydroxyzine overdose of undetermined intent (disorder)"
"2782",296495003,"Methocarbamol overdose (disorder)"
"2783",296496002,"Accidental methocarbamol overdose (disorder)"
"2784",296497006,"Intentional methocarbamol overdose (disorder)"
"2785",296498001,"Methocarbamol overdose of undetermined intent (disorder)"
"2786",296504009,"Papaverine overdose (disorder)"
"2787",296505005,"Accidental papaverine overdose (disorder)"
"2788",296506006,"Intentional papaverine overdose (disorder)"
"2789",296507002,"Papaverine overdose of undetermined intent (disorder)"
"2790",296517007,"Accidental naloxone overdose (disorder)"
"2791",297199006,"Accidental overdose of opiate (disorder)"
"2792",300706003,"Endogenous depression (disorder)"
"2793",300960003,"Psychogenic back pain (disorder)"
"2794",300979000,"Caregiver stress syndrome (disorder)"
"2795",301643003,"Sedative, hypnotic AND/OR anxiolytic-induced persisting amnestic disorder (disorder)"
"2796",302507002,"Sedative amnestic disorder (disorder)"
"2797",302690004,"Encopresis (finding)"
"2798",302752001,"Functional encopresis (finding)"
"2799",304603007,"Variant Creutzfeldt-Jakob disease (disorder)"
"2800",304605000,"Harmful pattern of use of methanol (disorder)"
"2801",307199009,"Psychosomatic abdominal pain (disorder)"
"2802",307417003,"Cycloid psychosis (disorder)"
"2803",307525004,"Other manic-depressive psychos (disorder)"
"2804",307527007,"Other mental disorders (disorder)"
"2805",307537002,"Depression NOS (disorder)"
"2806",307757001,"Chronic alcoholic hepatitis (disorder)"
"2807",308374001,"Caffeine-related disorder (disorder)"
"2808",309279000,"Organic mental disorder caused by caffeine (disorder)"
"2809",310202009,"Organic mental disorder caused by arylcyclohexylamine (disorder)"
"2810",310462009,"[X] Manic-depressive psychosis, depressed type without psychotic symptoms (disorder)"
"2811",310465006,"[X] Single episode agitated depression without psychotic symptoms (disorder)"
"2812",310466007,"[X] Single episode major depression without psychotic symptoms (disorder)"
"2813",310495003,"Mild depression (disorder)"
"2814",310496002,"Moderate depression (disorder)"
"2815",310497006,"Severe depression (disorder)"
"2816",310814007,"Discourse difficulties (disorder)"
"2817",311173003,"Phencyclidine-related disorder (disorder)"
"2818",312098001,"Sedative, hypnotic AND/OR anxiolytic-related disorder (disorder)"
"2819",312214005,"Floating-Harbor syndrome (disorder)"
"2820",312936002,"Organic mental disorder caused by anxiolytic agent (disorder)"
"2821",312991009,"Senile dementia of the Lewy body type (disorder)"
"2822",313182004,"Chronic post-traumatic stress disorder (disorder)"
"2823",313224008,"Dysmorphophobia (disorder)"
"2824",313426007,"Kabuki make-up syndrome (disorder)"
"2825",313915006,"Organic mental disorder caused by hypnotic agent (disorder)"
"2826",317816007,"Stockholm syndrome (disorder)"
"2827",318784009,"Posttraumatic stress disorder, delayed onset (disorder)"
"2828",319768000,"Recurrent major depressive disorder with melancholic features (disorder)"
"2829",320751009,"Major depression, melancholic type (disorder)"
"2830",321717001,"Involutional depression (disorder)"
"2831",357705009,"Cotard's syndrome (disorder)"
"2832",359661001,"Specific number difficulty (disorder)"
"2833",361148000,"Anxiolytic intoxication (disorder)"
"2834",361149008,"Hypnotic intoxication (disorder)"
"2835",361150008,"Sedative, hypnotic AND/OR anxiolytic withdrawal delirium (disorder)"
"2836",361151007,"Delirium due to sedative withdrawal (disorder)"
"2837",361272001,"Cerebellar ataxia due to alcoholism (disorder)"
"2838",367515004,"Receptive language disorder (disorder)"
"2839",370143000,"Major depressive disorder (disorder)"
"2840",371024007,"Senile dementia with delusion (disorder)"
"2841",371026009,"Senile dementia with psychosis (disorder)"
"2842",371596008,"Bipolar I disorder (disorder)"
"2843",371599001,"Severe bipolar I disorder (disorder)"
"2844",371600003,"Severe bipolar disorder (disorder)"
"2845",371604007,"Severe bipolar II disorder (disorder)"
"2846",371631005,"Panic disorder (disorder)"
"2847",373618009,"Autistic spectrum disorder with isolated skills (disorder)"
"2848",386537007,"Psychogenic pylorospasm (disorder)"
"2849",386572005,"Psychogenic syncope (disorder)"
"2850",386701004,"Developmental articulation disorder (disorder)"
"2851",386805003,"Mild neurocognitive disorder (disorder)"
"2852",386810004,"Phobic disorder (disorder)"
"2853",386820009,"Socialized behavior disorder (disorder)"
"2854",386821008,"Adjustment reaction in infancy (disorder)"
"2855",386822001,"Adjustment reaction of adolescence (disorder)"
"2856",386823006,"Adjustment reaction of adult life (disorder)"
"2857",386824000,"Adjustment reaction of childhood (disorder)"
"2858",386825004,"Adjustment reaction of late life (disorder)"
"2859",391099000,"On examination - speech delay (disorder)"
"2860",395215005,"Adverse reaction caused by bupropion (disorder)"
"2861",397795007,"Polysomatizing disorder (disorder)"
"2862",397803000,"Impotence (disorder)"
"2863",397826007,"Briquet's syndrome (disorder)"
"2864",397923000,"Somatization disorder (disorder)"
"2865",398066007,"Intensive care psychiatric disorder (disorder)"
"2866",398175007,"Male erectile disorder (disorder)"
"2867",400077000,"Nail dystrophy due to nail biting (disorder)"
"2868",402732001,"Habit tic (disorder)"
"2869",402733006,"Habit tic affecting skin (disorder)"
"2870",402734000,"Nail dystrophy due to habit tic (disorder)"
"2871",402735004,"Habit tic affecting hair (disorder)"
"2872",402736003,"Factitious skin disease (disorder)"
"2873",402737007,"Artefactual skin disease (disorder)"
"2874",402738002,"Addictive behavior with potential to damage skin (disorder)"
"2875",403169003,"Callosity due to habit tic (disorder)"
"2876",403170002,"Callosity caused by biting and/or chewing (disorder)"
"2877",403577008,"Nail dystrophy due to nail picking (disorder)"
"2878",403578003,"Factitious blistering (disorder)"
"2879",403579006,"Factitious lymphedema (disorder)"
"2880",403580009,"Religious stigmata (disorder)"
"2881",403581008,"Pseudostigmata (disorder)"
"2882",403582001,"Self-inflicted caustic burn (disorder)"
"2883",403583006,"Deliberate self-cutting (disorder)"
"2884",403584000,"Contact urticaria artefacta (disorder)"
"2885",403585004,"Patch test artifact (disorder)"
"2886",403586003,"Cutaneous Münchhausen syndrome (disorder)"
"2887",403587007,"Addiction to sun exposure (disorder)"
"2888",403588002,"Addiction to sunbed use (disorder)"
"2889",403590001,"Factitious skin disorder imposed on another (disorder)"
"2890",403592009,"Acarophobia (disorder)"
"2891",403593004,"Phobic fear of skin cancer (disorder)"
"2892",403594005,"Psychogenic formication (disorder)"
"2893",403595006,"Pinocchio syndrome (disorder)"
"2894",404906000,"Postoperative confusion (disorder)"
"2895",405788002,"Psychogenic loss of appetite (disorder)"
"2896",406506008,"Attention deficit hyperactivity disorder (disorder)"
"2897",408541004,"[X]Addictive personality (disorder)"
"2898",408856003,"Autistic disorder (disorder)"
"2899",408857007,"Infantile autism (disorder)"
"2900",408858002,"Infantile psychosis (disorder)"
"2901",412787009,"Intellectual disability, congenital heart disease, blepharophimosis, blepharoptosis and hypoplastic teeth (disorder)"
"2902",413296003,"Depression requiring intervention (disorder)"
"2903",413364009,"[X]Adverse reaction to caffeine (disorder)"
"2904",413365005,"[X]Erotomania (disorder)"
"2905",413367002,"[X]Mental and behavioral disorders due to use of crack cocaine (disorder)"
"2906",413368007,"[X]Mental and behavioral disorders due to use of crack cocaine: acute intoxication (disorder)"
"2907",413369004,"[X]Mental and behavioral disorders due to use of crack cocaine: amnesic syndrome (disorder)"
"2908",413370003,"[X]Mental and behavioral disorders due to use of crack cocaine: dependence syndrome (disorder)"
"2909",413371004,"[X]Mental and behavioral disorders due to use of crack cocaine: harmful use (disorder)"
"2910",413372006,"[X]Mental and behavioral disorders due to use of crack cocaine: other mental and behavioral disorders (disorder)"
"2911",413373001,"[X]Mental and behavioral disorders due to use of crack cocaine: psychotic disorder (disorder)"
"2912",413374007,"[X]Mental and behavioral disorders due to use of crack cocaine: residual and late-onset psychotic disorder (disorder)"
"2913",413375008,"[X]Mental and behavioral disorders due to use of crack cocaine: unspecified mental and behavioral disorder (disorder)"
"2914",413376009,"[X]Mental and behavioral disorders due to use of crack cocaine: withdrawal state (disorder)"
"2915",413377000,"[X]Mental and behavioral disorders due to use of crack cocaine: withdrawal state with delirium (disorder)"
"2916",414673004,"Mental retardation, dwarfism, and gonadal hypoplasia due to xeroderma pigmentosa (disorder)"
"2917",414874007,"Nondependent amphetamine or psychostimulant abuse in remission (disorder)"
"2918",416073003,"Long duration flashbacks (disorder)"
"2919",416340002,"Late onset schizophrenia (disorder)"
"2920",416714005,"Episodic flashbacks (disorder)"
"2921",416780008,"Primary degenerative dementia of the Alzheimer type, presenile onset (disorder)"
"2922",416975007,"Primary degenerative dementia of the Alzheimer type, senile onset (disorder)"
"2923",417143004,"Short duration flashbacks (disorder)"
"2924",417294004,"Factitious keratitis (disorder)"
"2925",417360004,"Duplicative flashbacks (disorder)"
"2926",418344001,"Allergy to caffeine (finding)"
"2927",420054005,"Alcoholic cirrhosis (disorder)"
"2928",420614009,"Organic dementia with acquired immunodeficiency syndrome (disorder)"
"2929",420774007,"Organic brain syndrome with acquired immunodeficiency syndrome (disorder)"
"2930",421009000,"Prion disease associated with acquired immunodeficiency syndrome (disorder)"
"2931",421023003,"Presenile dementia with acquired immunodeficiency syndrome (disorder)"
"2932",421529006,"Dementia with acquired immunodeficiency syndrome (disorder)"
"2933",422437002,"X-linked intellectual disability with marfanoid habitus (disorder)"
"2934",424271007,"Hysterical cataplexy (disorder)"
"2935",425339005,"Barbiturate withdrawal syndrome (disorder)"
"2936",425390006,"Dementia associated with Parkinson's Disease (disorder)"
"2937",425533007,"Episodic drug abuse (disorder)"
"2938",425743007,"Psychogenic vocal cord dysfunction (disorder)"
"2939",425832009,"Psychophysiologic insomnia (disorder)"
"2940",425841004,"Phencyclidine dependence in remission (disorder)"
"2941",425885002,"Continuous harmful pattern of use of phencyclidine (disorder)"
"2942",425914008,"Adjustment reaction to medical therapy (disorder)"
"2943",425919003,"Chronic organic mental disorder (disorder)"
"2944",426001001,"Fentanyl dependence (disorder)"
"2945",426041005,"Developmental dyslalia (disorder)"
"2946",426095000,"Continuous harmful pattern of use of volatile inhalant (disorder)"
"2947",426174008,"Chronic stress disorder (disorder)"
"2948",426578000,"Premenstrual dysphoric disorder in remission (disorder)"
"2949",426590003,"Drug abuse, continuous (disorder)"
"2950",426873000,"Methamphetamine dependence (disorder)"
"2951",426881004,"Developmental delay in feeding (disorder)"
"2952",427145007,"Articulation disorder due to hyperkinesis (disorder)"
"2953",427205009,"Amphetamine abuse, continuous (disorder)"
"2954",427229002,"Episodic harmful pattern of use of volatile inhalant (disorder)"
"2955",427327003,"Sedative dependence (disorder)"
"2956",427469003,"Eating disorder in remission (disorder)"
"2957",427975003,"Delusional disorder caused by drug (disorder)"
"2958",428007007,"Erectile dysfunction due to type 2 diabetes mellitus (disorder)"
"2959",428219007,"Caffeine dependence (disorder)"
"2960",428370001,"Psychostimulant withdrawal syndrome (disorder)"
"2961",428687006,"Nightmares associated with chronic post-traumatic stress disorder (disorder)"
"2962",428703001,"Transient organic mental disorder (disorder)"
"2963",429299000,"Combined drug dependence, continuous (disorder)"
"2964",429458009,"Dementia due to Creutzfeldt Jakob disease (disorder)"
"2965",429571005,"Sleep-related dissociative disorder (disorder)"
"2966",429672007,"Mood disorder caused by drug (disorder)"
"2967",429692000,"Amphetamine abuse, episodic (disorder)"
"2968",429998004,"Vascular dementia (disorder)"
"2969",430744005,"Factitious disorder with predominantly physical signs and symptoms (disorder)"
"2970",430751001,"Factitious disorder with predominantly psychological signs and symptoms (disorder)"
"2971",430852001,"Severe major depression, single episode, with psychotic features (disorder)"
"2972",430909002,"Conduct disorder (disorder)"
"2973",432091002,"Savant syndrome (disorder)"
"2974",432353006,"Accidental poisoning caused by opiate agonist (disorder)"
"2975",439960005,"Binge eating disorder (disorder)"
"2976",441527004,"Harmful pattern of use of stimulant (disorder)"
"2977",441681009,"Dependence on unknown drug (disorder)"
"2978",441704009,"Affective psychosis (disorder)"
"2979",441711008,"Chronic psychogenic pain (disorder)"
"2980",441716003,"Residual childhood psychosis (disorder)"
"2981",441719005,"Speech and language developmental delay due to hearing loss (disorder)"
"2982",441833000,"Lethal catatonia (disorder)"
"2983",441972000,"Psychogenic disorder of the genitourinary system (disorder)"
"2984",442057004,"Chronic depressive personality disorder (disorder)"
"2985",442099003,"Psychogenic fatigue (disorder)"
"2986",442183006,"Psychogenic dyskinesia (disorder)"
"2987",442243005,"Psychosexual dysfunction associated with inhibited libido (disorder)"
"2988",442245003,"Chronic hypomanic personality disorder (disorder)"
"2989",442314000,"Active but odd autism (disorder)"
"2990",442344002,"Dementia due to Huntington chorea (disorder)"
"2991",442351006,"Mental disorder caused by drug (disorder)"
"2992",442406005,"Stimulant dependence (disorder)"
"2993",443735008,"Nonverbal learning disorder (disorder)"
"2994",443853005,"Psychogenic tremor (disorder)"
"2995",443919007,"Complex posttraumatic stress disorder (disorder)"
"2996",444613000,"Adult attention deficit hyperactivity disorder (disorder)"
"2997",445014002,"Paraneoplastic limbic encephalitis (disorder)"
"2998",445273005,"Harmful pattern of use of multiple substances (disorder)"
"2999",446175003,"Acute posttraumatic stress disorder following military combat (disorder)"
"3000",446180007,"Delayed posttraumatic stress disorder following military combat (disorder)"
"3001",450714000,"Severe major depression (disorder)"
"3002",450842007,"Non-organic primary nocturnal enuresis (finding)"
"3003",450843002,"Non-organic secondary nocturnal enuresis (finding)"
"3004",450844008,"Non-organic nocturnal enuresis (finding)"
"3005",450845009,"Primary nocturnal enuresis (finding)"
"3006",450846005,"Secondary nocturnal enuresis (finding)"
"3007",472981000,"Fetishistic transvestism (disorder)"
"3008",473020005,"Primary erectile dysfunction (disorder)"
"3009",473021009,"Secondary erectile dysfunction (disorder)"
"3010",473452003,"Atypical psychosis (disorder)"
"3011",473456000,"Compulsive personality disorder (disorder)"
"3012",473457009,"Obsessional personality disorder (disorder)"
"3013",698624003,"Dementia associated with cerebral lipidosis (disorder)"
"3014",698625002,"Dementia associated with normal pressure hydrocephalus (disorder)"
"3015",698626001,"Dementia associated with multiple sclerosis (disorder)"
"3016",698687007,"Post-traumatic dementia with behavioral change (disorder)"
"3017",698689005,"Attention deficit hyperactivity disorder, predominantly inattentive type in remission (disorder)"
"3018",698690001,"Avoidant personality disorder in remission (disorder)"
"3019",698692009,"Attention deficit hyperactivity disorder, predominantly hyperactive impulsive type in remission (disorder)"
"3020",698693004,"Adjustment disorder with anxious mood in remission (disorder)"
"3021",698695006,"Anorexia nervosa in remission (disorder)"
"3022",698696007,"Adjustment disorder with depressed mood in remission (disorder)"
"3023",698697003,"Adjustment disorder with mixed disturbance of emotions and conduct in remission (disorder)"
"3024",698698008,"Bulimia nervosa in remission (disorder)"
"3025",698699000,"Antisocial personality disorder in remission (disorder)"
"3026",698700004,"Borderline personality disorder in remission (disorder)"
"3027",698701000,"Adjustment disorder in remission (disorder)"
"3028",698725008,"Dementia associated with neurosyphilis (disorder)"
"3029",698726009,"Dementia associated with viral encephalitis (disorder)"
"3030",698781002,"Dementia associated with cerebral anoxia (disorder)"
"3031",698946008,"Cyclothymia in remission (disorder)"
"3032",698947004,"Conduct disorder in remission (disorder)"
"3033",698948009,"Vascular dementia in remission (disorder)"
"3034",698949001,"Dementia in remission (disorder)"
"3035",698951002,"Delusional disorder in remission (disorder)"
"3036",698952009,"Dissociative disorder in remission (disorder)"
"3037",698954005,"Primary degenerative dementia of the Alzheimer type, senile onset in remission (disorder)"
"3038",698955006,"Primary degenerative dementia of the Alzheimer type, presenile onset in remission (disorder)"
"3039",698957003,"Depressive disorder in remission (disorder)"
"3040",698958008,"Delirium in remission (disorder)"
"3041",699012001,"Accidental poisoning caused by sedative (disorder)"
"3042",699208000,"Thrombocytopenia caused by alcohol (disorder)"
"3043",699241002,"Chronic post-traumatic stress disorder following military combat (disorder)"
"3044",699297004,"Blepharophimosis-intellectual disability syndrome Maat-Kievit-Brunner type (disorder)"
"3045",699298009,"Blepharophimosis, intellectual disability syndrome, Say-Barber-Biesecker-Young-Simpson type (disorder)"
"3046",699316006,"Myhre syndrome (disorder)"
"3047",699449003,"Harmful pattern of use of metamfetamine (disorder)"
"3048",699669001,"Renpenning syndrome (disorder)"
"3049",700213005,"Avoidant restrictive food intake disorder (disorder)"
"3050",702327009,"Monocarboxylate transporter 8 deficiency (disorder)"
"3051",702344008,"Pitt-Hopkins syndrome (disorder)"
"3052",702354007,"X-linked intellectual developmental disorder Christianson type (disorder)"
"3053",702356009,"X-linked intellectual disability-psychosis-macroorchidism syndrome (disorder)"
"3054",702357000,"Chromosome 2q37 deletion syndrome (disorder)"
"3055",702393003,"Frontotemporal dementia with gene located on 3p11 (disorder)"
"3056",702412005,"X-linked intellectual deficit-dystonia-dysarthria syndrome (disorder)"
"3057",702416008,"X-linked intellectual disability Snyder type (disorder)"
"3058",702423009,"Deafness-dystonia-optic neuronopathy syndrome (disorder)"
"3059",702441001,"Fatal X-linked ataxia with deafness and loss of vision (disorder)"
"3060",702450004,"FOXG1 syndrome (disorder)"
"3061",702528003,"Developmental delay in receptive-expressive language (disorder)"
"3062",702711004,"Mental disorder in mother complicating pregnancy (disorder)"
"3063",702732007,"High-functioning autism (disorder)"
"3064",702815001,"Attention deficit hyperactivity disorder, inattentive presentation (restrictive) (disorder)"
"3065",702816000,"Methyl-cytosine phosphate guanine binding protein-2 duplication syndrome (disorder)"
"3066",703041000,"Dysexecutive syndrome (disorder)"
"3067",703389002,"Calcium/calmodulin-dependent serine protein kinase related intellectual disability (disorder)"
"3068",703526007,"Progressive epilepsy-intellectual disability syndrome Finnish type (disorder)"
"3069",703535000,"Mowat-Wilson syndrome (disorder)"
"3070",703845008,"Buprenorphine dependence (disorder)"
"3071",703846009,"Buprenorphine withdrawal syndrome (disorder)"
"3072",703847000,"Buprenorphine + naloxone withdrawal (disorder)"
"3073",703848005,"Cannabis withdrawal syndrome (disorder)"
"3074",703849002,"Benzodiazepine withdrawal syndrome (disorder)"
"3075",703850002,"Delirium due to benzodiazepine withdrawal (disorder)"
"3076",705001007,"Self-induced vomiting to lose weight (disorder)"
"3077",708037001,"Residual Asperger's disorder (disorder)"
"3078",710072005,"Female athlete triad (disorder)"
"3079",712742003,"Benzodiazepine intoxication (disorder)"
"3080",712823008,"Acute depression (disorder)"
"3081",712824002,"Acute polymorphic psychotic disorder without symptoms of schizophrenia (disorder)"
"3082",712850003,"Acute polymorphic psychotic disorder co-occurrent with symptoms of schizophrenia (disorder)"
"3083",712884004,"Pathological demand avoidance (disorder)"
"3084",712950002,"Adverse reaction to glutethimide (disorder)"
"3085",713060000,"Sporadic Creutzfeldt-Jakob disease (disorder)"
"3086",713181003,"Chronic alcoholic liver disease (disorder)"
"3087",713370005,"Acute on chronic alcoholic liver disease (disorder)"
"3088",713488003,"Presenile dementia co-occurrent with human immunodeficiency virus infection (disorder)"
"3089",713491003,"Organic brain syndrome co-occurrent with human immunodeficiency virus infection (disorder)"
"3090",713583005,"Mild alcohol dependence (disorder)"
"3091",713775002,"Harmful pattern of use of novel psychoactive substance (disorder)"
"3092",713844000,"Dementia co-occurrent with human immunodeficiency virus infection (disorder)"
"3093",713862009,"Severe alcohol dependence (disorder)"
"3094",714829008,"Moderate alcohol dependence (disorder)"
"3095",715409005,"Trigonocephaly C syndrome (disorder)"
"3096",715428003,"Skeletal dysplasia with epilepsy and short stature syndrome (disorder)"
"3097",715441004,"McDonough syndrome (disorder)"
"3098",715628009,"Intellectual disability, truncal obesity, retinal dystrophy and micropenis syndrome (disorder)"
"3099",715662009,"Iatrogenic Jakob-Creutzfeldt disease (disorder)"
"3100",715737004,"Parkinsonism co-occurrent with dementia of Guadeloupe (disorder)"
"3101",715807002,"Familial Creutzfeldt-Jakob (disorder)"
"3102",715924009,"Disruptive mood dysregulation disorder (disorder)"
"3103",715989002,"Congenital cataract with intellectual disability and anal atresia and urinary defect syndrome (disorder)"
"3104",716024001,"Goniodysgenesis with intellectual disability and short stature syndrome (disorder)"
"3105",716089008,"Craniofacial digital and genital anomalies syndrome (disorder)"
"3106",716096005,"Hypospadias and intellectual disability syndrome Goldblatt type (disorder)"
"3107",716107009,"Early onset parkinsonism and intellectual disability syndrome (disorder)"
"3108",716112005,"Microcephaly with deafness and intellectual disability syndrome (disorder)"
"3109",716191002,"Alopecia and intellectual disability syndrome (disorder)"
"3110",716199000,"Delayed speech and facial asymmetry with strabismus and ear lobe skin crease syndrome (disorder)"
"3111",716281000,"Primary progressive non fluent aphasia (disorder)"
"3112",716334004,"Intellectual disability and short stature with hand contracture and genital anomaly syndrome (disorder)"
"3113",716380002,"Logopenic progressive aphasia (disorder)"
"3114",716578009,"Developmental language comprehension impairment (disorder)"
"3115",716667005,"Right temporal atrophy variant frontotemporal dementia (disorder)"
"3116",716684004,"Limbic encephalitis with N-methyl-D-aspartate receptor antibodies (disorder)"
"3117",716706009,"Female restricted epilepsy with intellectual disability syndrome (disorder)"
"3118",716708005,"FRAXF syndrome (disorder)"
"3119",716709002,"FRAXE intellectual disability syndrome (disorder)"
"3120",716994006,"Behavioral variant of frontotemporal dementia (disorder)"
"3121",716996008,"Hypoplasia of corpus callosum, intellectual disability, adducted thumbs, spasticity, hydrocephalus syndrome (disorder)"
"3122",717157006,"Trisomy 10p (disorder)"
"3123",717222003,"Microphthalmia with ankyloblepharon and intellectual disability syndrome (disorder)"
"3124",717223008,"X-linked epilepsy with learning disability and behavior disorder syndrome (disorder)"
"3125",717763008,"Chudley Lowry Hoar syndrome (disorder)"
"3126",717822006,"Goldberg Shprintzen megacolon syndrome (disorder)"
"3127",717887003,"Biemond syndrome type 2 (disorder)"
"3128",717913006,"Blepharonasofacial malformation syndrome (disorder)"
"3129",717945001,"Brain anomaly, severe intellectual disability, ectodermal dysplasia, skeletal deformity, ear anomaly, kidney dysplasia syndrome (disorder)"
"3130",718226002,"Wolf Hirschhorn syndrome (disorder)"
"3131",718393002,"Atypical Rett syndrome (disorder)"
"3132",718573009,"Achalasia microcephaly syndrome (disorder)"
"3133",718577005,"X-linked intellectual disability Atkin type (disorder)"
"3134",718636001,"Minimal depression (disorder)"
"3135",718680001,"Oro-facial digital syndrome type 9 (disorder)"
"3136",718681002,"Oro-facial digital syndrome type 11 (disorder)"
"3137",718766002,"Spondyloepiphyseal dysplasia, craniosynostosis, cleft palate, cataract and intellectual disability syndrome (disorder)"
"3138",718845002,"X-linked intellectual disability with ataxia and apraxia syndrome (disorder)"
"3139",718846001,"X-linked intellectual disability Zorick type (disorder)"
"3140",718847005,"X-linked neurodegenerative syndrome Hamel type (disorder)"
"3141",718848000,"Fried syndrome (disorder)"
"3142",718896000,"X-linked recessive intellectual disability and macrocephaly with ciliary dysfunction syndrome (disorder)"
"3143",718897009,"X-linked intellectual disability Seemanova type (disorder)"
"3144",718900002,"Syndromic X-linked intellectual disability type 11 (disorder)"
"3145",718905007,"X-linked intellectual disability Shrimpton type (disorder)"
"3146",718908009,"X-linked intellectual disability Siderius type (disorder)"
"3147",718909001,"X-linked intellectual disability Stevenson type (disorder)"
"3148",718910006,"X-linked intellectual disability Stocco Dos Santos type (disorder)"
"3149",718911005,"X-linked intellectual disability Stoll type (disorder)"
"3150",718912003,"X-linked intellectual disability Turner type (disorder)"
"3151",718914002,"X-linked intellectual disability Van Esch type (disorder)"
"3152",719009006,"X-linked intellectual disability Wilson type (disorder)"
"3153",719010001,"X-linked intellectual disability Schimke type (disorder)"
"3154",719011002,"X-linked intellectual disability Pai type (disorder)"
"3155",719012009,"X-linked intellectual disability Miles Carpenter type (disorder)"
"3156",719013004,"X-linked intellectual disability Cilliers type (disorder)"
"3157",719016007,"X-linked intellectual disability Cantagrel type (disorder)"
"3158",719017003,"X-linked intellectual disability Armfield type (disorder)"
"3159",719018008,"X-linked intellectual disability Abidi type (disorder)"
"3160",719020006,"Pallister W syndrome (disorder)"
"3161",719042007,"Uveal coloboma with cleft lip and palate and intellectual disability syndrome (disorder)"
"3162",719046005,"12q14 microdeletion syndrome (disorder)"
"3163",719069008,"Shprintzen Goldberg craniosynostosis syndrome (disorder)"
"3164",719097002,"Branchioskeletogenital syndrome (disorder)"
"3165",719101006,"Carpenter Waziri syndrome (disorder)"
"3166",719102004,"Congenital cataract with ataxia and deafness syndrome (disorder)"
"3167",719136005,"X-linked intellectual disability with cerebellar hypoplasia syndrome (disorder)"
"3168",719137001,"X-linked intellectual disability with corpus callosum agenesis and spastic quadriparesis syndrome (disorder)"
"3169",719138006,"X-linked intellectual disability with cubitus valgus and dysmorphism syndrome (disorder)"
"3170",719139003,"X-linked Dandy-Walker malformation with intellectual disability, basal ganglia disease and seizure syndrome (disorder)"
"3171",719140001,"X-linked intellectual disability with dysmorphism and cerebral atrophy syndrome (disorder)"
"3172",719155005,"X-linked intellectual disability and epilepsy with progressive joint contracture and facial dysmorphism syndrome (disorder)"
"3173",719156006,"X-linked intellectual disability with hypogammaglobulinemia and progressive neurological deterioration syndrome (disorder)"
"3174",719157002,"X-linked intellectual disability and hypotonia with facial dysmorphism and aggressive behavior syndrome (disorder)"
"3175",719160009,"Syndromic X-linked intellectual disability type 7 (disorder)"
"3176",719161008,"Syndromic X-linked intellectual disability due to jumonji at-rich interactive domain 1c mutation (disorder)"
"3177",719162001,"Radioulnar synostosis with microcephaly and scoliosis syndrome (disorder)"
"3178",719202006,"Spondyloepiphyseal dysplasia tarda Kohn type (disorder)"
"3179",719212004,"Smith Fineman Myers syndrome (disorder)"
"3180",719315000,"Acquired receptive language impairment (disorder)"
"3181",719378009,"Microcephalus with brachydactyly and kyphoscoliosis syndrome (disorder)"
"3182",719380003,"Microcephalus cardiomyopathy syndrome (disorder)"
"3183",719396000,"Microcephalus and intellectual disability with phalangeal and neurological anomaly syndrome (disorder)"
"3184",719450007,"Disorder of sex development with intellectual disability syndrome (disorder)"
"3185",719466009,"Cleft palate with short stature and vertebral anomaly syndrome (disorder)"
"3186",719583002,"17q11.2 microduplication syndrome (disorder)"
"3187",719592004,"Moderately severe major depression (disorder)"
"3188",719593009,"Moderately severe depression (disorder)"
"3189",719599008,"19q13.11 microdeletion syndrome (disorder)"
"3190",719600006,"1p21.3 microdeletion syndrome (disorder)"
"3191",719717006,"Psychosis co-occurrent and due to Parkinson's disease (disorder)"
"3192",719800009,"Deafness, onychodystrophy, osteodystrophy, intellectual disability syndrome (disorder)"
"3193",719808002,"Chromosome Xp11.3 microdeletion syndrome (disorder)"
"3194",719809005,"X-linked intellectual disability with precocious puberty and obesity syndrome (disorder)"
"3195",719810000,"X-linked intellectual disability with seizure and psoriasis syndrome (disorder)"
"3196",719811001,"X-linked intellectual disability Cabezas type (disorder)"
"3197",719812008,"X-linked intellectual disability with plagiocephaly syndrome (disorder)"
"3198",719825000,"X-linked intellectual disability, macrocephaly, macroorchidism syndrome (disorder)"
"3199",719826004,"X-linked intellectual disability with acromegaly and hyperactivity syndrome (disorder)"
"3200",719834005,"Wilson Turner syndrome (disorder)"
"3201",719842006,"Congenital hypoplasia of ulna and intellectual disability syndrome (disorder)"
"3202",719909009,"Chromosome Xq28 trisomy (disorder)"
"3203",719947004,"Craniofacial dysmorphism with coloboma of eye and corpus callosum agenesis syndrome (disorder)"
"3204",720010009,"Microphthalmia with brain atrophy syndrome (disorder)"
"3205",720401009,"Cystic fibrosis with gastritis and megaloblastic anemia syndrome (disorder)"
"3206",720451004,"Minimal recurrent major depression (disorder)"
"3207",720452006,"Moderately severe recurrent major depression (disorder)"
"3208",720453001,"Moderately severe major depression single episode (disorder)"
"3209",720454007,"Minimal major depression single episode (disorder)"
"3210",720455008,"Minimal major depression (disorder)"
"3211",720468000,"Aniridia and intellectual disability syndrome (disorder)"
"3212",720501007,"Arachnodactyly with abnormal ossification and intellectual disability syndrome (disorder)"
"3213",720502000,"Arachnodactyly and intellectual disability with facial dysmorphism syndrome (disorder)"
"3214",720517001,"Ataxia with deafness and intellectual disability syndrome (disorder)"
"3215",720573009,"Brachymorphism with onychodysplasia and dysphalangism syndrome (disorder)"
"3216",720635002,"Cerebro-facio-thoracic dysplasia (disorder)"
"3217",720639008,"Coloboma, congenital heart disease, ichthyosiform dermatosis, intellectual disability ear anomaly syndrome (disorder)"
"3218",720746006,"Contracture with ectodermal dysplasia and orofacial cleft syndrome (disorder)"
"3219",720748007,"Aural atresia with multiple congenital anomalies and intellectual disability syndrome (disorder)"
"3220",720825005,"Cystic leukoencephalopathy without megalencephaly (disorder)"
"3221",720855003,"Cerebrooculonasal syndrome (disorder)"
"3222",720954000,"Filippi syndrome (disorder)"
"3223",720955004,"Fine Lubinsky syndrome (disorder)"
"3224",720957007,"Deafness with skeletal dysplasia and lip granuloma syndrome (disorder)"
"3225",720979002,"Alopecia, contracture, dwarfism, intellectual disability syndrome (disorder)"
"3226",720981000,"Alopecia and intellectual disability with hypergonadotropic hypogonadism syndrome (disorder)"
"3227",720982007,"Alport syndrome, intellectual disability, midface hypoplasia, elliptocytosis syndrome (disorder)"
"3228",721007005,"Hair defect with photosensitivity and intellectual disability syndrome (disorder)"
"3229",721008000,"Hall Riggs syndrome (disorder)"
"3230",721017000,"Postaxial polydactyly and intellectual disability syndrome (disorder)"
"3231",721073008,"Short stature with webbed neck and congenital heart disease syndrome (disorder)"
"3232",721086004,"Deafness, genital anomaly, metacarpal and metatarsal synostosis syndrome (disorder)"
"3233",721087008,"Deafness and intellectual disability Martin Probst type syndrome (disorder)"
"3234",721089006,"Dentinogenesis imperfecta, short stature, hearing loss, intellectual disability syndrome (disorder)"
"3235",721146009,"Intellectual disability, epilepsy, bulbous nose syndrome (disorder)"
"3236",721165001,"Variably protease sensitive prionopathy (disorder)"
"3237",721207002,"Seizure, sensorineural deafness, ataxia, intellectual disability, electrolyte imbalance syndrome (disorder)"
"3238",721208007,"Ectodermal dysplasia with blindness syndrome (disorder)"
"3239",721219005,"Familial Alzheimer-like prion disease (disorder)"
"3240",721224008,"Holmes Gang syndrome (disorder)"
"3241",721255002,"Acquired prion disease (disorder)"
"3242",721710005,"Fibrosis of liver caused by alcohol (disorder)"
"3243",721841001,"Hypogonadism with mitral valve prolapse and intellectual disability syndrome (disorder)"
"3244",721843003,"Growth retardation, alopecia, pseudoanodontia, optic atrophy syndrome (disorder)"
"3245",721875000,"Juberg Marsidi syndrome (disorder)"
"3246",721883006,"Radioulnar synostosis with developmental delay and hypotonia syndrome (disorder)"
"3247",721973006,"Lipodystrophy, intellectual disability, deafness syndrome (disorder)"
"3248",721974000,"Lowry MacLean syndrome (disorder)"
"3249",722002002,"Intellectual disability, balding, patella luxation, acromicria syndrome (disorder)"
"3250",722003007,"Intellectual disability with cataract and kyphosis syndrome (disorder)"
"3251",722031003,"Kapur Toriello syndrome (disorder)"
"3252",722033000,"Macrocephaly, short stature, paraplegia syndrome (disorder)"
"3253",722035007,"Intellectual disability, enteropathy, deafness, peripheral neuropathy, ichthyosis, keratoderma syndrome (disorder)"
"3254",722037004,"Intellectual disability, epileptic seizures, hypogonadism and hypogenitalism, microcephaly, obesity syndrome (disorder)"
"3255",722055008,"Oculopalatocerebral syndrome (disorder)"
"3256",722056009,"Oculocerebrofacial syndrome Kaufman type (disorder)"
"3257",722065002,"Okamoto syndrome (disorder)"
"3258",722075004,"Oro-facial digital syndrome type 10 (disorder)"
"3259",722105002,"Oro-facial digital syndrome type 5 (disorder)"
"3260",722106001,"Oro-facial digital syndrome type 8 (disorder)"
"3261",722107005,"Ossification anomaly with psychomotor developmental delay syndrome (disorder)"
"3262",722110003,"Osteogenesis imperfecta, retinopathy, seizures, intellectual disability syndrome (disorder)"
"3263",722111004,"Osteopenia, myopia, hearing loss, intellectual disability, facial dysmorphism syndrome (disorder)"
"3264",722209002,"Spastic paraplegia, intellectual disability, palmoplantar hyperkeratosis syndrome (disorder)"
"3265",722213009,"Severe X-linked intellectual disability Gustavson type (disorder)"
"3266",722281001,"Agammaglobulinemia, microcephaly, craniosynostosis, severe dermatitis syndrome (disorder)"
"3267",722282008,"Agenesis of corpus callosum, intellectual disability, coloboma, micrognathia syndrome (disorder)"
"3268",722287002,"Autism and facial port-wine stain syndrome (disorder)"
"3269",722378009,"Congenital cataract with deafness and hypogonadism syndrome (disorder)"
"3270",722379001,"Congenital cataract with hypertrichosis and intellectual disability syndrome (disorder)"
"3271",722380003,"Congenital cataract with intellectual disability and hypogonadotropic hypogonadism syndrome (disorder)"
"3272",722454003,"Intellectual disability, craniofacial dysmorphism, hypogonadism, diabetes mellitus syndrome (disorder)"
"3273",722455002,"Intellectual disability, hypoplastic corpus callosum, preauricular tag syndrome (disorder)"
"3274",722456001,"Intellectual disability, developmental delay, contracture syndrome (disorder)"
"3275",722459008,"Male hypergonadotropic hypogonadism, intellectual disability, skeletal anomaly syndrome (disorder)"
"3276",722477003,"Toriello Carey syndrome (disorder)"
"3277",722478008,"Skeletal dysplasia with intellectual disability syndrome (disorder)"
"3278",722600006,"Non-amnestic Alzheimer disease (disorder)"
"3279",722877006,"Adult rumination syndrome of ingested food (disorder)"
"3280",722959000,"Anorexia nervosa co-occurrent with dangerously low body weight (disorder)"
"3281",722960005,"Anorexia nervosa co-occurrent with significantly low body weight (disorder)"
"3282",722961009,"Delirium caused by substance or medication (disorder)"
"3283",722962002,"Amnestic disorder caused by substance (disorder)"
"3284",722972004,"Secondary tic disorder (disorder)"
"3285",722973009,"Tic due to developmental disorder (disorder)"
"3286",722975002,"Primary stereotypy (disorder)"
"3287",722976001,"Secondary stereotypy (disorder)"
"3288",722977005,"Dementia co-occurrent and due to neurocysticercosis (disorder)"
"3289",722978000,"Toxic dementia (disorder)"
"3290",722979008,"Dementia due to metabolic abnormality (disorder)"
"3291",722980006,"Dementia due to chromosomal anomaly (disorder)"
"3292",723122006,"Primary tic disorder (disorder)"
"3293",723123001,"Ischemic vascular dementia (disorder)"
"3294",723304001,"Microcephaly, seizure, intellectual disability, heart disease syndrome (disorder)"
"3295",723332005,"Isodicentric chromosome 15 syndrome (disorder)"
"3296",723333000,"Faciocardiorenal syndrome (disorder)"
"3297",723336008,"Fallot complex with intellectual disability and growth delay syndrome (disorder)"
"3298",723365002,"Hypotrichosis and intellectual disability syndrome Lopes type (disorder)"
"3299",723390000,"Rapidly progressive dementia (disorder)"
"3300",723403008,"Microbrachycephaly, ptosis, cleft lip syndrome (disorder)"
"3301",723410002,"N syndrome (disorder)"
"3302",723441001,"Non-progressive cerebellar ataxia with intellectual disability (disorder)"
"3303",723454008,"Phosphoribosylpyrophosphate synthetase superactivity (disorder)"
"3304",723501008,"Renier Gabreels Jasper syndrome (disorder)"
"3305",723504000,"Ramos Arroyo syndrome (disorder)"
"3306",723621000,"Spastic tetraplegia, retinitis pigmentosa, intellectual disability syndrome (disorder)"
"3307",723676007,"Severe intellectual disability, epilepsy, anal anomaly, distal phalangeal hypoplasia syndrome (disorder)"
"3308",723899008,"Delusional disorder currently symptomatic (disorder)"
"3309",723900003,"Delusional disorder currently in partial remission (disorder)"
"3310",723901004,"Delusional disorder currently in full remission (disorder)"
"3311",723903001,"Bipolar type I disorder currently in full remission (disorder)"
"3312",723905008,"Bipolar type II disorder currently in full remission (disorder)"
"3313",723912004,"Secondary mood disorder (disorder)"
"3314",723913009,"Olfactory reference disorder (disorder)"
"3315",723914003,"Prolonged grief disorder (disorder)"
"3316",723915002,"Secondary dissociative disorder (disorder)"
"3317",723916001,"Bodily distress disorder (disorder)"
"3318",723917005,"Dangerously low body weight co-occurrent and due to anorexia nervosa of restricting type (disorder)"
"3319",723918000,"Dangerously low body weight co-occurrent and due to anorexia nervosa of binge-eating purging type (disorder)"
"3320",723919008,"Significantly low body weight co-occurrent and due to anorexia nervosa of restricting type (disorder)"
"3321",723920002,"Significantly low body weight co-occurrent and due to anorexia nervosa of binge-eating purging type (disorder)"
"3322",723926008,"Perceptual disturbances and seizures co-occurrent and due to alcohol withdrawal (disorder)"
"3323",723927004,"Psychotic disorder caused by alcohol with schizophreniform symptoms (disorder)"
"3324",723928009,"Mood disorder with depressive symptoms caused by alcohol (disorder)"
"3325",723929001,"Mood disorder with manic symptoms caused by alcohol (disorder)"
"3326",723930006,"Mood disorder with mixed manic and depressive symptoms caused by alcohol (disorder)"
"3327",723933008,"Cannabis dependence with current use (disorder)"
"3328",723936000,"Psychotic disorder caused by cannabis (disorder)"
"3329",723937009,"Sleep disorder caused by cannabis (disorder)"
"3330",723994004,"Seizures and intellectual disability due to hydroxylysinuria syndrome (disorder)"
"3331",724001005,"Retinitis pigmentosa, intellectual disability, deafness, hypogenitalism syndrome (disorder)"
"3332",724039002,"Psychomotor retardation due to S-adenosylhomocysteine hydrolase deficiency (disorder)"
"3333",724137002,"Macrocephaly, obesity, mental disability, ocular abnormality syndrome (disorder)"
"3334",724178000,"Laryngeal abductor paralysis with intellectual disability syndrome (disorder)"
"3335",724207001,"Kleefstra syndrome (disorder)"
"3336",724228005,"Infantile choroidocerebral calcification syndrome (disorder)"
"3337",724544000,"Infection causing tic (disorder)"
"3338",724545004,"Tic due to and following infection (disorder)"
"3339",724564005,"Intellectual developmental disorder due to nutritional deficiency (disorder)"
"3340",724651001,"Developmental speech fluency disorder (disorder)"
"3341",724652008,"Stereotypic movement disorder without self-injurious behavior (disorder)"
"3342",724653003,"Opioid dependence with current use (disorder)"
"3343",724654009,"Anxiety disorder caused by opioid (disorder)"
"3344",724655005,"Psychotic disorder caused by opioid (disorder)"
"3345",724656006,"Hypnotic dependence (disorder)"
"3346",724657002,"Sedative dependence with current use (disorder)"
"3347",724658007,"Hypnotic dependence with current use (disorder)"
"3348",724659004,"Anxiolytic dependence with current use (disorder)"
"3349",724660009,"Hypnotic withdrawal syndrome (disorder)"
"3350",724661008,"Anxiolytic withdrawal syndrome (disorder)"
"3351",724662001,"Sedative withdrawal syndrome without complication (disorder)"
"3352",724663006,"Hypnotic withdrawal syndrome without complication (disorder)"
"3353",724664000,"Anxiolytic withdrawal syndrome without complication (disorder)"
"3354",724665004,"Perceptual disturbances co-occurrent and due to sedative withdrawal (disorder)"
"3355",724666003,"Perceptual disturbances co-occurrent and due to hypnotic withdrawal (disorder)"
"3356",724667007,"Perceptual disturbances co-occurrent and due to anxiolytic withdrawal (disorder)"
"3357",724668002,"Seizure co-occurrent and due to sedative withdrawal (disorder)"
"3358",724669005,"Seizure co-occurrent and due to hypnotic withdrawal (disorder)"
"3359",724670006,"Seizure co-occurrent and due to anxiolytic withdrawal (disorder)"
"3360",724671005,"Perceptual disturbances and seizures co-occurrent and due to sedative withdrawal (disorder)"
"3361",724672003,"Perceptual disturbances and seizures co-occurrent and due to hypnotic withdrawal (disorder)"
"3362",724673008,"Psychotic disorder caused by sedative (disorder)"
"3363",724674002,"Psychotic disorder caused by hypnotic (disorder)"
"3364",724675001,"Psychotic disorder caused by anxiolytic (disorder)"
"3365",724676000,"Mood disorder with depressive symptoms caused by sedative (disorder)"
"3366",724677009,"Mood disorder with depressive symptoms caused by hypnotic (disorder)"
"3367",724678004,"Mood disorder with depressive symptoms caused by anxiolytic (disorder)"
"3368",724679007,"Mood disorder with manic symptoms caused by sedative (disorder)"
"3369",724680005,"Mood disorder with manic symptoms caused by hypnotic (disorder)"
"3370",724681009,"Mood disorder with manic symptoms caused by anxiolytic (disorder)"
"3371",724682002,"Mood disorder with mixed depressive and manic symptoms caused by sedative (disorder)"
"3372",724683007,"Mood disorder with mixed depressive and manic symptoms caused by hypnotic (disorder)"
"3373",724684001,"Mood disorder with mixed depressive and manic symptoms caused by anxiolytic (disorder)"
"3374",724685000,"Amnestic disorder caused by sedative (disorder)"
"3375",724686004,"Amnestic disorder caused by hypnotic (disorder)"
"3376",724687008,"Amnestic disorder caused by anxiolytic (disorder)"
"3377",724688003,"Cocaine dependence with current use (disorder)"
"3378",724689006,"Psychotic disorder caused by cocaine (disorder)"
"3379",724690002,"Mood disorder with depressive symptoms caused by cocaine (disorder)"
"3380",724691003,"Mood disorder with manic symptoms caused by cocaine (disorder)"
"3381",724692005,"Mood disorder with mixed depressive and manic symptoms caused by cocaine (disorder)"
"3382",724693000,"Obsessive compulsive disorder caused by cocaine (disorder)"
"3383",724694006,"Harmful pattern of use of caffeine (disorder)"
"3384",724695007,"Hallucinogen dependence with current use (disorder)"
"3385",724696008,"Psychotic disorder caused by hallucinogen (disorder)"
"3386",724697004,"Harmful pattern of use of nicotine (disorder)"
"3387",724698009,"Nicotine dependence with current use (disorder)"
"3388",724700000,"Volatile inhalant dependence with current use (disorder)"
"3389",724702008,"Psychotic disorder caused by volatile inhalant (disorder)"
"3390",724703003,"Harmful pattern of use of substituted amphetamine (disorder)"
"3391",724704009,"Methylenedioxymethamphetamine dependence with current use (disorder)"
"3392",724705005,"Delirium caused by methylenedioxymethamphetamine (disorder)"
"3393",724706006,"Psychotic disorder caused by methylenedioxymethamphetamine (disorder)"
"3394",724707002,"Mood disorder caused by methylenedioxymethamphetamine (disorder)"
"3395",724708007,"Anxiety disorder caused by methylenedioxymethamphetamine (disorder)"
"3396",724711008,"Intoxication caused by ketamine (disorder)"
"3397",724712001,"Harmful use of dissociative drug (disorder)"
"3398",724713006,"Harmful use of ketamine (disorder)"
"3399",724714000,"Dependence caused by dissociative substance (disorder)"
"3400",724715004,"Ketamine dependence (disorder)"
"3401",724716003,"Delirium caused by ketamine (disorder)"
"3402",724717007,"Delirium caused by dissociative drug (disorder)"
"3403",724718002,"Psychotic disorder caused by dissociative drug (disorder)"
"3404",724719005,"Psychotic disorder caused by ketamine (disorder)"
"3405",724720004,"Mood disorder caused by dissociative drug (disorder)"
"3406",724721000,"Mood disorder caused by ketamine (disorder)"
"3407",724722007,"Anxiety disorder caused by dissociative drug (disorder)"
"3408",724723002,"Anxiety disorder caused by ketamine (disorder)"
"3409",724724008,"Psychoactive substance dependence with current use (disorder)"
"3410",724725009,"Psychoactive substance withdrawal syndrome without complication (disorder)"
"3411",724726005,"Perceptual disturbances co-occurrent and due to psychoactive substance withdrawal (disorder)"
"3412",724727001,"Seizure co-occurrent and due to psychoactive substance withdrawal (disorder)"
"3413",724728006,"Perceptual disturbances and seizures co-occurrent and due to psychoactive substance withdrawal (disorder)"
"3414",724729003,"Psychotic disorder caused by psychoactive substance (disorder)"
"3415",724730008,"Obsessive compulsive disorder caused by psychoactive substance (disorder)"
"3416",724733005,"Oppositional defiant disorder co-occurrent with chronic irritability-anger (disorder)"
"3417",724734004,"Oppositional defiant disorder co-occurrent with chronic irritability-anger with normal prosocial emotions (disorder)"
"3418",724735003,"Oppositional defiant disorder without chronic irritability-anger (disorder)"
"3419",724736002,"Oppositional defiant disorder without chronic irritability-anger with limited prosocial emotions (disorder)"
"3420",724737006,"Oppositional defiant disorder without chronic irritability-anger with normal prosocial emotions (disorder)"
"3421",724738001,"Childhood onset conduct-dissocial disorder with limited prosocial emotions (disorder)"
"3422",724739009,"Childhood onset conduct-dissocial disorder with normal prosocial emotions (disorder)"
"3423",724740006,"Adolescent onset conduct-dissocial disorder (disorder)"
"3424",724741005,"Adolescent onset conduct-dissocial disorder with limited prosocial emotions (disorder)"
"3425",724742003,"Adolescent onset conduct-dissocial disorder with normal prosocial emotions (disorder)"
"3426",724743008,"Coercive sexual sadism (disorder)"
"3427",724744002,"Paraphilia involving non-consenting individual (disorder)"
"3428",724745001,"Paraphilia involving solitary behavior or consenting individuals (disorder)"
"3429",724746000,"Delirium due to multiple etiological factors (disorder)"
"3430",724747009,"Amnestic disorder due to multiple etiological factors (disorder)"
"3431",724752004,"Hypnogogic exploding head syndrome (disorder)"
"3432",724755002,"Positive symptoms co-occurrent and due to primary psychotic disorder (disorder)"
"3433",724756001,"Negative symptoms co-occurrent and due to primary psychotic disorder (disorder)"
"3434",724757005,"Depressive symptoms due to primary psychotic disorder (disorder)"
"3435",724758000,"Manic symptoms co-occurrent and due to primary psychotic disorder (disorder)"
"3436",724759008,"Psychomotor symptom co-occurrent and due to psychotic disorder (disorder)"
"3437",724760003,"Cognitive impairment co-occurrent and due to primary psychotic disorder (disorder)"
"3438",724776007,"Dementia due to disorder of central nervous system (disorder)"
"3439",724777003,"Dementia due to infectious disease (disorder)"
"3440",724818008,"Functional monoparesis (disorder)"
"3441",724819000,"Functional paraparesis (disorder)"
"3442",724992007,"Epilepsy co-occurrent and due to dementia (disorder)"
"3443",725121001,"Selective serotonin re-uptake inhibitor withdrawal syndrome (disorder)"
"3444",725140007,"Temple Baraitser syndrome (disorder)"
"3445",725163002,"X-linked spasticity, intellectual disability, epilepsy syndrome (disorder)"
"3446",725289009,"5-amino-4-imidazole carboxamide ribosiduria (disorder)"
"3447",725292008,"Paraplegia, brachydactyly, cone-shaped epiphysis syndrome (disorder)"
"3448",725589005,"Bullous dystrophy macular type (disorder)"
"3449",725898002,"Delirium co-occurrent with dementia (disorder)"
"3450",725906006,"Intellectual disability Buenos Aires type (disorder)"
"3451",725908007,"Neurofaciodigitorenal syndrome (disorder)"
"3452",725912001,"X-linked intellectual disability Brooks type (disorder)"
"3453",726031001,"Cerebellar ataxia, intellectual disability, optic atrophy, skin abnormalities syndrome (disorder)"
"3454",726621009,"Caudal appendage deafness syndrome (disorder)"
"3455",726669007,"Central nervous system calcification, deafness, tubular acidosis, anemia syndrome (disorder)"
"3456",726670008,"Weaver Williams syndrome (disorder)"
"3457",726672000,"Short stature, unique facies, enamel hypoplasia, progressive joint stiffness, high-pitched voice syndrome (disorder)"
"3458",726709001,"Intellectual disability, cataract, calcified pinna, myopathy syndrome (disorder)"
"3459",726727003,"X-linked intellectual disability Hedera type (disorder)"
"3460",726732002,"X-linked intellectual disability Nascimento type (disorder)"
"3461",726772006,"Major depression with psychotic features (disorder)"
"3462",732246009,"X-linked intellectual disability, limb spasticity, retinal dystrophy, arginine vasopressin deficiency (disorder)"
"3463",732251003,"Cortical blindness, intellectual disability, polydactyly syndrome (disorder)"
"3464",732954002,"Osteopenia, intellectual disability, sparse hair syndrome (disorder)"
"3465",732957009,"Brachydactyly and preaxial hallux varus syndrome (disorder)"
"3466",732958004,"Spastic paraplegia with precocious puberty syndrome (disorder)"
"3467",732961003,"Branchial dysplasia, intellectual disability, inguinal hernia syndrome (disorder)"
"3468",733031004,"Epilepsy, microcephaly, skeletal dysplasia syndrome (disorder)"
"3469",733032006,"Epilepsy telangiectasia syndrome (disorder)"
"3470",733049004,"Encephalopathy, intracerebral calcification, retinal degeneration syndrome (disorder)"
"3471",733050004,"Dysmorphism, short stature, deafness, disorder of sex development syndrome (disorder)"
"3472",733062000,"Marfanoid habitus with autosomal recessive intellectual disability syndrome (disorder)"
"3473",733072002,"Alaninuria, microcephaly, dwarfism, enamel hypoplasia, diabetes mellitus syndrome (disorder)"
"3474",733086003,"Pseudoprogeria syndrome (disorder)"
"3475",733088002,"Preaxial polydactyly, colobomata, intellectual disability syndrome (disorder)"
"3476",733090001,"Microcephalus, digital anomaly, intellectual disability syndrome (disorder)"
"3477",733097003,"Ichthyosis, intellectual disability, dwarfism, renal impairment syndrome (disorder)"
"3478",733110004,"Van den Bosch syndrome (disorder)"
"3479",733116005,"Aniridia, renal agenesis, psychomotor retardation syndrome (disorder)"
"3480",733117001,"Thumb stiffness, brachydactyly, intellectual disability syndrome (disorder)"
"3481",733184002,"Dementia caused by heavy metal exposure (disorder)"
"3482",733185001,"Dementia following injury caused by exposure to ionizing radiation (disorder)"
"3483",733190003,"Dementia due to primary malignant neoplasm of brain (disorder)"
"3484",733191004,"Dementia due to chronic subdural hematoma (disorder)"
"3485",733192006,"Dementia due to herpes encephalitis (disorder)"
"3486",733193001,"Dementia co-occurrent and due to progressive multifocal leukoencephalopathy (disorder)"
"3487",733194007,"Dementia co-occurrent and due to Down syndrome (disorder)"
"3488",733417008,"Facial dysmorphism, macrocephaly, myopia, Dandy-Walker malformation syndrome (disorder)"
"3489",733419006,"Metaphyseal dysostosis, intellectual disability, conductive deafness syndrome (disorder)"
"3490",733422008,"Prion protein systemic amyloidosis (disorder)"
"3491",733455003,"Spastic paraplegia, glaucoma, intellectual disability syndrome (disorder)"
"3492",733472005,"Microcephalus, glomerulonephritis, marfanoid habitus syndrome (disorder)"
"3493",733522005,"Megalocornea with intellectual disability syndrome (disorder)"
"3494",733623005,"Autism spectrum disorder, epilepsy, arthrogryposis syndrome (disorder)"
"3495",734017008,"Ectodermal dysplasia, intellectual disability, central nervous system malformation syndrome (disorder)"
"3496",734173003,"Skeletal abnormality, cutis laxa, craniostenosis, ambiguous genitalia, retardation, facial abnormality syndrome (disorder)"
"3497",734349003,"Alpha-thalassemia intellectual disability syndrome linked to chromosome 16 (disorder)"
"3498",735541006,"Dissociative neurological symptom disorder (disorder)"
"3499",735542004,"Dissociative neurological disorder with symptom of weakness (disorder)"
"3500",735543009,"Dissociative neurological disorder with symptom of alteration of sensation (disorder)"
"3501",735544003,"Dissociative neurological disorder with symptom of movement disorder (disorder)"
"3502",735545002,"Dissociative neurological symptom disorder with visual symptom (disorder)"
"3503",735546001,"Dissociative neurological symptom disorder with swallowing symptom (disorder)"
"3504",735547005,"Dissociative neurological symptom disorder co-occurrent with auditory symptom (disorder)"
"3505",735548000,"Dissociative neurological symptom disorder co-occurrent with dizziness (disorder)"
"3506",735549008,"Gambling disorder predominantly offline (disorder)"
"3507",735550008,"Gambling disorder predominantly online (disorder)"
"3508",735551007,"Gaming disorder (disorder)"
"3509",735552000,"Gaming disorder predominantly online (disorder)"
"3510",735553005,"Gaming disorder predominantly offline (disorder)"
"3511",735625001,"Acquired generalized anorgasmia (disorder)"
"3512",735626000,"Acquired situational anorgasmia (disorder)"
"3513",735627009,"Lifelong generalized anorgasmia (disorder)"
"3514",735628004,"Lifelong situational anorgasmia (disorder)"
"3515",735750005,"Psychotic disorder with schizophreniform symptoms caused by cocaine (disorder)"
"3516",735907005,"Exertional heat stroke (disorder)"
"3517",736313002,"Dissociative neurological symptom disorder co-occurrent with symptoms of gait disorder (disorder)"
"3518",736314008,"Dissociative neurological symptom disorder co-occurrent with cognitive impairment (disorder)"
"3519",736315009,"Dissociative neurological symptom disorder co-occurrent with alteration of consciousness (disorder)"
"3520",736316005,"Dissociative neurological symptom disorder co-occurrent with symptom of speech production (disorder)"
"3521",737225007,"Secondary psychotic syndrome with hallucinations and delusions (disorder)"
"3522",737226008,"Disorder caused by cannabis (disorder)"
"3523",737334000,"Disorder caused by synthetic cannabinoid use (disorder)"
"3524",737335004,"Synthetic cannabinoid intoxication (disorder)"
"3525",737336003,"Harmful pattern of use of synthetic cannabinoid (disorder)"
"3526",737337007,"Synthetic cannabinoid dependence (disorder)"
"3527",737338002,"Synthetic cannabinoid withdrawal syndrome (disorder)"
"3528",737339005,"Delirium caused by synthetic cannabinoid (disorder)"
"3529",737340007,"Psychotic disorder caused by synthetic cannabinoid (disorder)"
"3530",737341006,"Anxiety disorder caused by synthetic cannabinoid (disorder)"
"3531",737342004,"Sleep disorder caused by synthetic cannabinoid (disorder)"
"3532",762317007,"Developmental language disorder co-occurrent with impairment of receptive and expressive language (disorder)"
"3533",762318002,"Developmental language disorder co-occurrent with impairment of expressive language (disorder)"
"3534",762319005,"Developmental language disorder co-occurrent with impairment of mainly pragmatic language (disorder)"
"3535",762320004,"Mood disorder with manic symptoms caused by opioid (disorder)"
"3536",762321000,"Mood disorder with depressive symptoms caused by opioid (disorder)"
"3537",762322007,"Mood disorder with mixed depressive and manic symptoms caused by opioid (disorder)"
"3538",762323002,"Intoxication caused by stimulant (disorder)"
"3539",762324008,"Delirium caused by stimulant (disorder)"
"3540",762325009,"Psychotic disorder caused by stimulant (disorder)"
"3541",762326005,"Psychotic disorder with hallucinations caused by stimulant (disorder)"
"3542",762327001,"Psychotic disorder with delusions caused by stimulant (disorder)"
"3543",762328006,"Mood disorder caused by stimulant (disorder)"
"3544",762329003,"Mood disorder with depressive symptoms caused by stimulant (disorder)"
"3545",762330008,"Mood disorder with mixed depressive and manic symptoms caused by stimulant (disorder)"
"3546",762331007,"Anxiety disorder caused by stimulant (disorder)"
"3547",762332000,"Obsessive compulsive disorder caused by stimulant (disorder)"
"3548",762333005,"Sexual dysfunction caused by stimulant (disorder)"
"3549",762334004,"Sleep disorder caused by stimulant (disorder)"
"3550",762335003,"Mood disorder with manic symptoms caused by hallucinogen (disorder)"
"3551",762336002,"Mood disorder with depressive symptoms caused by hallucinogen (disorder)"
"3552",762337006,"Mood disorder with mixed depressive and manic symptoms caused by hallucinogen (disorder)"
"3553",762338001,"Mood disorder with manic symptoms caused by volatile inhalant (disorder)"
"3554",762339009,"Mood disorder with depressive symptoms caused by volatile inhalant (disorder)"
"3555",762340006,"Mood disorder with mixed depressive and manic symptoms caused by volatile inhalant (disorder)"
"3556",762341005,"Mood disorder with manic symptoms caused by ecstasy type drug (disorder)"
"3557",762342003,"Mood disorder with depressive symptoms caused by ecstasy type drug (disorder)"
"3558",762343008,"Mood disorder with mixed depressive and manic symptoms caused by ecstasy type drug (disorder)"
"3559",762344002,"Mood disorder with manic symptoms caused by dissociative drug (disorder)"
"3560",762345001,"Mood disorder with depressive symptoms caused by dissociative drug (disorder)"
"3561",762346000,"Mood disorder with mixed depressive and manic symptoms caused by dissociative drug (disorder)"
"3562",762347009,"Childhood onset conduct-dissocial disorder (disorder)"
"3563",762350007,"Dementia due to prion disease (disorder)"
"3564",762351006,"Dementia due to and following injury of head (disorder)"
"3565",762461003,"Complex dissociative intrusion disorder (disorder)"
"3566",762502009,"Developmental language disorder co-occurrent with language impairment (disorder)"
"3567",762503004,"Disorder caused by synthetic cathinone (disorder)"
"3568",762504005,"Harmful pattern of use of synthetic cathinone (disorder)"
"3569",762505006,"Synthetic cathinone dependence (disorder)"
"3570",762506007,"Delirium caused by synthetic cathinone (disorder)"
"3571",762507003,"Psychotic disorder caused by synthetic cathinone (disorder)"
"3572",762508008,"Psychotic disorder with hallucinations caused by synthetic cathinone (disorder)"
"3573",762509000,"Psychotic disorder with delusions caused by synthetic cathinone (disorder)"
"3574",762510005,"Psychotic disorder with schizophreniform symptoms caused by synthetic cathinone (disorder)"
"3575",762511009,"Mood disorder caused by synthetic cathinone (disorder)"
"3576",762512002,"Mood disorder with depressive symptoms caused by synthetic cathinone (disorder)"
"3577",762513007,"Mood disorder with manic symptoms caused by synthetic cathinone (disorder)"
"3578",762514001,"Mood disorder with mixed depressive and manic symptoms caused by synthetic cathinone (disorder)"
"3579",762515000,"Anxiety disorder caused by synthetic cathinone (disorder)"
"3580",762516004,"Obsessive compulsive disorder caused by synthetic cathinone (disorder)"
"3581",762517008,"Sexual dysfunction caused by synthetic cathinone (disorder)"
"3582",762518003,"Sleep disorder caused by synthetic cathinone (disorder)"
"3583",762522008,"Penoscrotodynia (disorder)"
"3584",762532001,"Body integrity dysphoria (disorder)"
"3585",762671008,"Intoxication caused by synthetic cathinone (disorder)"
"3586",762672001,"Synthetic cathinone withdrawal syndrome (disorder)"
"3587",762707000,"Subcortical dementia (disorder)"
"3588",763136000,"Charcot-Marie-Tooth disease, deafness, intellectual disability syndrome (disorder)"
"3589",763186006,"Grubben, De Cock, Borghgraef syndrome (disorder)"
"3590",763278004,"Facial dysmorphism, cleft palate, loose skin syndrome (disorder)"
"3591",763320005,"Craniofaciofrontodigital syndrome (disorder)"
"3592",763344007,"Cerebellar ataxia, intellectual disability, oculomotor apraxia, cerebellar cysts syndrome (disorder)"
"3593",763350002,"Intellectual disability, obesity, brain malformation, facial dysmorphism syndrome (disorder)"
"3594",763353000,"Cerebrofacioarticular syndrome (disorder)"
"3595",763404001,"Ichthyosis, alopecia, eclabion, ectropion, intellectual disability syndrome (disorder)"
"3596",763615003,"Aortic arch anomaly, facial dysmorphism, intellectual disability syndrome (disorder)"
"3597",763618001,"Wiedemann Steiner syndrome (disorder)"
"3598",763626009,"Intellectual disability due to nutritional deficiency (disorder)"
"3599",763665007,"Craniodigital syndrome and intellectual disability syndrome (disorder)"
"3600",763722004,"Hypotonia, speech impairment, severe cognitive delay syndrome (disorder)"
"3601",763741001,"Intellectual disability, alacrima, achalasia syndrome (disorder)"
"3602",763742008,"Intellectual disability, polydactyly, uncombable hair syndrome (disorder)"
"3603",763743003,"Intellectual disability, spasticity, ectrodactyly syndrome (disorder)"
"3604",763744009,"Intellectual disability, brachydactyly, Pierre Robin syndrome (disorder)"
"3605",763745005,"Intellectual disability Wolff type (disorder)"
"3606",763773007,"Macrocephaly and developmental delay syndrome (disorder)"
"3607",763793004,"Limbic encephalitis with contactin-associated protein-like 2 antibodies (disorder)"
"3608",763794005,"Limbic encephalitis with leucine-rich glioma-inactivated 1 antibodies (disorder)"
"3609",763795006,"Malan overgrowth syndrome (disorder)"
"3610",763797003,"Agenesis of corpus callosum and abnormal genitalia syndrome (disorder)"
"3611",763837007,"Oro-facial digital syndrome type 14 (disorder)"
"3612",763861000,"Pachygyria, intellectual disability, epilepsy syndrome (disorder)"
"3613",764455002,"Cognitive impairment, coarse facies, heart defects, obesity, pulmonary involvement, short stature, skeletal dysplasia syndrome (disorder)"
"3614",764732004,"Microcephalus, cerebellar hypoplasia, cardiac conduction defect syndrome (disorder)"
"3615",764783004,"Mild bodily distress disorder (disorder)"
"3616",764784005,"Moderate bodily distress disorder (disorder)"
"3617",764785006,"Severe bodily distress disorder (disorder)"
"3618",764861005,"Intellectual disability Birk-Barel type (disorder)"
"3619",764950001,"Cryptorchidism, arachnodactyly, intellectual disability syndrome (disorder)"
"3620",764959000,"Intellectual disability, myopathy, short stature, endocrine defect syndrome (disorder)"
"3621",764998005,"Non-herpetic acute limbic encephalitis (disorder)"
"3622",765089003,"Focal epilepsy, intellectual disability, cerebro-cerebellar malformation syndrome (disorder)"
"3623",765108007,"Pedophilia targeting children of female sex (disorder)"
"3624",765109004,"Pedophilia targeting children of male sex (disorder)"
"3625",765110009,"Sexual arousal by exposure of genitals to non-consenting person (disorder)"
"3626",765111008,"Sexual arousal by exposure of genitals to non-consenting postpubertal person (disorder)"
"3627",765112001,"Sexual arousal by exposure of genitals to non-consenting prepubertal person (disorder)"
"3628",765151006,"Asphyxiophilia (disorder)"
"3629",765169002,"Telephone scatologia (disorder)"
"3630",765170001,"Sodium voltage-gated channel alpha subunit 8-related epilepsy with encephalopathy (disorder)"
"3631",765176007,"Psychosis and severe depression co-occurrent and due to bipolar affective disorder (disorder)"
"3632",765325002,"Peripheral demyelinating neuropathy, central dysmyelinating leukodystrophy, Waardenburg syndrome, Hirschsprung disease (disorder)"
"3633",765399000,"Sexual arousal by exposure of genitals to non-consenting prepubertal and postpubertal person (disorder)"
"3634",765434008,"Human immunodeficiency virus type I enhancer binding protein 2 related intellectual disability (disorder)"
"3635",765471005,"X-linked intellectual disability, hypogonadism, ichthyosis, obesity, short stature syndrome (disorder)"
"3636",765758008,"Microcephalic primordial dwarfism Montreal type (disorder)"
"3637",765761009,"Brachydactyly, mesomelia, intellectual disability, heart defect syndrome (disorder)"
"3638",766219005,"Methaqualone poisoning (disorder)"
"3639",766220004,"Adverse reaction caused by methaqualone (disorder)"
"3640",766221000,"Accidental poisoning caused by methaqualone (disorder)"
"3641",766753005,"Nijmegen breakage syndrome-like disorder (disorder)"
"3642",766824003,"Activity dependent neuroprotector homeobox related multiple congenital anomalies, intellectual disability, autism spectrum disorder (disorder)"
"3643",766870005,"Epiphyseal dysplasia, hearing loss, dysmorphism syndrome (disorder)"
"3644",766871009,"Diencephalic mesencephalic junction dysplasia (disorder)"
"3645",767631007,"Bipolar disorder, most recent episode depression (disorder)"
"3646",767632000,"Bipolar disorder, most recent episode manic (disorder)"
"3647",767633005,"Bipolar affective disorder, most recent episode mixed (disorder)"
"3648",767635003,"Bipolar I disorder, most recent episode manic (disorder)"
"3649",767636002,"Bipolar I disorder, most recent episode depression (disorder)"
"3650",768473009,"Purine rich element binding protein A syndrome (disorder)"
"3651",768677000,"Protein phosphatase 2 regulatory subunit b (b56) delta-related intellectual disability (disorder)"
"3652",768843007,"Tall stature, intellectual disability, facial dysmorphism syndrome (disorder)"
"3653",768991009,"Childhood double incontinence (finding)"
"3654",770096002,"Erectile dysfunction due to diabetes mellitus (disorder)"
"3655",770404004,"Autosomal recessive chorioretinopathy and microcephaly syndrome (disorder)"
"3656",770431001,"Early-onset epileptic encephalopathy and intellectual disability due to glutamate receptor, ionotropic, N-methyl-D-aspartate, subunit 2A mutation (disorder)"
"3657",770564004,"Microcephalic primordial dwarfism Alazami type (disorder)"
"3658",770565003,"Microcephalic primordial dwarfism Dauber type (disorder)"
"3659",770604006,"X-linked cerebral, cerebellar, coloboma syndrome (disorder)"
"3660",770679002,"Polyneuropathy, intellectual disability, acromicria, premature menopause syndrome (disorder)"
"3661",770719004,"3q27.3 microdeletion syndrome (disorder)"
"3662",770721009,"Microcephaly, thin corpus callosum, intellectual disability syndrome (disorder)"
"3663",770723007,"Optic atrophy, intellectual disability syndrome (disorder)"
"3664",770725000,"Infantile cerebral and cerebellar atrophy with postnatal progressive microcephaly (disorder)"
"3665",770750002,"Intellectual disability, seizures, macrocephaly, obesity syndrome (disorder)"
"3666",770751003,"Severe motor and intellectual disabilities, sensorineural deafness, dystonia syndrome (disorder)"
"3667",770754006,"2p21 microdeletion syndrome without cystinuria (disorder)"
"3668",770755007,"Intellectual disability, seizures, hypotonia, ophthalmologic, skeletal anomalies syndrome (disorder)"
"3669",770756008,"2p13.2 microdeletion syndrome (disorder)"
"3670",770790004,"Developmental delay with autism spectrum disorder and gait instability (disorder)"
"3671",770793002,"5p13 microduplication syndrome (disorder)"
"3672",770794008,"11p15.4 microduplication syndrome (disorder)"
"3673",770898002,"Autosomal recessive cerebellar ataxia, epilepsy, intellectual disability syndrome due to WW domain containing oxidoreductase deficiency (disorder)"
"3674",770901001,"Autosomal recessive intellectual disability, motor dysfunction, multiple joint contracture syndrome (disorder)"
"3675",770907002,"Kagami Ogata syndrome (disorder)"
"3676",770941005,"Alopecia, progressive neurological defect, endocrinopathy syndrome (disorder)"
"3677",771074000,"Microcephaly, short stature, intellectual disability, facial dysmorphism syndrome (disorder)"
"3678",771077007,"Intellectual disability, short stature, hypertelorism syndrome (disorder)"
"3679",771148008,"X-linked colobomatous microphthalmia, microcephaly, intellectual disability, short stature syndrome (disorder)"
"3680",771149000,"Hepatic fibrosis, renal cyst, intellectual disability syndrome (disorder)"
"3681",771179007,"Extrasystoles, short stature, hyperpigmentation, microcephaly syndrome (disorder)"
"3682",771262009,"Pseudoleprechaunism syndrome Patterson type (disorder)"
"3683",771336003,"Polymicrogyria with optic nerve hypoplasia (disorder)"
"3684",771418002,"Delirium following surgical procedure (disorder)"
"3685",771419005,"Hyperactive delirium following surgical procedure (disorder)"
"3686",771420004,"Hypoactive delirium following surgical procedure (disorder)"
"3687",771421000,"Mixed hyperactive hypoactive delirium following surgical procedure (disorder)"
"3688",771448004,"Autism epilepsy syndrome due to branched chain ketoacid dehydrogenase kinase deficiency (disorder)"
"3689",771470001,"Jawad syndrome (disorder)"
"3690",771472009,"Developmental and speech delay due to SRY-box 5 deficiency (disorder)"
"3691",771476007,"Autosomal recessive leukoencephalopathy, ischemic stroke, retinitis pigmentosa syndrome (disorder)"
"3692",771477003,"15q overgrowth syndrome (disorder)"
"3693",771512003,"Autism spectrum disorder due to AUTS2 activator of transcription and developmental regulator deficiency (disorder)"
"3694",772127009,"White Sutton syndrome (disorder)"
"3695",772224009,"Warburg micro syndrome (disorder)"
"3696",772225005,"RAB18, member RAS oncogene family deficiency (disorder)"
"3697",772999000,"Harmful use of hypnotic (disorder)"
"3698",773000004,"Harmful use of anxiolytic (disorder)"
"3699",773230003,"Cyclin-dependent kinase-like 5 deficiency (disorder)"
"3700",773274001,"X-linked intellectual disability, craniofacioskeletal syndrome (disorder)"
"3701",773275000,"Acute limbic encephalitis following transplant (disorder)"
"3702",773303005,"Spondyloepimetaphyseal dysplasia Genevieve type (disorder)"
"3703",773307006,"Zechi Ceide syndrome (disorder)"
"3704",773329005,"CK syndrome (disorder)"
"3705",773395008,"Limbic encephalitis with dipeptidyl-peptidase 6 antibodies (disorder)"
"3706",773400009,"Severe feeding difficulties, failure to thrive, microcephaly due to ASXL transcriptional regulator 3 deficiency syndrome (disorder)"
"3707",773404000,"Roifman syndrome (disorder)"
"3708",773405004,"Intellectual disability with strabismus syndrome (disorder)"
"3709",773416006,"Intellectual disability, facial dysmorphism, hand anomalies syndrome (disorder)"
"3710",773418007,"Xylosyltransferase 1 congenital disorder of glycosylation (disorder)"
"3711",773419004,"Severe intellectual disability, short stature, behavioral abnormalities, facial dysmorphism syndrome (disorder)"
"3712",773493002,"9q31.1q31.3 microdeletion syndrome (disorder)"
"3713",773494008,"14q24.1q24.3 microdeletion syndrome (disorder)"
"3714",773498006,"Autosomal recessive cerebellar ataxia, epilepsy, intellectual disability syndrome due to TUD deficiency (disorder)"
"3715",773547003,"13q12.3 microdeletion syndrome (disorder)"
"3716",773548008,"Early-onset epileptic encephalopathy, cortical blindness, intellectual disability, facial dysmorphism syndrome (disorder)"
"3717",773551001,"Severe intellectual disability, poor language, strabismus, grimacing face, long fingers syndrome (disorder)"
"3718",773552008,"Intellectual disability, feeding difficulties, developmental delay, microcephaly syndrome (disorder)"
"3719",773553003,"Hypohidrosis, enamel hypoplasia, palmoplantar keratoderma, intellectual disability syndrome (disorder)"
"3720",773554009,"THO complex 6-related developmental delay, microcephaly, facial dysmorphism syndrome (disorder)"
"3721",773556006,"Short ulna, dysmorphism, hypotonia, intellectual disability syndrome (disorder)"
"3722",773578004,"Spondylocostal dysostosis, hypospadias, intellectual disability syndrome (disorder)"
"3723",773581009,"Intellectual disability, craniofacial dysmorphism, cryptorchidism syndrome (disorder)"
"3724",773583007,"Aphonia, deafness, retinal dystrophy, bifid halluces, intellectual disability syndrome (disorder)"
"3725",773587008,"X-linked intellectual disability, cardiomegaly, congestive heart failure syndrome (disorder)"
"3726",773621003,"Intellectual disability, hypotonia, brachycephaly, pyloric stenosis, cryptorchidism syndrome (disorder)"
"3727",773670004,"Distal Xq28 microduplication syndrome (disorder)"
"3728",773692000,"Late-onset localized junctional epidermolysis bullosa, intellectual disability syndrome (disorder)"
"3729",773699009,"Pitt Hopkins-like syndrome (disorder)"
"3730",773735007,"Deafness with onychodystrophy syndrome (disorder)"
"3731",773769008,"Ataxia, photosensitivity, short stature syndrome (disorder)"
"3732",773772001,"Rare non-syndromic intellectual disability (disorder)"
"3733",773984007,"Piebald trait with neurologic defects syndrome (disorder)"
"3734",774068004,"AT-hook DNA binding motif containing 1-related intellectual disability, obstructive sleep apnea, mild dysmorphism syndrome (disorder)"
"3735",774069007,"Protein kinase cAMP-dependent type I regulatory subunit beta-related neurodegenerative dementia with intermediate filaments (disorder)"
"3736",774070008,"Fibulin 1-related developmental delay, central nervous system anomaly, syndactyly syndrome (disorder)"
"3737",774102003,"Intellectual disability, obesity, prognathism, eye and skin anomalies syndrome (disorder)"
"3738",774149004,"Severe intellectual disability, progressive postnatal microcephaly, midline stereotypic hand movements syndrome (disorder)"
"3739",774203000,"Intellectual disability, severe speech delay, mild dysmorphism syndrome (disorder)"
"3740",776204008,"Colobomatous microphthalmia, obesity, hypogenitalism, intellectual disability syndrome (disorder)"
"3741",777998000,"Temtamy preaxial brachydactyly syndrome (disorder)"
"3742",778007004,"12p12.1 microdeletion syndrome (disorder)"
"3743",778009001,"Blepharophimosis, intellectual disability syndrome, Verloes type (disorder)"
"3744",778011005,"Severe intellectual disability and progressive spastic paraplegia (disorder)"
"3745",778025006,"Atypical hypotonia cystinuria syndrome (disorder)"
"3746",780827006,"Synaptic Ras GTPase activating protein 1- related intellectual disability (disorder)"
"3747",782501005,"Adjustment disorder with mixed anxiety and depressed mood (disorder)"
"3748",782723007,"Severe intellectual disability, progressive spastic diplegia syndrome (disorder)"
"3749",782736007,"Intellectual disability, facial dysmorphism syndrome due to SET domain containing 5 haploinsufficiency (disorder)"
"3750",782753000,"Intellectual disability, coarse face, macrocephaly, cerebellar hypotrophy syndrome (disorder)"
"3751",782755007,"Primary microcephaly, mild intellectual disability, young-onset diabetes syndrome (disorder)"
"3752",782757004,"Congenital microcephaly, severe encephalopathy, progressive cerebral atrophy syndrome (disorder)"
"3753",782772000,"Congenital muscular dystrophy with intellectual disability and severe epilepsy (disorder)"
"3754",782886007,"Infantile spasms, psychomotor retardation, progressive brain atrophy, basal ganglia disease syndrome (disorder)"
"3755",782911008,"Hereditary cryohydrocytosis with reduced stomatin (disorder)"
"3756",782941005,"Richieri Costa-da Silva syndrome (disorder)"
"3757",782945001,"Ophthalmoplegia, intellectual disability, lingua scrotalis syndrome (disorder)"
"3758",783005002,"Severe microbrachycephaly, intellectual disability, athetoid cerebral palsy syndrome (disorder)"
"3759",783016009,"Panhypophysitis (disorder)"
"3760",783061008,"Facial dysmorphism, developmental delay, behavioral abnormalities syndrome due to 10p11.21p12.31 microdeletion (disorder)"
"3761",783089006,"Macrocephaly, intellectual disability, autism syndrome (disorder)"
"3762",783158009,"Infundibulo neurohypophysitis (disorder)"
"3763",783161005,"Familial dementia British type (disorder)"
"3764",783174004,"Congenital muscular dystrophy with intellectual disability (disorder)"
"3765",783243008,"Adenohypophysitis (disorder)"
"3766",783258000,"Familial dementia Danish type (disorder)"
"3767",783619003,"Dual specificity tyrosine phosphorylation regulated kinase 1A-related intellectual disability syndrome due to 21q22.13q22.2 microdeletion (disorder)"
"3768",783702009,"X-linked intellectual disability due to glutamate ionotropic receptor AMPA type subunit 3 mutations (disorder)"
"3769",783703004,"White matter hypoplasia, corpus callosum agenesis, intellectual disability syndrome (disorder)"
"3770",785277001,"Harmful pattern of use of amfetamine and/or amfetamine derivative (disorder)"
"3771",785298001,"Muscle eye brain disease with bilateral multicystic leukodystrophy (disorder)"
"3772",785726009,"Hyperekplexia epilepsy syndrome (disorder)"
"3773",787093004,"Developmental delay, facial dysmorphism syndrome due to mediator complex subunit 13 like deficiency (disorder)"
"3774",787171006,"21q22.11q22.12 microdeletion syndrome (disorder)"
"3775",787174003,"Intellectual disability, hyperkinetic movement, truncal ataxia syndrome (disorder)"
"3776",787175002,"Ankyrin 3 related intellectual disability, sleep disturbance syndrome (disorder)"
"3777",788120007,"Antenatal depression (disorder)"
"3778",788417006,"Alopecia, epilepsy, intellectual disability syndrome Moynahan type (disorder)"
"3779",788584007,"Blepharophimosis, intellectual disability syndrome (disorder)"
"3780",788863007,"Amnestic disorder caused by psychoactive substance (disorder)"
"3781",788864001,"Amnestic disorder caused by volatile solvent (disorder)"
"3782",788898005,"Dementia caused by volatile inhalant (disorder)"
"3783",788899002,"Dementia due to pellagra (disorder)"
"3784",788904003,"Disorder caused by dissociative drug (disorder)"
"3785",788905002,"Disorder caused by stimulant (disorder)"
"3786",788907005,"Dissociative neurological symptom disorder co-occurrent with chorea (disorder)"
"3787",788908000,"Dissociative neurological symptom disorder co-occurrent with dystonia (disorder)"
"3788",788909008,"Dissociative neurological symptom disorder co-occurrent with facial spasm (disorder)"
"3789",788910003,"Dissociative neurological symptom disorder co-occurrent with myoclonus (disorder)"
"3790",788911004,"Dissociative neurological symptom disorder co-occurrent with parkinsonism (disorder)"
"3791",788912006,"Dissociative neurological symptom disorder co-occurrent with tremor (disorder)"
"3792",788955005,"Impulse control disorder caused by cocaine (disorder)"
"3793",788956006,"Impulse control disorder caused by psychoactive substance (disorder)"
"3794",788957002,"Impulse control disorder caused by stimulant (disorder)"
"3795",788958007,"Impulse control disorder caused by synthetic cathinone (disorder)"
"3796",788983007,"Mood disorder caused by cannabis (disorder)"
"3797",789053008,"Transient motor tic (disorder)"
"3798",789061003,"Rapid cycling bipolar II disorder (disorder)"
"3799",789119007,"Mood disorder caused by synthetic cannabinoid (disorder)"
"3800",789170003,"Disinhibited behavior due to dementia (disorder)"
"3801",789399002,"Persistent adjustment disorder (disorder)"
"3802",816067005,"Diabetes, hypogonadism, deafness, intellectual disability syndrome (disorder)"
"3803",817962007,"Chlordiazepoxide dependence (disorder)"
"3804",833326008,"Cortical vascular dementia (disorder)"
"3805",836301008,"Amnestic mild cognitive disorder (disorder)"
"3806",836439001,"Nicotine dependence in remission (disorder)"
"3807",838276009,"Amyotrophic lateral sclerosis, parkinsonism, dementia complex (disorder)"
"3808",838441009,"Intellectual disability, aphasia, shuffling gait, adducted thumbs syndrome (disorder)"
"3809",838519006,"Overdose of methylenedioxymethamphetamine (disorder)"
"3810",838520000,"Accidental overdose of methylenedioxymethamphetamine (disorder)"
"3811",838521001,"Intentional overdose of methylenedioxymethamphetamine (disorder)"
"3812",838522008,"Overdose of methylenedioxymethamphetamine of undetermined intent (disorder)"
"3813",838523003,"Poisoning caused by methylenedioxymethamphetamine (disorder)"
"3814",838524009,"Accidental poisoning caused by methylenedioxymethamphetamine (disorder)"
"3815",838525005,"Poisoning caused by methylenedioxymethamphetamine of undetermined intent (disorder)"
"3816",838526006,"Intentional poisoning caused by methylenedioxymethamphetamine (disorder)"
"3817",838527002,"Amfetamine and/or amfetamine derivative dependence (disorder)"
"3818",838528007,"Mood disorder with manic symptoms caused by amfetamine and/or amfetamine derivative (disorder)"
"3819",838529004,"Mood disorder with mixed depressive and manic symptoms caused by amfetamine and/or amfetamine derivative (disorder)"
"3820",838530009,"Mood disorder with depressive symptoms caused by amfetamine and/or amfetamine derivative (disorder)"
"3821",840452004,"Classical sporadic Creutzfeldt-Jakob disease (disorder)"
"3822",840464007,"Dementia due to carbon monoxide poisoning (disorder)"
"3823",840465008,"Dementia due to iron deficiency (disorder)"
"3824",860826006,"Creutzfeldt-Jakob Disease caused by human growth hormone (disorder)"
"3825",860914002,"Erectile dysfunction (disorder)"
"3826",860915001,"Erectile dysfunction caused by drug (disorder)"
"3827",860916000,"Relative erectile dysfunction (disorder)"
"3828",860917009,"Absolute erectile dysfunction (disorder)"
"3829",860918004,"Erectile dysfunction due to psychophysiologic disorder (disorder)"
"3830",860920001,"Erectile dysfunction due to arterial disease (disorder)"
"3831",860921002,"Erectile dysfunction due to endocrine disease (disorder)"
"3832",860922009,"Erectile dysfunction due to neuropathy (disorder)"
"3833",870260008,"Pervasive developmental disorder with marked impairment of functional language with loss of previously acquired skills (disorder)"
"3834",870261007,"Pervasive developmental disorder with marked impairment of functional language without loss of previously acquired skills (disorder)"
"3835",870262000,"Pervasive developmental disorder with disorder of intellectual development without loss of previously acquired skills (disorder)"
"3836",870263005,"Pervasive developmental disorder with impairment of functional language (disorder)"
"3837",870264004,"Pervasive developmental disorder with disorder of intellectual development and pervasive impairment of functional language without loss of previously acquired skills (disorder)"
"3838",870265003,"Pervasive developmental disorder with disorder of intellectual development with loss of previously acquired skills (disorder)"
"3839",870266002,"Pervasive developmental disorder with disorder of intellectual development and marked impairment of functional language with loss of previously acquired skills (disorder)"
"3840",870267006,"Pervasive developmental disorder with disorder of intellectual development and marked impairment of functional language without loss of previously acquired skills (disorder)"
"3841",870268001,"Pervasive developmental disorder with disorder of intellectual development and complete impairment of functional language without loss of previously acquired skills (disorder)"
"3842",870269009,"Pervasive developmental disorder with disorder of intellectual development and absence of functional language with loss of previously acquired skills (disorder)"
"3843",870270005,"Pervasive developmental disorder with disorder of intellectual development and complete impairment of functional language with loss of previously acquired skills (disorder)"
"3844",870280009,"Pervasive developmental disorder with severe impairment of functional language with loss of previously acquired skills (disorder)"
"3845",870282001,"Pervasive developmental disorder with severe impairment of functional language without loss of previously acquired skills (disorder)"
"3846",870303005,"Pervasive developmental disorder with complete impairment of functional language with loss of previously acquired skills (disorder)"
"3847",870304004,"Pervasive developmental disorder with complete impairment of functional language without loss of previously acquired skills (disorder)"
"3848",870305003,"Pervasive developmental disorder with cognitive developmental delay and marked impairment of functional language (disorder)"
"3849",870306002,"Pervasive developmental disorder with complete impairment of functional language (disorder)"
"3850",870307006,"Pervasive developmental disorder with abscence of functional language (disorder)"
"3851",870308001,"Pervasive developmental disorder with cognitive developmental delay and complete impairment of functional language (disorder)"
"3852",870568002,"Orthorexia nervosa (disorder)"
"3853",870621003,"Tobacco dependence with current use (disorder)"
"3854",870677001,"Adverse reaction to benzodiazepine (disorder)"
"3855",871673008,"Adverse reaction to clorazepate (disorder)"
"3856",871683007,"Adverse reaction to chloral and/or chloral derivative (disorder)"
"3857",879939002,"14q32 deletion syndrome (disorder)"
"3858",890112007,"Nondependent harmful pattern of use of tobacco (disorder)"
"3859",890118006,"Mowat-Wilson syndrome due to monosomy 2q22 (disorder)"
"3860",1010630006,"X-linked complicated corpus callosum dysgenesis (disorder)"
"3861",1142047007,"Possession trance disorder (disorder)"
"3862",1142050005,"Uncomplicated opioid withdrawal (disorder)"
"3863",1144830006,"Intentional triclofos poisoning (disorder)"
"3864",1144831005,"Accidental triclofos poisoning (disorder)"
"3865",1144832003,"Triclofos poisoning (disorder)"
"3866",1144942002,"Neuropsychiatric disorder due to systemic lupus erythematosus (disorder)"
"3867",1144949006,"Erectile dysfunction due to disorder of vein (disorder)"
"3868",1144952003,"Erectile dysfunction due to injury (disorder)"
"3869",1144954002,"Erectile dysfunction due to fibrosis of corpus cavernosum (disorder)"
"3870",1145046005,"Intentional thiopental overdose (disorder)"
"3871",1145047001,"Accidental thiopental overdose (disorder)"
"3872",1145050003,"Thiopental overdose (disorder)"
"3873",1145056009,"Intentional clorazepate overdose (disorder)"
"3874",1145057000,"Accidental clorazepate overdose (disorder)"
"3875",1145058005,"Clorazepate overdose (disorder)"
"3876",1145065002,"Intentional triclofos overdose (disorder)"
"3877",1145066001,"Accidental triclofos overdose (disorder)"
"3878",1145067005,"Triclofos overdose (disorder)"
"3879",1145075004,"Intentional clorazepate poisoning (disorder)"
"3880",1145076003,"Accidental clorazepate poisoning (disorder)"
"3881",1145077007,"Clorazepate poisoning (disorder)"
"3882",1145152008,"Accidental poisoning caused by carbromal (disorder)"
"3883",1148567001,"Poisoning caused by sedative (disorder)"
"3884",1148569003,"Intentional amfetamine and/or amfetamine derivative poisoning (disorder)"
"3885",1148570002,"Accidental poisoning caused by amfetamine and/or amfetamine derivative (disorder)"
"3886",1148571003,"Poisoning caused by amfetamine and/or amfetamine derivative (disorder)"
"3887",1148647001,"Intentional opioid receptor agonist poisoning (disorder)"
"3888",1148649003,"Poisoning caused by opioid receptor agonist (disorder)"
"3889",1148671008,"Amfetamine and/or amfetamine derivative overdose (disorder)"
"3890",1148673006,"Intentional amfetamine and/or amfetamine derivative overdose (disorder)"
"3891",1148674000,"Accidental amfetamine and/or amfetamine derivative overdose (disorder)"
"3892",1148924004,"Dementia due to deficiency of folic acid (disorder)"
"3893",1149239002,"Overdose of lysergic acid diethylamide (disorder)"
"3894",1149240000,"Accidental overdose by lysergic acid diethylamide (disorder)"
"3895",1149241001,"Intentional overdose by lysergic acid diethylamide (disorder)"
"3896",1149328002,"Cannabis poisoning (disorder)"
"3897",1149333003,"Acute alcohol intoxication (disorder)"
"3898",1153508003,"Chloral and/or chloral derivative overdose (disorder)"
"3899",1153570009,"Treatment resistant depression (disorder)"
"3900",1153575004,"Persistent depressive disorder (disorder)"
"3901",1155772001,"Intoxication caused by central stimulant (disorder)"
"3902",1156507003,"Intentional overdose of opioid receptor agonist (disorder)"
"3903",1156584007,"X-linked intellectual disability hypotonic face syndrome (disorder)"
"3904",1156789004,"Autosomal dominant Alzheimer disease due to mutation of amyloid precursor protein (disorder)"
"3905",1156798001,"Autosomal dominant Alzheimer disease due to mutation of presenilin 2 (disorder)"
"3906",1156800008,"Autosomal dominant Alzheimer disease due to mutation of presenilin 1 (disorder)"
"3907",1157240004,"Amfetamine and/or amfetamine derivative intoxication (disorder)"
"3908",1157257000,"Poisoning by hypnotic agent (disorder)"
"3909",1162462009,"Angelman syndrome due to maternal monosomy 15q11q13 (disorder)"
"3910",1163013005,"Adverse reaction to carbromal (disorder)"
"3911",1163066008,"Enteritis caused by Blastomyces dermatitidis (disorder)"
"3912",1163119007,"Creutzfeldt Jakob disease following graft of dura (disorder)"
"3913",1163406003,"Foreign accent syndrome (disorder)"
"3914",1167371007,"Polyhydramnios, megalencephaly, symptomatic epilepsy syndrome (disorder)"
"3915",1167375003,"Microcephaly, corpus callosum and cerebellar vermis hypoplasia, facial dysmorphism, intellectual disability syndrome (disorder)"
"3916",1169355000,"Brain malformations, musculoskeletal abnormalities, facial dysmorphism, intellectual disability syndrome (disorder)"
"3917",1169359006,"Tall stature, intellectual disability, renal anomalies syndrome (disorder)"
"3918",1169361002,"Limbic encephalitis with neurexin-3 antibodies (disorder)"
"3919",1172594000,"Congenital labioscrotal agenesis, cerebellar malformation, corneal dystrophy, facial dysmorphism syndrome (disorder)"
"3920",1172624000,"Arginine-glutamic acid dipeptide repeats-related neurodevelopmental syndrome (disorder)"
"3921",1172626003,"Telomere maintenance 2-related intellectual disability, neurodevelopmental disorder (disorder)"
"3922",1172627007,"Early-onset epilepsy, intellectual disability, brain anomalies syndrome (disorder)"
"3923",1172629005,"Severe growth deficiency, strabismus, extensive dermal melanocytosis, intellectual disability syndrome (disorder)"
"3924",1172630000,"Global developmental delay, neuro-ophthalmological abnormalities, seizures, intellectual disability syndrome (disorder)"
"3925",1172685001,"Macrothrombocytopenia, lymphedema, developmental delay, facial dysmorphism, camptodactyly syndrome (disorder)"
"3926",1172691004,"Chloride voltage-gated channel 4-related X-linked intellectual disability syndrome (disorder)"
"3927",1172697000,"X-linked female restricted facial dysmorphism, short stature, choanal atresia, intellectual disability (disorder)"
"3928",1172698005,"Recurrent metabolic encephalomyopathic crises, rhabdomyolysis, cardiac arrhythmia, intellectual disability syndrome (disorder)"
"3929",1172889005,"Palatal anomalies, widely spaced teeth, facial dysmorphism, developmental delay syndrome (disorder)"
"3930",1172899000,"Peripheral myelin protein 22-retinoic acid induced 1 contiguous gene duplication syndrome (disorder)"
"3931",1173036000,"Combined oxidative phosphorylation defect type 23 (disorder)"
"3932",1173998003,"Postnatal microcephaly, infantile hypotonia, spastic diplegia, dysarthria, intellectual disability syndrome (disorder)"
"3933",1177001000,"Tic disorder due to rheumatic chorea (disorder)"
"3934",1177002007,"Tic disorder due to prion disease (disorder)"
"3935",1177006005,"Tic disorder due to post-encephalitic syndrome (disorder)"
"3936",1177058004,"Tic disorder due to encephalitis (disorder)"
"3937",1177060002,"Tic disorder due to neurosyphilis (disorder)"
"3938",1177062005,"Sporadic fatal insomnia (disorder)"
"3939",1177167002,"Intellectual disability, seizures, abnormal gait, facial dysmorphism syndrome (disorder)"
"3940",1177169004,"Congenital cerebellar ataxia due to RNA, U12 small nuclear mutation (disorder)"
"3941",1177175008,"Skeletal dysplasia, T-cell immunodeficiency, developmental delay syndrome (disorder)"
"3942",1179282009,"Severe neurodevelopmental disorder with feeding difficulties, stereotypic hand movement, bilateral cataract (disorder)"
"3943",1179283004,"Metopic ridging, ptosis, facial dysmorphism syndrome (disorder)"
"3944",1179301003,"Dual specificity tyrosine phosphorylation regulated kinase 1A-related intellectual disability syndrome (disorder)"
"3945",1179408008,"Chromodomain helicase dna-binding protein 3- related developmental delay, speech delay, intellectual disability, abnormalities of vision, facial dysmorphism syndrome (disorder)"
"3946",1186711002,"G protein subunit beta 5-related intellectual disability, cardiac arrhythmia syndrome (disorder)"
"3947",1186713004,"Growth delay, intellectual disability, hepatopathy syndrome (disorder)"
"3948",1186721005,"Infantile inflammatory bowel disease with neurological involvement (disorder)"
"3949",1186723008,"Prepubertal anorexia nervosa (disorder)"
"3950",1186724002,"HtrA serine peptidase 1-related autosomal dominant cerebral small vessel disease (disorder)"
"3951",1186729007,"Intellectual disability, cardiac anomalies, short stature, joint laxity syndrome (disorder)"
"3952",1186730002,"Gabriele-de Vries syndrome (disorder)"
"3953",1186734006,"Autosomal recessive complex spastic paraplegia due to Kennedy pathway dysfunction (disorder)"
"3954",1186821000,"Developmental academic disorder due to deficiency of micronutrients (disorder)"
"3955",1186823002,"Developmental academic disorder due to nutritional stunting (disorder)"
"3956",1186826005,"Developmental academic disorder due to iron deficiency (disorder)"
"3957",1186832000,"Developmental academic disorder due to iodine deficiency (disorder)"
"3958",1186834004,"Immunoglobulin G4 related hypophysitis (disorder)"
"3959",1186877003,"Dementia due to vitamin E deficiency (disorder)"
"3960",1186879000,"Dementia due to thiamine deficiency (disorder)"
"3961",1186880002,"Dementia due to cobalamin deficiency (disorder)"
"3962",1186881003,"Dementia due to niacin deficiency (disorder)"
"3963",1186883000,"Dementia due to nutritional deficiency disorder (disorder)"
"3964",1186887004,"Dementia caused by manganese and/or manganese compound (disorder)"
"3965",1186907003,"Xanthogranulomatous hypophysitis (disorder)"
"3966",1187004001,"Chronic traumatic encephalopathy (disorder)"
"3967",1187038009,"Non-specific syndromic intellectual disability (disorder)"
"3968",1187041000,"Stromal antigen 1-related intellectual disability, facial dysmorphism, gastroesophageal reflux syndrome (disorder)"
"3969",1187042007,"Early-onset seizures, distal limb anomalies, facial dysmorphism, global developmental delay syndrome (disorder)"
"3970",1187114007,"Micrognathia, recurrent infections, behavioral abnormalities, mild intellectual disability syndrome (disorder)"
"3971",1187122000,"Witteveen Kolk syndrome (disorder)"
"3972",1187126002,"Integral membrane protein 2B related amyloidosis (disorder)"
"3973",1187195007,"Microcephalic cortical malformations, short stature due to rotatin deficiency (disorder)"
"3974",1187205008,"Organic mental disorder caused by sedative (disorder)"
"3975",1187210007,"Intellectual disability, epilepsy, extrapyramidal syndrome (disorder)"
"3976",1187220002,"Disorder caused by cocaine (disorder)"
"3977",1187247007,"WW domain containing adaptor with coiled-coil-related facial dysmorphism, developmental delay, behavioral abnormalities syndrome (disorder)"
"3978",1187249005,"VPS11 core subunit of CORVET and HOPS complexes-related autosomal recessive hypomyelinating leukodystrophy (disorder)"
"3979",1187250005,"Seizures, scoliosis, macrocephaly syndrome (disorder)"
"3980",1187277001,"Short stature, brachydactyly, obesity, global developmental delay syndrome (disorder)"
"3981",1187278006,"Spastic paraplegia, severe developmental delay, epilepsy syndrome (disorder)"
"3982",1187303004,"Progressive spondyloepimetaphyseal dysplasia, short stature, short fourth metatarsals, intellectual disability syndrome (disorder)"
"3983",1187304005,"Macrocephaly, intellectual disability, neurodevelopmental disorder, small thorax syndrome (disorder)"
"3984",1187642008,"Macrocephaly, intellectual disability, left ventricular non compaction syndrome (disorder)"
"3985",1187644009,"Basel Vanagaite Smirin Yosef syndrome (disorder)"
"3986",1193651003,"Inflammation of intestine caused by Blastomyces dermatitidis (disorder)"
"3987",1193652005,"Inflammation of small intestine caused by Blastomyces dermatitidis (disorder)"
"3988",1197148005,"Sanjad Sakati syndrome (disorder)"
"3989",1197149002,"Psychogenic movement disorder (disorder)"
"3990",1197588008,"X-linked microcephaly, growth retardation, prognathism, cryptorchidism syndrome (disorder)"
"3991",1197591008,"Severe intellectual disability, hypotonia, strabismus, coarse face, planovalgus syndrome (disorder)"
"3992",1197593006,"Intellectual disability, expressive aphasia, facial dysmorphism syndrome (disorder)"
"3993",1197717008,"Functional vomiting in childhood (disorder)"
"3994",1197718003,"Adolescent rumination disorder (disorder)"
"3995",1204417003,"Early onset schizophrenia (disorder)"
"3996",1208341008,"Severe oculo-renal-cerebellar syndrome (disorder)"
"3997",1208344000,"Fryns Smeets Thiry syndrome (disorder)"
"3998",1208481000,"Progressive cerebello-cerebral atrophy (disorder)"
"3999",1208488006,"Special AT-rich sequence-binding protein 2-associated syndrome (disorder)"
"4000",1208614008,"Autosomal dominant deafness with onychodystrophy syndrome (disorder)"
"4001",1208720000,"Agenesis of corpus callosum, macrocephaly, hypertelorism syndrome (disorder)"
"4002",1208727002,"Severe intellectual disability, agenesis of corpus callosum, facial dysmorphism, cerebellar ataxia syndrome (disorder)"
"4003",1208746001,"Intellectual disability, muscle weakness, short stature, facial dysmorphism syndrome (disorder)"
"4004",1208936008,"Congenital ichthyosis, intellectual disability, spastic quadriplegia syndrome (disorder)"
"4005",1208987006,"Pleckstrin homology domain interacting protein-related behavioral problems, intellectual disability, obesity, dysmorphic features syndrome (disorder)"
"4006",1217228004,"X-linked intellectual disability, cerebellar hypoplasia, spondyloepiphyseal dysplasia syndrome (disorder)"
"4007",1217229007,"Craniofacial dysplasia, short stature, ectodermal anomalies, intellectual disability syndrome (disorder)"
"4008",1217371005,"Infantile hypotonia, oculomotor anomalies, hyperkinetic movements, developmental delay syndrome (disorder)"
"4009",1217379007,"NK6 homeobox 2-related autosomal recessive hypomyelinating leukodystrophy (disorder)"
"4010",1217381009,"Neurodevelopmental delay, seizures, ophthalmic anomalies, osteopenia, cerebellar atrophy syndrome (disorder)"
"4011",1217382002,"Intellectual disability, autism, speech apraxia, craniofacial dysmorphism syndrome (disorder)"
"4012",1220568003,"Glutamine rich 1-related intellectual disability, chondrodysplasia syndrome (disorder)"
"4013",1220589007,"Keppen Lubinsky syndrome (disorder)"
"4014",1220594007,"Pierpont syndrome (disorder)"
"4015",1220597000,"Retinitis pigmentosa, juvenile cataract, short stature, intellectual disability syndrome (disorder)"
"4016",1220600004,"Arginyl-tRNA synthetase 1-related autosomal recessive hypomyelinating leukodystrophy (disorder)"
"4017",1220650006,"Delusion of emitting foul body odor (disorder)"
"4018",1222656005,"Synaptic Ras GTPase activating protein 1-related developmental and epileptic encephalopathy (disorder)"
"4019",1222657001,"Prune exopolyphosphatase 1-related neurological syndrome (disorder)"
"4020",1222658006,"Global developmental delay, alopecia, macrocephaly, facial dysmorphism, structural brain anomalies syndrome (disorder)"
"4021",1222672002,"3-methylglutaconic aciduria type 9 (disorder)"
"4022",1222706005,"Anterior maxillary protrusion, strabismus, intellectual disability syndrome (disorder)"
"4023",1222710008,"Neurodevelopmental disorder, craniofacial dysmorphism, cardiac defect, skeletal anomalies syndrome (disorder)"
"4024",1228886008,"9q33.3q34.11 microdeletion syndrome (disorder)"
"4025",1228890005,"16p13.2 microdeletion syndrome (disorder)"
"4026",1229872004,"Xq25 microduplication syndrome (disorder)"
"4027",1229873009,"17q24.2 microdeletion syndrome (disorder)"
"4028",1229875002,"9q21.13 microdeletion syndrome (disorder)"
"4029",1229882003,"11q22.2q22.3 microdeletion syndrome (disorder)"
"4030",1229883008,"19p13.3 microduplication syndrome (disorder)"
"4031",1229891004,"20q11.2 microdeletion syndrome (disorder)"
"4032",1229895008,"8q24.3 microdeletion syndrome (disorder)"
"4033",1230071005,"Episodic harmful pattern of use of amfetamine and/or amfetamine derivative (disorder)"
"4034",1230072003,"Amfetamine and/or amfetamine derivative abuse, continuous (disorder)"
"4035",1230074002,"Episodic nondependent harmful pattern of use of hypnotic (disorder)"
"4036",1230075001,"Episodic nondependent harmful pattern of use of anxiolytic (disorder)"
"4037",1230076000,"Continuous nondependent harmful pattern of use of anxiolytic (disorder)"
"4038",1230077009,"Continuous nondependent harmful pattern of use of hypnotic (disorder)"
"4039",1230078004,"Nondependent harmful pattern of use of anxiolytic in remission (disorder)"
"4040",1230079007,"Nondependent harmful pattern of use of hypnotic in remission (disorder)"
"4041",1230080005,"Nondependent harmful pattern of use of anxiolytic (disorder)"
"4042",1230081009,"Nondependent harmful pattern of use of hypnotic (disorder)"
"4043",1230082002,"Nondependent harmful pattern of use of psychostimulant in remission (disorder)"
"4044",1230083007,"Nondependent harmful pattern of use of amfetamine and/or amfetamine derivative in remission (disorder)"
"4045",1230084001,"Continuous nondependent harmful pattern of use of psychostimulant (disorder)"
"4046",1230085000,"Continuous nondependent harmful pattern of use of amfetamine and/or amfetamine derivative (disorder)"
"4047",1230086004,"Episodic nondependent harmful pattern of use of psychostimulant (disorder)"
"4048",1230087008,"Episodic nondependent harmful pattern of use of amfetamine and/or amfetamine derivative (disorder)"
"4049",1230088003,"Nondependent harmful pattern of use of amfetamine and/or amfetamine derivative (disorder)"
"4050",1230089006,"Nondependent harmful pattern of use of psychostimulant (disorder)"
"4051",1230262006,"Harmful pattern of use of steroid hormone (disorder)"
"4052",1230266009,"Harmful pattern of use of amfetamine and/or amfetamine derivative in remission (disorder)"
"4053",1230273004,"Megaconial congenital muscular dystrophy (disorder)"
"4054",1230376005,"Contactin associated protein 2-related developmental and epileptic encephalopathy (disorder)"
"4055",1231158003,"Hypnotic dependence in remission (disorder)"
"4056",1231159006,"Anxiolytic dependence in remission (disorder)"
"4057",1231160001,"Hypnotic dependence, episodic (disorder)"
"4058",1231161002,"Anxiolytic dependence, episodic (disorder)"
"4059",1231162009,"Hypnotic dependence, continuous (disorder)"
"4060",1231163004,"Anxiolytic dependence, continuous (disorder)"
"4061",1231319004,"Methylenedioxymethamphetamine dependence (disorder)"
"4062",1231325000,"Amfetamine and/or amfetamine derivative dependence in remission (disorder)"
"4063",1231327008,"Amfetamine and/or amfetamine derivative dependence episodic (disorder)"
"4064",1231328003,"Amfetamine and/or amfetamine derivative dependence continuous (disorder)"
"4065",1231331002,"Psychostimulant dependence in remission (disorder)"
"4066",1231333004,"Psychostimulant dependence episodic (disorder)"
"4067",1231336007,"Psychostimulant dependence continuous (disorder)"
"4068",1231503005,"Psychotic disorder with insight present (disorder)"
"4069",1231846001,"Psychosis caused by ethanol (disorder)"
"4070",1234778004,"Steatohepatitis caused by ethanol (disorder)"
"4071",1234779007,"Mood disorder caused by ethanol (disorder)"
"4072",1234780005,"Mood disorder with mixed manic and depressive symptoms caused by ethanol (disorder)"
"4073",1234781009,"Mood disorder with manic symptoms caused by ethanol (disorder)"
"4074",1234782002,"Mood disorder with depressive symptoms caused by ethanol (disorder)"
"4075",1234783007,"Organic mental disorder caused by ethanol (disorder)"
"4076",1236807002,"Encephalopathy due to mitochondrial and peroxisomal fission defect (disorder)"
"4077",1236843008,"Phosphodiesterase 4D haploinsufficiency syndrome (disorder)"
"4078",1237179007,"FG syndrome type 1 (disorder)"
"4079",1237196008,"Ergotamine dependence (disorder)"
"4080",1237201004,"Naloxone dependence (disorder)"
"4081",1237202006,"Amfetamine and/or amfetamine derivative withdrawal syndrome (disorder)"
"4082",1237344003,"Symptomatic form of fragile X syndrome in female carrier (disorder)"
"4083",1237418002,"Spastic tetraplegia, thin corpus callosum, progressive postnatal microcephaly syndrome (disorder)"
"4084",1237420004,"X-linked intellectual disability, global development delay, facial dysmorphism, sacral caudal remnant syndrome (disorder)"
"4085",1237421000,"Pyrroline-5-carboxylate reductase 2 related microcephaly, progressive leukoencephalopathy (disorder)"
"4086",1237462006,"nudE neurodevelopment protein 1-related microhydranencephaly (disorder)"
"4087",1237512003,"Short stature, developmental delay, congenital heart defect syndrome (disorder)"
"4088",1237619001,"Fatty acyl-coenzyme A reductase 1 deficiency (disorder)"
"4089",1237623009,"Congenital insensitivity to pain with severe intellectual disability (disorder)"
"4090",1237625002,"Autosomal recessive cerebellar ataxia due to CWF19 like cell cycle control factor 1 deficiency (disorder)"
"4091",1251452003,"4q25 proximal deletion syndrome (disorder)"
"4092",1251453008,"Lamb Shaffer syndrome (disorder)"
"4093",1254650002,"Microcephaly, corpus callosum hypoplasia, intellectual disability, facial dysmorphism syndrome (disorder)"
"4094",1254651003,"Microcephaly, intellectual disability, sensorineural hearing loss, epilepsy, abnormal muscle tone syndrome (disorder)"
"4095",1254652005,"Intellectual disability, macrocephaly, hypotonia, behavioral abnormalities syndrome (disorder)"
"4096",1254654006,"X-linked intellectual disability, hypotonia, movement disorder syndrome (disorder)"
"4097",1254812006,"Substance dependence (disorder)"
"4098",1254815008,"Ruxolitinib dependence (disorder)"
"4099",1254818005,"Selective serotonin re-uptake inhibitor dependence (disorder)"
"4100",1254819002,"Steroid dependence (disorder)"
"4101",1254973007,"Substance dependence in remission (disorder)"
"4102",1254974001,"Substance dependence, episodic (disorder)"
"4103",1254975000,"Substance dependence, continuous (disorder)"
"4104",1254981008,"Substance dependence during pregnancy, childbirth and/or puerperium (disorder)"
"4105",1254985004,"Substance dependence during pregnancy - baby delivered (disorder)"
"4106",1254986003,"Substance dependence during pregnancy - baby not yet delivered (disorder)"
"4107",1254987007,"Substance dependence in childbirth (disorder)"
"4108",1254988002,"Substance dependence in mother complicating pregnancy, childbirth and/or puerperium (disorder)"
"4109",1254989005,"Substance dependence in puerperium - baby delivered (disorder)"
"4110",1254990001,"Substance dependence in puerperium - baby delivered during previous episode of care (disorder)"
"4111",1254991002,"Pregnancy and substance dependence (disorder)"
"4112",1255012001,"Combined substance dependence, continuous (disorder)"
"4113",1255013006,"Combined opioid with non-opioid substance dependence (disorder)"
"4114",1255014000,"Combined substance dependence, excluding opioids (disorder)"
"4115",1255015004,"Combined opioid with non-opioid substance dependence, episodic (disorder)"
"4116",1255016003,"Combined substance dependence, excluding opioid, episodic (disorder)"
"4117",1255017007,"Combined substance dependence, excluding opioid, continuous (disorder)"
"4118",1255018002,"Combined opioid with non-opioid substance dependence, continuous (disorder)"
"4119",1255019005,"Combined opioid with non-opioid substance dependence in remission (disorder)"
"4120",1255020004,"Combined substance dependence, excluding opioid, in remission (disorder)"
"4121",1255066009,"Perceptual disturbance due to alcohol withdrawal (disorder)"
"4122",1255319004,"Autosomal dominant intellectual disability, craniofacial anomalies, cardiac defects syndrome (disorder)"
"4123",1255322002,"Congenital contracture of limbs and face, hypotonia, developmental delay syndrome (disorder)"
"4124",1255335006,"X-linked intellectual disability, short stature, overweight syndrome (disorder)"
"4125",1256061006,"Trichoteiromania (disorder)"
"4126",1256062004,"Trichotemnomania (disorder)"
"4127",1258898000,"Mental disorder during puerperium (disorder)"
"4128",1258920002,"Trichodynia (disorder)"
"4129",1258972007,"Baraitser Winter cerebrofrontofacial syndrome (disorder)"
"4130",1259017004,"Substance dependence during puerperium (disorder)"
"4131",1259070005,"Adult-onset tic disorder (disorder)"
"4132",1259124000,"Amyotrophic lateral sclerosis with frontotemporal dementia (disorder)"
"4133",1259128002,"Alzheimer disease with psychosis (disorder)"
"4134",1259465009,"Dementia due to hepatic failure (disorder)"
"4135",1259467001,"Dementia due to hypercalcemia (disorder)"
"4136",1259469003,"Dementia due to Gerstmann Straussler Scheinker syndrome (disorder)"
"4137",1259471003,"Dementia due to Hashimoto encephalopathy (disorder)"
"4138",1259473000,"Dementia due to fragile X syndrome (disorder)"
"4139",1259476008,"Dementia due to genetic disease (disorder)"
"4140",1259478009,"Dementia due to familial Creutzfeldt-Jakob disease (disorder)"
"4141",1259480003,"Dementia due to fatal familial insomnia (disorder)"
"4142",1259485008,"Dementia due to cerebral vasculitis (disorder)"
"4143",1259488005,"Dementia due to cerebral amyloid angiopathy (disorder)"
"4144",1259492003,"Dementia due to metastatic malignant neoplasm to brain (disorder)"
"4145",1259494002,"Dementia due to leukodystrophy (disorder)"
"4146",1259496000,"Dementia due to Lyme disease (disorder)"
"4147",1259499007,"Dementia due to hemorrhagic cerebral infarction due to hypertension (disorder)"
"4148",1259501004,"Dementia due to kuru (disorder)"
"4149",1259503001,"Dementia due to iatrogenic Creutzfeldt-Jakob disease (disorder)"
"4150",1259511006,"Dementia due to Wilson disease (disorder)"
"4151",1259513009,"Dementia due to Whipple disease (disorder)"
"4152",1259517005,"Dementia due to systemic lupus erythematosus (disorder)"
"4153",1259519008,"Dementia due to subacute sclerosing panencephalitis (disorder)"
"4154",1259522005,"Dementia due to variant Creutzfeldt-Jakob disease (disorder)"
"4155",1259524006,"Dementia due to trypanosomiasis (disorder)"
"4156",1259529001,"Dementia due to sporadic Creutzfeldt-Jakob disease (disorder)"
"4157",1259531005,"Dementia due to hypertensive encephalopathy (disorder)"
"4158",1259579003,"Dementia due to Behcet syndrome (disorder)"
"4159",1259581001,"Dementia due to celiac disease (disorder)"
"4160",1259584009,"Dementia due to and following dialysis (disorder)"
"4161",1259586006,"Dementia due to autoimmune encephalitis (disorder)"
"4162",1259591007,"Dementia due to acquired hypothyroidism (disorder)"
"4163",1259656006,"Dementia due to renal failure (disorder)"
"4164",1259661008,"Dementia due to inflammatory disorder of musculoskeletal system (disorder)"
"4165",1259663006,"Dementia due to polyarteritis nodosa (disorder)"
"4166",1259665004,"Dementia due to progressive subcortical gliosis (disorder)"
"4167",1259667007,"Dementia due to paraneoplastic encephalitis (disorder)"
"4168",1259673008,"Dementia due to neurofilament inclusion body disease (disorder)"
"4169",1259675001,"Dementia due to obstructive hydrocephalus (disorder)"
"4170",1259677009,"Dementia due to multiple system atrophy (disorder)"
"4171",1259679007,"Dementia due to atypical pantothenate kinase associated neurodegeneration (disorder)"
"4172",1259990004,"Dementia due to classical pantothenate kinase associated neurodegeneration (disorder)"
"4173",1260095004,"Menke Hennekam syndrome (disorder)"
"4174",1260097007,"Pumilio RNA binding family member 1-associated developmental disability, ataxia, seizure syndrome (disorder)"
"4175",1260128008,"Tryptophanyl tRNA synthetase 2, mitochondrial-related combined oxidative phosphorylation defect (disorder)"
"4176",1260129000,"Infantile-onset axonal motor and sensory neuropathy, optic atrophy, neurodegenerative syndrome (disorder)"
"4177",1260130005,"Progressive essential tremor, speech impairment, facial dysmorphism, intellectual disability, abnormal behavior syndrome (disorder)"
"4178",1260134001,"Spastic paraplegia, intellectual disability, nystagmus, obesity syndrome (disorder)"
"4179",1260143005,"Megalencephaly, severe kyphoscoliosis, overgrowth syndrome (disorder)"
"4180",1260195002,"Glutamate ionotropic receptor NMDA type subunit 2B-related developmental delay, intellectual disability, autism spectrum disorder (disorder)"
"4181",1260298008,"Depression following menopause (disorder)"
"4182",1260351002,"Functional diplopia (disorder)"
"4183",1260352009,"Frontotemporal dementia due to TARDBP mutation (disorder)"
"4184",1260353004,"Frontotemporal dementia due to VCP mutation (disorder)"
"4185",1260354005,"Frontotemporal dementia due to C9orf72 mutation (disorder)"
"4186",1260355006,"Frontotemporal dementia due to FUS mutation (disorder)"
"4187",1260450002,"Infantile multisystem neurologic, endocrine, pancreatic disease (disorder)"
"4188",1263555006,"Logopenic non-amnestic Alzheimer disease (disorder)"
"4189",1263585001,"Frontal variant non-amnestic Alzheimer disease (disorder)"
"4190",1268343004,"Poisoning caused by opium (disorder)"
"4191",1269224009,"Craniosynostosis, microretrognathia, severe intellectual disability syndrome (disorder)"
"4192",1269226006,"Spondylometaphyseal dysplasia, corneal dystrophy syndrome (disorder)"
"4193",1269233006,"Posterior-predominant lissencephaly, broad flat pons and medulla-midline crossing defects syndrome (disorder)"
"4194",1269236003,"Primary hypomagnesemia, refractory seizures, intellectual disability syndrome (disorder)"
"4195",1269539009,"Antidepressant withdrawal syndrome (disorder)"
"4196",1269547009,"Antidepressant dependence (disorder)"
"4197",1279845005,"Combined oxidative phosphorylation defect type 39 (disorder)"
"4198",1284851009,"Short stature, skeletal dysplasia, retinal degeneration, intellectual disability, sensorineural hearing loss syndrome (disorder)"
"4199",1285639002,"Protracted antidepressant withdrawal syndrome (disorder)"
"4200",1295485009,"Aldehyde dehydrogenase 18 family member A1-related de Barsy syndrome (disorder)"
"4201",1295488006,"Pyrroline-5-carboxylate reductase 1 related de Barsy syndrome (disorder)"
"4202",1296772004,"Acute psychostimulant overdose (disorder)"
"4203",1296773009,"Acute opioid intoxication (disorder)"
"4204",1296775002,"Acute poisoning caused by hypnotic agent (disorder)"
"4205",1299154002,"Cyclin dependent kinase 13-related congenital heart defects, intellectual disability, facial dysmorphism syndrome (disorder)"
"4206",1300119004,"SET domain containing 2, histone lysine methyltransferase-related microcephaly, severe intellectual disability, multiple congenital anomalies syndrome (disorder)"
"4207",1300131002,"Neurexin 1-related severe neurodevelopmental disorder, motor stereotypies, chronic constipation, sleep-wake cycle disturbance (disorder)"
"4208",1300132009,"Clark Baraitser syndrome (disorder)"
"4209",1300188000,"Congenital pontocerebellar hypoplasia type 11 (disorder)"
"4210",1300192007,"Congenital pontocerebellar hypoplasia type 14 (disorder)"
"4211",1300193002,"Autoimmune limbic encephalitis (disorder)"
"4212",1300198006,"SWI/SNF related, matrix associated, actin dependent regulator of chromatin, subfamily A, member 2-related blepharophimosis, intellectual disability syndrome (disorder)"
"4213",1303408008,"Persistent perceptual disturbance due to and following hallucinogen intoxication (disorder)"
"4214",1303585005,"Infantile neurodegeneration, progressive spasticity, intellectual disability, white matter lesions syndrome (disorder)"
"4215",1303586006,"Neurodevelopmental delay, hypotonia, cerebellar ataxia, cardiac conduction defects syndrome (disorder)"
"4216",1303866001,"Myelin transcription factor 1 like-related developmental delay, intellectual disability, obesity syndrome (disorder)"
"4217",1304039005,"Harmful pattern of use of diamorphine (disorder)"
"4218",1304040007,"Harmful pattern of use of intravenous diamorphine (disorder)"
"4219",1304113005,"Blepharophimosis, intellectual disability syndrome/genitopatellar overlap syndrome (disorder)"
"4220",1304277005,"Autosomal dominant intellectual disability, craniofacial dysmorphism, macrocephaly, hypotonia syndrome due to H1.4 linker histone, cluster member mutation (disorder)"
"4221",1304290003,"Psychotic disorder caused by amfetamine and/or amfetamine derivative (disorder)"
"4222",1304291004,"Amfetamine and/or amfetamine derivative-induced mood disorder (disorder)"
"4223",1306691007,"Substance use disorder (disorder)"
"4224",1306692000,"Harmful pattern of substance use (disorder)"
"4225",1306693005,"Episode of harmful substance use (disorder)"
"4226",1332282000,"Chronic harmful pattern of substance use (disorder)"
"4227",1332301006,"Continuous harmful pattern of substance use (disorder)"
"4228",1332384001,"Cyclin K-related neurodevelopmental disorder, severe intellectual disability, facial dysmorphism syndrome (disorder)"
"4229",1332385000,"Aplastic anemia, intellectual disability, dwarfism syndrome (disorder)"
"4230",1332508004,"Cerebellar hypoplasia, intellectual disability, congenital microcephaly, dystonia, anemia, growth retardation syndrome (disorder)"
"4231",1332510002,"Chromodomain helicase DNA binding protein 4-related neurodevelopmental disorder (disorder)"
"4232",1335862003,"Childhood-onset schizophrenia (disorder)"
"4233",1335869007,"Cleft palate, congenital heart defect, intellectual disability syndrome (disorder)"
"4234",1335951002,"Episode of harmful use of anxiolytic (disorder)"
"4235",1335952009,"Harmful pattern of use of anxiolytic (disorder)"
"4236",1335953004,"Harmful pattern of use of hypnotic (disorder)"
"4237",1335954005,"Episode of harmful use of hypnotic (disorder)"
"4238",1336043008,"Episode of harmful use of antacid (disorder)"
"4239",1336044002,"Episode of harmful use of barbiturate (disorder)"
"4240",1336045001,"Episode of harmful use of Catha edulis (disorder)"
"4241",1336046000,"Episode of harmful use of diuretic (disorder)"
"4242",1336047009,"Episode of harmful use of herbal medicine (disorder)"
"4243",1336048004,"Episode of harmful use of laxative (disorder)"
"4244",1336049007,"Episode of harmful use of multiple substances (disorder)"
"4245",1336050007,"Episode of harmful use of non-psychotropic analgesic medication (disorder)"
"4246",1336051006,"Episode of harmful use of opioid (disorder)"
"4247",1336052004,"Episode of harmful use of diamorphine (disorder)"
"4248",1336053009,"Episode of harmful use of psychoactive substance (disorder)"
"4249",1336054003,"Episode of harmful use of alcohol (disorder)"
"4250",1336055002,"Episode of harmful use of amfetamine and/or amfetamine derivative (disorder)"
"4251",1336056001,"Episode of harmful use of metamfetamine (disorder)"
"4252",1336057005,"Episode of harmful use of antidepressant (disorder)"
"4253",1336058000,"Episode of harmful use of cocaine (disorder)"
"4254",1336059008,"Episode of harmful use of intravenous cocaine (disorder)"
"4255",1336060003,"Episode of harmful use of intravenous diamorphine (disorder)"
"4256",1336061004,"Episode of harmful use of hallucinogen (disorder)"
"4257",1336062006,"Episode of harmful use of cannabis (disorder)"
"4258",1336063001,"Episode of harmful use of phencyclidine (disorder)"
"4259",1336064007,"Episode of harmful use of ketamine (disorder)"
"4260",1336065008,"Episode of harmful use of methanol (disorder)"
"4261",1336066009,"Episode of harmful use of novel psychoactive substance (disorder)"
"4262",1336067000,"Episode of harmful use of sedative (disorder)"
"4263",1336068005,"Episode of harmful use of synthetic cannabinoid (disorder)"
"4264",1336069002,"Episode of harmful use of synthetic cathinone (disorder)"
"4265",1336070001,"Episode of harmful use of steroid hormone (disorder)"
"4266",1336071002,"Episode of harmful use of stimulant (disorder)"
"4267",1336072009,"Episode of harmful use of volatile inhalant (disorder)"
"4268",1336085007,"Alcohol use disorder (disorder)"
"4269",1336178006,"Barbiturate use disorder (disorder)"
"4270",1336180000,"Volatile inhalant use disorder (disorder)"
"4271",1336192000,"Opioid use disorder (disorder)"
"4272",1336199009,"Stimulant use disorder (disorder)"
"4273",1336200007,"Cannabis use disorder (disorder)"
"4274",1336201006,"Synthetic cannabinoid use disorder (disorder)"
"4275",1336228001,"Sedative use disorder (disorder)"
"4276",1336229009,"Hypnotic use disorder (disorder)"
"4277",1336230004,"Anxiolytic use disorder (disorder)"
"4278",1336231000,"Cocaine use disorder (disorder)"
"4279",1336232007,"Synthetic cathinone use disorder (disorder)"
"4280",1336233002,"Episode of harmful use of caffeine (disorder)"
"4281",1336234008,"Caffeine use disorder (disorder)"
"4282",1336235009,"Hallucinogen use disorder (disorder)"
"4283",1336236005,"Nicotine use disorder (disorder)"
"4284",1336237001,"Episode of harmful use of nicotine (disorder)"
"4285",1336238006,"Episode of harmful use of methylenedioxymethamphetamine (disorder)"
"4286",1336239003,"Harmful pattern of use of methylenedioxymethamphetamine (disorder)"
"4287",1336240001,"Methylenedioxymethamphetamine use disorder (disorder)"
"4288",1337000006,"Ketamine use disorder (disorder)"
"4289",1337001005,"Phencyclidine use disorder (disorder)"
"4290",1339031006,"Dementia caused by ionizing radiation (disorder)"
"4291",1340175001,"Carboxypeptidase E-related Prader-Willi-like syndrome (disorder)"
"4292",1340176000,"Developmental delay, overweight, facial dysmorphism, behavioral abnormalities syndrome (disorder)"
"4293",1343347009,"Bipolar I disorder, current episode hypomanic (disorder)"
"4294",1343585008,"Maternal harmful pattern of use of tobacco (disorder)"
"4295",1343597009,"Bathophobia (disorder)"
"4296",1343598004,"Entomophobia (disorder)"
"4297",1343608003,"Erythrophobia (disorder)"
"4298",1343614005,"Mysophobia (disorder)"
"4299",1343615006,"Gephyrophobia (disorder)"
"4300",1344922008,"Harmful pattern of use of ketamine (disorder)"
"4301",1344944003,"Delirium caused by cannabis (disorder)"
"4302",1344945002,"Delirium caused by cocaine (disorder)"
"4303",1344946001,"Delirium due to cocaine withdrawal (disorder)"
"4304",1344947005,"Delirium caused by opioid (disorder)"
"4305",1344948000,"Delirium caused by hallucinogen (disorder)"
"4306",1344949008,"Amphetamine intoxication delirium (disorder)"
"4307",1344950008,"Anxiety disorder in pregnancy (disorder)"
"4308",1345079007,"Harmful pattern of use of anabolic steroid (disorder)"
"4309",1345080005,"Episode of harmful use of anabolic steroid (disorder)"
"4310",1345081009,"Harmful pattern of use of corticosteroid (disorder)"
"4311",1345082002,"Episode of harmful use of corticosteroid (disorder)"
"4312",1345083007,"Dependence on corticosteroid due to harmful pattern of use (disorder)"
"4313",1345084001,"Dependence on anabolic steroid due to harmful pattern of use (disorder)"
"4314",1345086004,"Dependence on steroid hormone due to harmful pattern of use (disorder)"
"4315",1345156008,"Harmful pattern of use of tobacco (disorder)"
"4316",1348210008,"Harmful pattern of substance use in remission (disorder)"
"4317",1348211007,"Nondependent harmful pattern of substance use (disorder)"
"4318",1348212000,"Nondependent harmful pattern of mixed substance use (disorder)"
"4319",1348216002,"Episodic nondependent harmful pattern of mixed substance use (disorder)"
"4320",1348217006,"Continuous nondependent harmful pattern of mixed substance use (disorder)"
"4321",1348218001,"Nondependent harmful pattern of mixed substance use in remission (disorder)"
"4322",1348223001,"Nondependent harmful pattern of use of antidepressant in remission (disorder)"
"4323",1348224007,"Continuous nondependent harmful pattern of use of antidepressant (disorder)"
"4324",1348228005,"Episodic nondependent harmful pattern of use of antidepressant (disorder)"
"4325",1348233009,"Episodic harmful pattern of substance use (disorder)"
"4326",1348240005,"Nondependent harmful pattern of substance use in remission (disorder)"
"4327",1348241009,"Episodic nondependent harmful pattern of substance use (disorder)"
"4328",1348242002,"Continuous nondependent harmful pattern of substance use (disorder)"
"4329",1348331009,"Chronic pain of vestibule of vulva (disorder)"
"4330",1348334001,"Chronic pain of vestibule of vulva provoked by contact (disorder)"
"4331",1351837003,"Intellectual disability, cupped ears syndrome (disorder)"
"4332",1351838008,"Intellectual disability, early-onset cataract, microcephaly syndrome (disorder)"
"4333",1351843001,"Lysine demethylase 3B-related intellectual disability, facial dysmorphism, short stature syndrome (disorder)"
"4334",1351854006,"Primary hypomagnesemia, generalized seizures, intellectual disability, obesity syndrome (disorder)"
"4335",1351962002,"Epidermal growth factor-related primary hypomagnesemia with intellectual disability (disorder)"
"4336",1356736002,"Spondyloepiphyseal dysplasia, sensorineural hearing loss, intellectual disability, Leber congenital amaurosis syndrome (disorder)"
"4337",251000119105,"Severe major depression, single episode (disorder)"
"4338",261000119107,"Severe depressed bipolar I disorder (disorder)"
"4339",271000119101,"Severe mixed bipolar I disorder (disorder)"
"4340",281000119103,"Severe recurrent major depression (disorder)"
"4341",691000119103,"Erectile dysfunction associated with type I diabetes mellitus (disorder)"
"4342",1081000119105,"Opioid dependence, on agonist therapy (disorder)"
"4343",1461000119109,"Drug dependence in remission (disorder)"
"4344",1471000119103,"Drug abuse in remission (disorder)"
"4345",1581000119101,"Dementia of the Alzheimer type with behavioral disturbance (disorder)"
"4346",1591000119103,"Dementia with behavioral disturbance (disorder)"
"4347",2421000119107,"Hallucinations co-occurrent and due to late onset dementia (disorder)"
"4348",7031000119100,"Psychogenic fugue co-occurrent and due to stress reaction (disorder)"
"4349",7761000119106,"Psychotic disorder caused by amphetamine (disorder)"
"4350",8061000119107,"Vasculopathic erectile dysfunction (disorder)"
"4351",10211000132109,"Perinatal depression (disorder)"
"4352",18491000119109,"Psychological disorder during pregnancy (disorder)"
"4353",21061000119107,"Mood disorder of depressed type (disorder)"
"4354",21071000119101,"Mood disorder of manic type (disorder)"
"4355",21831000119109,"Psychotic disorder caused by phencyclidine (disorder)"
"4356",21841000119100,"Organic mental disorder caused by phencyclidine (disorder)"
"4357",21921000119103,"Dementia due to Pick's disease (disorder)"
"4358",22381000119105,"Primary degenerative dementia (disorder)"
"4359",22621000119103,"Anxiety disorder caused by drug (disorder)"
"4360",22641000119109,"Psychosis in early childhood (disorder)"
"4361",23601000119102,"Sedative withdrawal (disorder)"
"4362",23741000119105,"Severe manic bipolar I disorder (disorder)"
"4363",27051000119102,"Chronic abuse of laxatives (disorder)"
"4364",31081000119101,"Presenile dementia with delusions (disorder)"
"4365",35761000146100,"Sleep disorder caused by hypnotic agent (disorder)"
"4366",39051000146103,"Sleep disorder caused by sedative (disorder)"
"4367",39141000146100,"Sleep disorder due to hypnotic agent dependence (disorder)"
"4368",39201000146106,"Sleep disorder due to sedative dependence (disorder)"
"4369",39221000146103,"Sleep disorder due to stimulant dependence (disorder)"
"4370",39251000146107,"Sleep disorder due to alcohol dependence (disorder)"
"4371",39951000119105,"Pervasive developmental disorder of residual state (disorder)"
"4372",60251000119101,"Impulse control disorder in remission (disorder)"
"4373",60401000119104,"Postpartum psychosis in remission (disorder)"
"4374",61771000119106,"Bipolar II disorder, most recent episode rapid cycling (disorder)"
"4375",62211000119103,"Moderate expressive language delay (disorder)"
"4376",62221000119105,"Severe expressive language delay (disorder)"
"4377",62231000119108,"Mild expressive language delay (disorder)"
"4378",65971000052100,"Acute psychosis (disorder)"
"4379",79341000119107,"Mixed dementia (disorder)"
"4380",82351000119105,"Altered behavior due to Pick's disease (disorder)"
"4381",82361000119107,"Altered behavior in dementia due to Huntington chorea (disorder)"
"4382",82371000119101,"Dementia due to multiple sclerosis with altered behavior (disorder)"
"4383",82381000119103,"Epileptic dementia with behavioral disturbance (disorder)"
"4384",86391000119101,"Inhalant dependence, continuous (disorder)"
"4385",86401000119104,"Inhalant dependence, episodic (disorder)"
"4386",89361000119103,"Mild developmental articulation disorder (disorder)"
"4387",89381000119107,"Moderate receptive language delay (disorder)"
"4388",89391000119105,"Severe receptive language delay (disorder)"
"4389",89501000119108,"Mild receptive language delay (disorder)"
"4390",92501000119101,"Stress reaction with psychomotor agitation (disorder)"
"4391",94631000119100,"Depressive disorder in mother complicating pregnancy (disorder)"
"4392",94641000119109,"Anxiety in pregnancy (disorder)"
"4393",94921000119107,"Episodic mood disorder (disorder)"
"4394",97571000119109,"Thrombocytopenia co-occurrent and due to alcoholism (disorder)"
"4395",97751000119108,"Altered behavior in Alzheimer's disease (disorder)"
"4396",101421000119107,"Dementia due to Parkinson's disease (disorder)"
"4397",104851000119103,"Postpartum major depression in remission (disorder)"
"4398",105421000119105,"Early onset Alzheimer's disease with behavioral disturbance (disorder)"
"4399",105451000119102,"Amnestic disorder associated with general medical condition (disorder)"
"4400",106021000119105,"Multi-infarct dementia due to atherosclerosis (disorder)"
"4401",109541000119101,"Erectile dysfunction due to general medical condition (disorder)"
"4402",125851000119106,"Continuous sedative abuse (disorder)"
"4403",130121000119104,"Dementia due to Rett syndrome (disorder)"
"4404",133091000119105,"Rapid cycling bipolar I disorder (disorder)"
"4405",133121000119109,"Severe seasonal affective disorder (disorder)"
"4406",133991000119109,"Fluency disorder as sequela of cerebrovascular disease (disorder)"
"4407",135811000119107,"Lewy body dementia with behavioral disturbance (disorder)"
"4408",140621000119106,"Memory disorder co-occurrent and due to organic brain damage (disorder)"
"4409",141991000119109,"Delusions in Alzheimer's disease (disorder)"
"4410",142001000119106,"Depressed mood in Alzheimer's disease (disorder)"
"4411",142011000119109,"Alzheimer's disease co-occurrent with delirium (disorder)"
"4412",142811000119104,"Dementia due to Alzheimer's disease (disorder)"
"4413",145101000119102,"Intravenous cocaine abuse (disorder)"
"4414",145121000119106,"Intravenous nondependent opioid abuse (disorder)"
"4415",145151000119103,"Secondary organic encopresis (finding)"
"4416",145161000119101,"Primary organic encopresis (finding)"
"4417",145841000119107,"Episodic harmful pattern of use of phencyclidine (disorder)"
"4418",153491000119103,"Drug dependence, continuous (disorder)"
"4419",153501000119105,"Drug dependence, episodic (disorder)"
"4420",196901000000106,"Mixed receptive-expressive language delay (disorder)"
"4421",198681000000106,"[X]Lewy body dementia (disorder)"
"4422",199441000000108,"[X]Cocktail party syndrome (disorder)"
"4423",204641000000107,"Episodic nondependent crack cocaine abuse (disorder)"
"4424",205351000000101,"[X]Alcohol withdrawal-induced seizure (disorder)"
"4425",235601000112100,"Metabolic dysfunction and alcohol associated liver disease (disorder)"
"4426",248231000000103,"Paruresis (disorder)"
"4427",270291000119109,"Identity disorder of childhood (disorder)"
"4428",276481000112102,"Mood disorder due to and following cerebrovascular accident (disorder)"
"4429",288031000119105,"Alcohol induced disorder co-occurrent and due to alcohol dependence (disorder)"
"4430",288271000119103,"Childhood onset fluency disorder (disorder)"
"4431",288281000119100,"Abuse of herbal medicine or folk remedy (disorder)"
"4432",288421000119100,"Hyposomnia co-occurrent and due to psychological disorder (disorder)"
"4433",288461000119105,"Psychosis caused by inhalant (disorder)"
"4434",288631000119104,"Vascular dementia with behavioral disturbance (disorder)"
"4435",288751000119101,"Reactive depressive psychosis, single episode (disorder)"
"4436",288851000119106,"Opioid-induced mood disorder due to opioid abuse (disorder)"
"4437",288861000119108,"Opioid-induced mood disorder due to opioid dependence (disorder)"
"4438",290791000119105,"Fluency disorder due to and following cerebrovascular accident (disorder)"
"4439",293671000119109,"Behavioral disturbance due to multi-infarct dementia (disorder)"
"4440",351861000000106,"Stranger anxiety (disorder)"
"4441",367141000119107,"Male erectile disorder due to corporovenous occlusion (disorder)"
"4442",367431000119107,"Erectile dysfunction co-occurrent and due to arterial insufficiency (disorder)"
"4443",367441000119103,"Erectile dysfunction following radical cystectomy (disorder)"
"4444",367451000119101,"Erectile dysfunction following radical prostatectomy (disorder)"
"4445",367471000119105,"Erectile dysfunction due to and following operation on urethra (disorder)"
"4446",369051000119101,"Erectile dysfunction following prostate brachytherapy (disorder)"
"4447",377161000000108,"Severe chronic fatigue syndrome (disorder)"
"4448",377171000000101,"Moderate chronic fatigue syndrome (disorder)"
"4449",377181000000104,"Mild chronic fatigue syndrome (disorder)"
"4450",387481000000102,"[X]Analeptics causing adverse effects in therapeutic use (disorder)"
"4451",389561000000102,"[X]Sexual maturation disorder (disorder)"
"4452",389611000000100,"[X]Mental and behavioural disorders due to use of opioids: unspecified mental and behavioural disorder (disorder)"
"4453",389651000000101,"[X]Mental and behavioural disorders due to use of opioids: amnesic syndrome (disorder)"
"4454",389941000000109,"[X]Disorder of sexual preference, unspecified (disorder)"
"4455",390941000000103,"[X]Mental and behavioural disorders due to use of alcohol: acute intoxication (disorder)"
"4456",390951000000100,"[X]Mental and behavioural disorders due to use of sedatives or hypnotics: psychotic disorder (disorder)"
"4457",391031000000101,"[X]Mental and behavioural disorders due to use of other stimulants, including caffeine: residual and late onset psychotic disorder (disorder)"
"4458",391041000000105,"[X]Mental and behavioural disorders due to use of other stimulants, including caffeine: other mental and behavioural disorders (disorder)"
"4459",392761000000100,"[X]Paraldehyde causing adverse effects in therapeutic use (disorder)"
"4460",394331000000102,"[X]Central nervous system stimulants causing adverse effects in therapeutic use, not elsewhere classified (disorder)"
"4461",396621000000103,"[X]Mental and behavioural disorders due to use of tobacco: other mental and behavioural disorders (disorder)"
"4462",396871000000103,"[X]Multiple disorders of sexual preference (disorder)"
"4463",396881000000101,"[X]Specific developmental disorders of scholastic skills (disorder)"
"4464",397191000000105,"[X]Predominantly compulsive acts [obsessional rituals] (disorder)"
"4465",397701000000102,"[X]Severe depressive episode without psychotic symptoms (disorder)"
"4466",397711000000100,"[X]Severe depressive episode with psychotic symptoms (disorder)"
"4467",397791000000109,"[X]Dementia in other specified diseases classified elsewhere (disorder)"
"4468",398301000000100,"[X]Other mental retardation with the statement of no, or minimal, impairment of behaviour (disorder)"
"4469",398391000000107,"[X]Other neurotic disorders (disorder)"
"4470",398681000000103,"[X]Mental and behavioural disorders due to use of other stimulants, including caffeine: psychotic disorder (disorder)"
"4471",399361000000108,"[X]Mental and behavioural disorders due to use of opioids: harmful use (disorder)"
"4472",399641000000103,"[X]Mental and behavioural disorders due to use of alcohol: dependence syndrome (disorder)"
"4473",399651000000100,"[X]Separation anxiety disorder of childhood (disorder)"
"4474",399671000000109,"[X]Unspecified disorder of adult personality and behaviour (disorder)"
"4475",400331000000100,"[X]Mental and behavioural disorders due to use of volatile solvents: residual and late-onset psychotic disorder (disorder)"
"4476",400571000000105,"[X]Other sexual dysfunction, not caused by organic disorder or disease (disorder)"
"4477",400641000000100,"[X]Mental and behavioural disorders due to use of cannabinoids: withdrawal state with delirium (disorder)"
"4478",400681000000108,"[X]Unspecified mental retardation with the statement of no, or minimal, impairment of behaviour (disorder)"
"4479",400711000000107,"[X]Mental and behavioural disorders due to use of volatile solvents (disorder)"
"4480",400831000000105,"[X]Chronic motor or vocal tic disorder (disorder)"
"4481",400841000000101,"[X]Mental and behavioural disorders due to use of other stimulants, including caffeine (disorder)"
"4482",401001000000101,"[X]Personality and behavioural disorders due to brain disease, damage and dysfunction (disorder)"
"4483",401011000000104,"[X]Mental and behavioural disorders due to use of sedatives or hypnotics: acute intoxication (disorder)"
"4484",401201000000109,"[X]Other mental retardation (disorder)"
"4485",401211000000106,"[X] Single episode major depression without psychotic symptoms (disorder)"
"4486",401671000000103,"[X]Unspecified nonorganic psychosis (disorder)"
"4487",401681000000101,"[X]Mania with psychotic symptoms (disorder)"
"4488",402361000000109,"[X]Mild mental and behavioural disorders associated with the puerperium, not elsewhere classified (disorder)"
"4489",402441000000102,"[X]Recurrent depressive disorder, current episode severe without psychotic symptoms (disorder)"
"4490",402771000000101,"[X]Delirium superimposed on dementia (disorder)"
"4491",402911000000108,"[X]Obsessive-compulsive disorder, unspecified (disorder)"
"4492",402941000000109,"[X]Neurotic, stress-related and somatoform disorders (disorder)"
"4493",402951000000107,"[X]Other phobic anxiety disorders (disorder)"
"4494",402961000000105,"[X]Other disorders of adult personality and behaviour (disorder)"
"4495",408601000000100,"[X]Psychosexual development disorder, unspecified (disorder)"
"4496",408691000000107,"[X]Mental and behavioural disorders due to use of cocaine: amnesic syndrome (disorder)"
"4497",408701000000107,"[X]Mental and behavioural disorders due to use of tobacco: residual and late-onset psychotic disorder (disorder)"
"4498",409271000000102,"[X]Predominantly obsessional thoughts or ruminations (disorder)"
"4499",409851000000107,"[X]Mental and behavioural disorders due to use of sedatives or hypnotics: withdrawal state with delirium (disorder)"
"4500",409861000000105,"[X]Mental and behavioural disorders due to use of hallucinogens: amnesic syndrome (disorder)"
"4501",409921000000107,"[X]Mental and behavioural disorders due to multiple drug use and use of other psychoactive substances (disorder)"
"4502",410101000000107,"[X]Mental and behavioural disorders due to use of other stimulants, including caffeine: dependence syndrome (disorder)"
"4503",410321000000100,"[X]Other specific personality disorders (disorder)"
"4504",410331000000103,"[X]Unspecified mental retardation (disorder)"
"4505",410341000000107,"[X]Other schizoaffective disorders (disorder)"
"4506",410441000000101,"[X]Moderate retardation, other behaviour impairment (disorder)"
"4507",410451000000103,"[X]Mental and behavioural disorders due to psychoactive substance use (disorder)"
"4508",410721000000104,"[X]Other eating disorders (disorder)"
"4509",411451000000107,"[X]Mental and behavioural disorders due to use of opioids: acute intoxication (disorder)"
"4510",411461000000105,"[X]Mental and behavioural disorders due to use of tobacco: withdrawal state (disorder)"
"4511",411471000000103,"[X]Mental and behavioural disorders due to use of sedatives or hypnotics: dependence syndrome (disorder)"
"4512",411681000000104,"[X]Other mixed disorders of conduct and emotions (disorder)"
"4513",411941000000102,"[X]Other organic personality and behavioural disorders due to brain disease, damage and dysfunction (disorder)"
"4514",412071000000102,"[X]Childhood disorder of social functioning, unspecified (disorder)"
"4515",412311000000105,"[X]Gender identity disorders (disorder)"
"4516",412321000000104,"[X]Gender identity disorder, unspecified (disorder)"
"4517",412571000000107,"[X]Mental and behavioural disorders due to multiple drug use and use of other psychoactive substances: unspecified mental and behavioural disorder (disorder)"
"4518",412631000000106,"[X]Other vascular dementia (disorder)"
"4519",412681000000105,"[X]Mental and behavioural disorders due to use of volatile solvents: amnesic syndrome (disorder)"
"4520",412921000000100,"[X]Mixed dissociative [conversion] disorders (disorder)"
"4521",412931000000103,"[X]Moderate mental retardation, significant impairment of behaviour requiring attention or treatment (disorder)"
"4522",412961000000108,"[X]Mental and behavioural disorders due to use of cocaine: unspecified mental and behavioural disorder (disorder)"
"4523",412971000000101,"[X]Mental and behavioural disorders due to use of alcohol: unspecified mental and behavioural disorder (disorder)"
"4524",413181000000107,"[X]Mental and behavioural disorders due to use of other stimulants, including caffeine: acute intoxication (disorder)"
"4525",413281000000101,"[X]Vascular dementia, unspecified (disorder)"
"4526",413711000000104,"[X]Mental and behavioural disorders due to multiple drug use and use of other psychoactive substances: psychotic disorder (disorder)"
"4527",413721000000105,"[X]Eating disorders (disorder)"
"4528",413901000000104,"[X]Mental and behavioural disorders due to use of tobacco: psychotic disorder (disorder)"
"4529",413951000000103,"[X]Mental and behavioural disorders due to use of sedatives or hypnotics: other mental and behavioural disorders (disorder)"
"4530",414351000000102,"[X]Dementia in Creutzfeldt-Jakob disease (disorder)"
"4531",414361000000104,"[X]Dementia in Huntington's disease (disorder)"
"4532",414421000000104,"[X]Mental and behavioural disorders due to multiple drug use and use of other psychoactive substances: residual and late-onset psychotic (disorder)"
"4533",414741000000101,"[X]Severe mental retardation, other impairments of behaviour (disorder)"
"4534",414751000000103,"[X]Delirium, unspecified (disorder)"
"4535",415001000000102,"[X]Mixed obsessional thoughts and acts (disorder)"
"4536",415011000000100,"[X]Other reactions to severe stress (disorder)"
"4537",415021000000106,"[X]Childhood emotional disorder, unspecified (disorder)"
"4538",415051000000101,"[X]Other depressive episodes (disorder)"
"4539",416331000000101,"[X]Mental and behavioural disorders due to use of sedatives or hypnotics: withdrawal state (disorder)"
"4540",416621000000108,"[X]Panic disorder [episodic paroxysmal anxiety] (disorder)"
"4541",416631000000105,"[X]Other specified disorders of adult personality and behaviour (disorder)"
"4542",416641000000101,"[X]Other hyperkinetic disorders (disorder)"
"4543",416651000000103,"[X]Conduct disorders (disorder)"
"4544",417231000000105,"[X]Mental and behavioural disorders due to use of cannabinoids (disorder)"
"4545",417351000000106,"[X]Mental and behavioural disorders due to use of sedatives or hypnotics: amnesic syndrome (disorder)"
"4546",417601000000102,"[X]Schizophrenia, schizotypal and delusional disorders (disorder)"
"4547",417611000000100,"[X]Unspecified sexual dysfunction not caused by organic disorder or disease (disorder)"
"4548",417721000000100,"[X]Mental and behavioural disorders due to use of other stimulants, including caffeine: withdrawal state with delirium (disorder)"
"4549",417731000000103,"[X]Bipolar affective disorder, unspecified (disorder)"
"4550",417951000000107,"[X]Mental and behavioural disorders due to use of cocaine (disorder)"
"4551",417961000000105,"[X]Mental and behavioural disorders due to use of tobacco: dependence syndrome (disorder)"
"4552",418151000000105,"[X]Mental and behavioural disorders due to use of cannabinoids: harmful use (disorder)"
"4553",418161000000108,"[X]Mental and behavioural disorders due to use of cannabinoids: dependence syndrome (disorder)"
"4554",418171000000101,"[X]Mental and behavioural disorders due to use of other stimulants, including caffeine: harmful use (disorder)"
"4555",418311000000108,"[X]Puerperal mental disorder, unspecified (disorder)"
"4556",418831000000105,"[X]Behavioral syndromes associated with physiological disturbances and physical factors (disorder)"
"4557",418991000000100,"[X]Mental and behavioural disorders due to use of cocaine: withdrawal state (disorder)"
"4558",419031000000106,"[X]Mental and behavioural disorders due to use of alcohol: other mental and behavioural disorders (disorder)"
"4559",419041000000102,"[X]Mental and behavioural disorders due to use of sedatives or hypnotics: unspecified mental and behavioural disorder (disorder)"
"4560",419261000000107,"[X]Dementia in Alzheimer's dis, atypical or mixed type (disorder)"
"4561",419551000000107,"[X]Other behavioural and emotional disorders with onset usually occurring in childhood and adolescence (disorder)"
"4562",419841000000107,"[X]Mental and behavioural disorders due to use of cannabinoids: unspecified mental and behavioural disorder (disorder)"
"4563",419851000000105,"[X]Mental and behavioural disorders due to use of sedatives or hypnotics (disorder)"
"4564",420031000000105,"[X]Mild mental retardation, other impairments of behaviour (disorder)"
"4565",424961000000107,"[X]Recurrent depressive disorder, currently in remission (disorder)"
"4566",424971000000100,"[X]Pervasive developmental disorder, unspecified (disorder)"
"4567",425041000000106,"[X]Mental and behavioural disorders due to use of cocaine: residual and late-onset psychotic disorder (disorder)"
"4568",425051000000109,"[X]Mental and behavioural disorders due to use of cocaine: psychotic disorder (disorder)"
"4569",425681000000108,"[X]Mild mental retardation with the statement of no, or minimal, impairment of behaviour (disorder)"
"4570",426091000000108,"[X]Other bipolar affective disorders (disorder)"
"4571",426151000000104,"[X]Mental and behavioural disorders due to use of cannabinoids: residual and late-onset psychotic disorder (disorder)"
"4572",426221000000100,"[X]Mental and behavioural disorders due to use of hallucinogens: psychotic disorder (disorder)"
"4573",426321000000107,"[X]Other schizophrenia (disorder)"
"4574",426331000000109,"[X]Schizotypal disorder (disorder)"
"4575",426701000000104,"[X]Mental and behavioural disorders due to use of opioids: withdrawal state (disorder)"
"4576",426771000000107,"[X]Other delirium (disorder)"
"4577",427071000000106,"[X]Mental and behavioural disorders due to use of cannabinoids: psychotic disorder (disorder)"
"4578",427451000000106,"[X]Unspecified behavioural syndromes associated with physiological disturbances and physical factors (disorder)"
"4579",427461000000109,"[X]Mental and behavioural disorders due to use of opioids: dependence syndrome (disorder)"
"4580",427781000000106,"[X]Other recurrent depressive disorders (disorder)"
"4581",427801000000107,"[X]Behavioral and emotional disorders with onset usually occurring in childhood and adolescence (disorder)"
"4582",428091000000109,"[X]Mania without psychotic symptoms (disorder)"
"4583",428171000000109,"[X]Dissociative [conversion] disorder, unspecified (disorder)"
"4584",428441000000107,"[X]Other somatoform disorders (disorder)"
"4585",428981000000108,"[X]Mental and behavioural disorders due to use of alcohol: psychotic disorder (disorder)"
"4586",429001000124103,"Harmful pattern of use of Catha edulis (disorder)"
"4587",429441000000100,"[X]Other childhood disintegrative disorder (disorder)"
"4588",429481000000108,"[X]Hyperkinetic disorder, unspecified (disorder)"
"4589",429991000000102,"[X]Mental and behavioural disorders due to use of sedatives or hypnotics: residual and late onset psychotic disorder (disorder)"
"4590",430001000000101,"[X]Mental and behavioural disorders due to use of hallucinogens: other mental and behavioural disorders (disorder)"
"4591",430051000000100,"[X]Recurrent depressive disorder, current episode mild (disorder)"
"4592",430421000000104,"[X]Mild depressive episode (disorder)"
"4593",430591000000100,"[X]Mental and behavioural disorders due to use of volatile solvents: harmful use (disorder)"
"4594",430711000000102,"[X]Mental and behavioural disorders due to use of hallucinogens: harmful use (disorder)"
"4595",430921000000106,"[X]Profound mental retardation, other impairments of behaviour (disorder)"
"4596",431321000000102,"[X]Mental and behavioural disorders due to use of cocaine: other mental and behavioural disorders (disorder)"
"4597",431391000000104,"[X]Mental and behavioural disorder due to use of tobacco (disorder)"
"4598",431431000000107,"[X]Mental disorder, not otherwise specified (disorder)"
"4599",431661000000104,"[X]Bipolar affective disorder, current episode manic with psychotic symptoms (disorder)"
"4600",431671000000106,"[X]Other mental retardation without mention of impairment of behaviour (disorder)"
"4601",431721000000101,"[X]Mental and behavioural disorders due to use of opioids: withdrawal state with delirium (disorder)"
"4602",431761000000109,"[X]Mental and behavioural disorders due to use of alcohol: amnesic syndrome (disorder)"
"4603",432031000000108,"[X]Mental and behavioural disorders due to use of volatile solvents: withdrawal state with delirium (disorder)"
"4604",432081000000107,"[X]Severe mental and behavioural disorders associated with the puerperium, not elsewhere classified (disorder)"
"4605",432191000000108,"[X]Moderate mental retardation without mention of impairment of behaviour (disorder)"
"4606",432441000000107,"[X]Mental and behavioural disorders due to multiple drug use and use of other psychoactive substances: other mental and behavioural disorders (disorder)"
"4607",432451000000105,"[X]Organic amnesic syndrome not induced by alcohol/other psychoactive substances (disorder)"
"4608",432571000000100,"[X]Elective mutism (disorder)"
"4609",432601000000107,"[X]Depressive episode, unspecified (disorder)"
"4610",435041000000108,"[X]Unspecified central nervous system stimulants causing adverse effects in therapeutic use (disorder)"
"4611",438021000000108,"[X]Overactive disorder associated with mental retardation and stereotyped movements (disorder)"
"4612",438051000000103,"[X]Developmental disorder of scholastic skills, unspecified (disorder)"
"4613",438131000000109,"[X]Mental and behavioural disorders due to use of opioids: residual and late onset psychotic disorder (disorder)"
"4614",438481000000101,"[X]Psychological and behavioural disorders associated with sexual development and orientation (disorder)"
"4615",439491000000107,"[X]Mental and behavioural disorders due to use of volatile solvents: unspecified mental and behavioural disorder (disorder)"
"4616",439871000000106,"[X]Unspecified mental disorder due to brain damage and dysfunction and to physical disease (disorder)"
"4617",439911000000108,"[X]Schizoaffective disorder, unspecified (disorder)"
"4618",440031000000108,"[X]Mental and behavioural disorders due to multiple drug use and use of other psychoactive substances: withdrawal state with delirium (disorder)"
"4619",440041000000104,"[X]Somatoform disorder, unspecified (disorder)"
"4620",440261000000109,"[X]Other persistent delusional disorders (disorder)"
"4621",440341000000101,"[X]Persistent somatoform pain disorder (disorder)"
"4622",440981000000108,"[X]Unspecified mental retardation without mention of impairment of behaviour (disorder)"
"4623",441311000000109,"[X]Mild mental retardation, significant impairment of behaviour requiring attention or treatment (disorder)"
"4624",441331000000101,"[X]Conduct disorder confined to the family context (disorder)"
"4625",441461000000103,"[X]Manic episode, unspecified (disorder)"
"4626",441781000000101,"[X]Other childhood disorders of social functioning (disorder)"
"4627",442021000000107,"[X]Mental and behavioural disorders due to use of volatile solvents: other mental and behavioural disorders (disorder)"
"4628",442041000000100,"[X]Other gender identity disorders (disorder)"
"4629",442251000000107,"[X]Undifferentiated schizophrenia (disorder)"
"4630",442261000000105,"[X]Profound mental retardation, significant impairment of behaviour requiring attention or treatment (disorder)"
"4631",442361000000101,"[X]Unspecified mental retardation, significant impairment of behaviour requiring attention or treatment (disorder)"
"4632",442561000000108,"[X]Dissociative [conversion] disorders (disorder)"
"4633",442571000000101,"[X]Trance and possession disorders (disorder)"
"4634",442581000000104,"[X]Moderate mental retardation with the statement of no, or minimal, impairment of behaviour (disorder)"
"4635",442681000000103,"[X]Mental and behavioural disorders due to use of sedatives or hypnotics: harmful use (disorder)"
"4636",442761000000102,"[X]Mental and behavioural disorders (disorder)"
"4637",442891000000100,"[X]Acute polymorphic psychotic disorder with symptoms of schizophrenia (disorder)"
"4638",443381000000103,"[X]Neurotic disorder, unspecified (disorder)"
"4639",443491000000105,"[X]Dementia in Alzheimer's disease (disorder)"
"4640",443541000000101,"[X]Dementia in Alzheimer's disease, unspecified (disorder)"
"4641",443561000000100,"[X]Bipolar affective disorder, current episode manic without psychotic symptoms (disorder)"
"4642",443571000000107,"[X]Other mental retardation, other impairments of behaviour (disorder)"
"4643",443591000000106,"[X]Mental and behavioural disorders due to use of cocaine: withdrawal state with delirium (disorder)"
"4644",443781000000102,"[X]Other Alzheimer's disease (disorder)"
"4645",443941000000107,"[X]Delirium, not induced by alcohol and other psychoactive subs (disorder)"
"4646",444051000000108,"[X]Recurrent depressive disorder, current episode severe with psychotic symptoms (disorder)"
"4647",444491000000107,"[X]Mental and behavioural disorders due to multiple drug use and use of other psychoactive substances: acute intoxication (disorder)"
"4648",444691000000109,"[X]Mild mental retardation without mention of impairment of behaviour (disorder)"
"4649",450751000000102,"[X]Anxiety disorder, unspecified (disorder)"
"4650",451291000000106,"[X]Mental and behavioural disorders due to use of alcohol: harmful use (disorder)"
"4651",451411000000103,"[X]Mental and behavioural disorders due to use of cannabinoids: other mental and behavioural disorders (disorder)"
"4652",451781000000104,"[X]Other disorders of sexual preference (disorder)"
"4653",452061000000102,"[X]Acute polymorphic psychotic disorder without symptoms of schizophrenia (disorder)"
"4654",452081000000106,"[X]Mental and behavioural disorders due to use of cannabinoids: amnesic syndrome (disorder)"
"4655",452091000000108,"[X]Mental and behavioural disorders due to use of other stimulants, including caffeine: amnesic syndrome (disorder)"
"4656",452141000000102,"[X]Other specified neurotic disorders (disorder)"
"4657",452601000000106,"[X]Mental and behavioural disorders due to use of hallucinogens: dependence syndrome (disorder)"
"4658",452691000000104,"[X]Intentional production or feigning of symptoms or disabilities, either physical or psychological [factitious disorder] (disorder)"
"4659",453091000000101,"[X]Other conduct disorders (disorder)"
"4660",453101000000109,"[X]Other childhood emotional disorders (disorder)"
"4661",453801000000104,"[X]Mental and behavioural disorders due to use of hallucinogens: unspecified mental and behavioural disorder (disorder)"
"4662",454031000000104,"[X]Mental and behavioural disorders associated with the puerperium, not elsewhere classified (disorder)"
"4663",454151000000107,"[X]Mental and behavioural disorders due to use of volatile solvents: psychotic disorder (disorder)"
"4664",454161000000105,"[X]Bipolar affective disorder, currently in remission (disorder)"
"4665",454181000000101,"[X]Other habit and impulse disorders (disorder)"
"4666",454771000000104,"[X]Persistent delusional disorder, unspecified (disorder)"
"4667",455151000000106,"[X]Unspecified mental retardation, other impairments of behaviour (disorder)"
"4668",455161000000109,"[X]Other non-organic psychotic disorders (disorder)"
"4669",455381000000102,"[X]Dementia in Pick's disease (disorder)"
"4670",455461000000103,"[X]Disorders of adult personality and behaviour (disorder)"
"4671",455471000000105,"[X]Specific personality disorders (disorder)"
"4672",455731000000100,"[X] Single episode agitated depression without psychotic symptoms (disorder)"
"4673",455911000000105,"[X]Mental and behavioural disorders due to use of volatile solvents: withdrawal state (disorder)"
"4674",456051000000101,"[X]Other specified behavioural and emotional disorders with onset usually occurring in childhood and adolescence (disorder)"
"4675",456361000000100,"[X]Sexual aversion and lack of sexual enjoyment (disorder)"
"4676",456371000000107,"[X]Mental and behavioural disorders due to use of hallucinogens (disorder)"
"4677",456601000000107,"[X]Recurrent depressive disorder (disorder)"
"4678",459091000000104,"[X]Other central nervous system stimulants causing adverse effects in therapeutic use (disorder)"
"4679",462171000000104,"[X]Other pervasive developmental disorders (disorder)"
"4680",463691000000102,"[X]Mental and behavioural disorders due to use of hallucinogens: residual and late-onset psychotic disorder (disorder)"
"4681",464001000000102,"[X]Other manic episodes (disorder)"
"4682",464141000000103,"[X]Mental and behavioural disorders due to multiple drug use and use of other psychoactive substances: withdrawal state (disorder)"
"4683",464291000000103,"[X]Dementia in other diseases classified elsewhere (disorder)"
"4684",464511000000105,"[X]Disturbance of activity and attention (disorder)"
"4685",464701000000100,"[X]Mental and behavioural disorders due to use of cocaine: dependence syndrome (disorder)"
"4686",464711000000103,"[X]Mental and behavioural disorders due to use of hallucinogens: withdrawal state (disorder)"
"4687",464871000000103,"[X]Unspecified organic or symptomatic mental disorder (disorder)"
"4688",464881000000101,"[X]Mixed disorders of conduct and emotions (disorder)"
"4689",464891000000104,"[X]Emotional disorders with onset specific to childhood (disorder)"
"4690",464911000000101,"[X]Phobic anxiety disorder, unspecified (disorder)"
"4691",465051000000102,"[X]Unspecified organic personality and behavioural disorder due to brain disease, damage and dysfunction (disorder)"
"4692",465061000000104,"[X]Developmental disorder of speech and language, unspecified (disorder)"
"4693",465071000000106,"[X]Other developmental disorders of scholastic skills (disorder)"
"4694",465431000000104,"[X]Mental and behavioural disorders due to use of alcohol: withdrawal state (disorder)"
"4695",465441000000108,"[X]Moderate depressive episode (disorder)"
"4696",465451000000106,"[X]Recurrent depressive disorder, current episode moderate (disorder)"
"4697",465671000000100,"[X]Profound mental retardation with the statement of no, or minimal, impairment of behaviour (disorder)"
"4698",465891000000100,"[X]Mental and behavioural disorders due to use of other stimulants, including caffeine: withdrawal state (disorder)"
"4699",465911000000102,"[X]Bipolar affective disorder, current episode severe depression without psychotic symptoms (disorder)"
"4700",465921000000108,"[X]Mixed and other personality disorders (disorder)"
"4701",465931000000105,"[X]Habit and impulse disorder, unspecified (disorder)"
"4702",466091000000103,"[X]Reaction to severe stress, unspecified (disorder)"
"4703",466121000000102,"[X]Mental and behavioural disorders due to use of volatile solvents: acute intoxication (disorder)"
"4704",466131000000100,"[X]Mental and behavioural disorders due to use of opioids (disorder)"
"4705",466141000000109,"[X]Mental and behavioural disorders due to use of cocaine: acute intoxication (disorder)"
"4706",466291000000109,"[X]Organic, including symptomatic, mental disorders (disorder)"
"4707",466461000000104,"[X]Profound mental retardation without mention of impairment of behaviour (disorder)"
"4708",466791000000100,"[X]Acute and transient psychotic disorder, unspecified (disorder)"
"4709",466861000000102,"[X]Mental and behavioural disorders due to use of tobacco: unspecified mental and behavioural disorder (disorder)"
"4710",466951000000105,"[X]Mental and behavioural disorders due to use of tobacco: acute intoxication (disorder)"
"4711",466971000000101,"[X]Severe mental retardation with the statement of no, or minimal, impairment of behaviour (disorder)"
"4712",467121000000100,"[X]Bipolar affective disorder, current episode mild or moderate depression (disorder)"
"4713",467131000000103,"[X]Personality disorder, unspecified (disorder)"
"4714",467151000000105,"[X]Mental and behavioural disorders due to use of opioids: psychotic disorder (disorder)"
"4715",467361000000105,"[X] Manic-depressive psychosis, depressed type without psychotic symptoms (disorder)"
"4716",468041000000107,"[X]Eating disorder, unspecified (disorder)"
"4717",468051000000105,"[X]Severe mental retardation without mention of impairment of behaviour (disorder)"
"4718",468061000000108,"[X]Mental and behavioural disorders due to multiple drug use and use of other psychoactive substances: harmful use (disorder)"
"4719",468541000000100,"[X]Mental and behavioural disorders due to use of cocaine: harmful use (disorder)"
"4720",468551000000102,"[X]Mental and behavioural disorders due to use of tobacco: withdrawal state with delirium (disorder)"
"4721",468561000000104,"[X]Mental and behavioural disorders due to use of hallucinogens: withdrawal state with delirium (disorder)"
"4722",468761000000105,"[X]Other anxiety disorders (disorder)"
"4723",468941000000106,"[X]Unspecified mood affective disorder (disorder)"
"4724",469001000000101,"[X]Receptive language disorder (disorder)"
"4725",469011000000104,"[X]Other developmental disorders of speech and language (disorder)"
"4726",469051000000100,"[X]Mental and behavioural disorders due to use of volatile solvents: dependence syndrome (disorder)"
"4727",469151000000104,"[X]Other specified anxiety disorders (disorder)"
"4728",469161000000101,"[X]Dissociative anaesthesia and sensory loss (disorder)"
"4729",469171000000108,"[X]Other dissociative [conversion] disorders (disorder)"
"4730",469261000000108,"[X]Mental and behavioural disorders due to use of cannabinoids: acute intoxication (disorder)"
"4731",469411000000105,"[X]Mental and behavioural disorders due to use of alcohol: withdrawal state with delirium (disorder)"
"4732",469831000000104,"[X]Mental and behavioural disorders due to use of cannabinoids: withdrawal state (disorder)"
"4733",470041000000100,"[X]Mental and behavioural disorders due to use of tobacco: harmful use (disorder)"
"4734",470161000000103,"[X]Other mental disorders due to brain damage and dysfunction and to physical disease (disorder)"
"4735",470171000000105,"[X]Mental and behavioural disorders due to use of hallucinogens: acute intoxication (disorder)"
"4736",470301000000100,"[X]Schizophrenia, unspecified (disorder)"
"4737",470311000000103,"[X]Other acute and transient psychotic disorders (disorder)"
"4738",470321000000109,"[X]Other mental and behavioural disorders associated with the puerperium, not elsewhere classified (disorder)"
"4739",470661000000107,"[X]Disorders of sexual preference (disorder)"
"4740",470841000000105,"[X]Mental and behavioural disorders due to multiple drug use and use of other psychoactive substances: amnesic syndrome (disorder)"
"4741",470851000000108,"[X]Severe mental retardation, significant impairment of behaviour requiring attention or treatment (disorder)"
"4742",470861000000106,"[X]Unspecified behavioural and emotional disorders with onset usually occurring in childhood and adolescence (disorder)"
"4743",471021000000101,"[X]Mental and behavioural disorders due to use of tobacco: amnesic syndrome (disorder)"
"4744",471341000000106,"[X]Unspecified dementia (disorder)"
"4745",471451000000102,"[X]Recurrent depressive disorder, unspecified (disorder)"
"4746",471881000000106,"[X]Delirium not superimposed on dementia, so described (disorder)"
"4747",471891000000108,"[X]Mental and behavioural disorders due to use of other stimulants, including caffeine: unspecified mental and behavioural disorder (disorder)"
"4748",472101000000103,"[X]Other obsessive-compulsive disorders (disorder)"
"4749",472131000000109,"[X]Phobic anxiety disorders (disorder)"
"4750",477791000000107,"[X]Other psychosexual development disorders (disorder)"
"4751",477821000000102,"[X]Mental and behavioural disorders due to use of opioids: other mental and behavioural disorders (disorder)"
"4752",478661000000105,"[X]Other mixed anxiety disorders (disorder)"
"4753",479161000000109,"[X]Dementia in Parkinson's disease (disorder)"
"4754",479321000000103,"[X]Mental and behavioural disorders due to multiple drug use and use of other psychoactive substances: dependence syndrome (disorder)"
"4755",479741000000109,"[X]Other specified mental disorder due to brain damage and dysfunction and to physical disease (disorder)"
"4756",479791000000104,"[X]Psychological and behavioural factors associated with disorders or diseases classified elsewhere (disorder)"
"4757",479801000000100,"[X]Other mental retardation, significant impairment of behaviour requiring attention or treatment (disorder)"
"4758",479881000000105,"[X]Mental and behavioural disorders due to use of alcohol (disorder)"
"4759",479991000000101,"[X]Other acute predominantly delusional psychotic disorders (disorder)"
"4760",480511000000101,"[X]Mental and behavioural disorders due to use of alcohol: residual and late onset psychotic disorder (disorder)"
"4761",508171000000105,"Severe learning disability (disorder)"
"4762",508191000000109,"Moderate learning disability (disorder)"
"4763",526331000000104,"Mild learning disability (disorder)"
"4764",526341000000108,"Profound learning disability (disorder)"
"4765",528141000000105,"Single manic episode, severe without mention of psychosis (disorder)"
"4766",529851000000108,"Mixed bipolar affective disorder, severe, without mention of psychosis (disorder)"
"4767",530271000000107,"Recurrent manic episodes, severe without mention of psychosis (disorder)"
"4768",530281000000109,"Single major depressive episode, severe, without mention of psychosis (disorder)"
"4769",530291000000106,"Recurrent major depressive episodes, severe, without mention of psychosis (disorder)"
"4770",530301000000105,"Bipolar affective disorder, currently manic, severe, without mention of psychosis (disorder)"
"4771",530311000000107,"Bipolar affective disorder, currently depressed, severe, without mention of psychosis (disorder)"
"4772",539921000000106,"Compulsive personality disorder NOS (disorder)"
"4773",539931000000108,"Unspecified histrionic personality disorder (disorder)"
"4774",539941000000104,"Histrionic personality disorder NOS (disorder)"
"4775",539951000000101,"Other personality disorders (disorder)"
"4776",539961000000103,"Transsexuality with unspecified sexual history (disorder)"
"4777",539971000000105,"Transsexualism NOS (disorder)"
"4778",539981000000107,"Psychosexual identity disorder NOS (disorder)"
"4779",539991000000109,"Nondependent other drug abuse, continuous (disorder)"
"4780",540021000000102,"Psychogenic respiratory symptom NOS (disorder)"
"4781",540031000000100,"Psychogenic cardiovascular symptom NOS (disorder)"
"4782",540041000000109,"Psychogenic gastrointestinal tract symptom NOS (disorder)"
"4783",540081000000101,"Other psychogenic malfunction (disorder)"
"4784",540091000000104,"Other psychogenic malfunction NOS (disorder)"
"4785",540101000000107,"Psychosomatic disorder NOS (disorder)"
"4786",540111000000109,"Psychogenic syndromes NEC (disorder)"
"4787",544761000000100,"Heat stroke, unspecified (disorder)"
"4788",544861000000109,"Other senile and presenile organic psychoses (disorder)"
"4789",544871000000102,"Other alcoholic dementia (disorder)"
"4790",551581000000102,"Other drug psychoses NOS (disorder)"
"4791",551591000000100,"Unspecified puerperal psychosis (disorder)"
"4792",551601000000106,"Other transient organic psychoses NOS (disorder)"
"4793",551611000000108,"Transient organic psychoses NOS (disorder)"
"4794",551621000000102,"Other reactive psychoses NOS (disorder)"
"4795",551631000000100,"Other specified chronic organic psychoses (disorder)"
"4796",551641000000109,"Chronic organic psychosis NOS (disorder)"
"4797",551651000000107,"Other specified organic psychoses (disorder)"
"4798",558801000000101,"Other schizophrenia (disorder)"
"4799",558811000000104,"Other non-organic psychoses (disorder)"
"4800",558821000000105,"Non-organic psychosis NOS (disorder)"
"4801",558831000000107,"Child psychosis NOS (disorder)"
"4802",563191000000103,"Hysteria NOS (disorder)"
"4803",563211000000104,"Neurotic disorder NOS (disorder)"
"4804",563221000000105,"Personality disorder NOS (disorder)"
"4805",571221000000102,"Acute stress reaction NOS (disorder)"
"4806",571231000000100,"Disturbance of conduct NEC (disorder)"
"4807",571241000000109,"Childhood and adolescent sensitivity disturbance NOS (disorder)"
"4808",571251000000107,"Childhood and adolescent emotion disorder NOS (disorder)"
"4809",574381000000107,"Amphetamine or other psychostimulant dependence (disorder)"
"4810",574391000000109,"Nondependent other drug abuse (disorder)"
"4811",579811000000105,"Paranoid schizophrenia NOS (disorder)"
"4812",579821000000104,"Unspecified latent schizophrenia (disorder)"
"4813",582291000000101,"Other personality disorder NOS (disorder)"
"4814",582331000000108,"Other specified drug dependence (disorder)"
"4815",589301000000108,"Other transient organic psychoses (disorder)"
"4816",589311000000105,"Other chronic organic psychoses (disorder)"
"4817",589321000000104,"Organic psychoses NOS (disorder)"
"4818",589331000000102,"Unspecified schizophrenia (disorder)"
"4819",589341000000106,"Simple schizophrenia NOS (disorder)"
"4820",589351000000109,"Hebephrenic schizophrenia NOS (disorder)"
"4821",589361000000107,"Unspecified catatonic schizophrenia (disorder)"
"4822",589371000000100,"Latent schizophrenia NOS (disorder)"
"4823",589381000000103,"Unspecified schizoaffective schizophrenia (disorder)"
"4824",589391000000101,"Unspecified affective personality disorder (disorder)"
"4825",589401000000103,"Affective personality disorder NOS (disorder)"
"4826",589511000000102,"Alcoholic liver damage unspecified (disorder)"
"4827",592691000000102,"Mental disorders NOS (disorder)"
"4828",597951000000102,"Arteriosclerotic dementia NOS (disorder)"
"4829",597961000000104,"Other alcoholic psychosis NOS (disorder)"
"4830",602471000000106,"Mixed bipolar affective disorder, in partial or unspecified remission (disorder)"
"4831",602481000000108,"Mixed bipolar affective disorder, NOS (disorder)"
"4832",602491000000105,"Unspecified bipolar affective disorder (disorder)"
"4833",602501000000104,"Cocaine dependence, unspecified (disorder)"
"4834",602511000000102,"Unspecified bipolar affective disorder, unspecified (disorder)"
"4835",602521000000108,"Unspecified bipolar affective disorder, mild (disorder)"
"4836",602531000000105,"Unspecified bipolar affective disorder, moderate (disorder)"
"4837",602541000000101,"Unspecified bipolar affective disorder, severe, with psychosis (disorder)"
"4838",602551000000103,"Unspecified bipolar affective disorder, in partial or unspecified remission (disorder)"
"4839",602561000000100,"Unspecified bipolar affective disorder, in full remission (disorder)"
"4840",602571000000107,"Hallucinogen dependence, unspecified (disorder)"
"4841",602581000000109,"Other specified drug dependence, continuous (disorder)"
"4842",602591000000106,"Other specified drug dependence, episodic (disorder)"
"4843",602601000000100,"Other specified drug dependence in remission (disorder)"
"4844",602611000000103,"Non-organic encopresis NOS (finding)"
"4845",602621000000109,"Combined opioid with other drug dependence, unspecified (disorder)"
"4846",602631000000106,"Psychogenic syndromes NOS (disorder)"
"4847",606921000000104,"Recurrent major depressive episodes, unspecified (disorder)"
"4848",607161000000107,"Schizoid personality disorder NOS (disorder)"
"4849",607171000000100,"Nondependent amphetamine or psychostimulant abuse, unspecified (disorder)"
"4850",607791000000102,"Cyclical vomiting NOS (disorder)"
"4851",608241000000102,"Other and unspecified non-organic eating disorders (disorder)"
"4852",608251000000104,"Unspecified non-organic eating disorder (disorder)"
"4853",608261000000101,"Other specified non-organic eating disorder (disorder)"
"4854",608271000000108,"Non-organic eating disorder NOS (disorder)"
"4855",609241000000106,"Combined drug dependence, excluding opioid, unspecified (disorder)"
"4856",609251000000109,"Adjustment reaction with predominant disturbance of other emotions (disorder)"
"4857",609261000000107,"Adjustment reaction with disturbance of other emotion NOS (disorder)"
"4858",609271000000100,"Other adjustment reactions NOS (disorder)"
"4859",609281000000103,"Adjustment reaction NOS (disorder)"
"4860",609291000000101,"Other specific mental disorder following organic brain damage (disorder)"
"4861",609301000000102,"Nonpsychotic mental disorder following organic brain damage NOS (disorder)"
"4862",609311000000100,"Depressive disorder NEC (disorder)"
"4863",609321000000106,"Nonaggressive unsocial conduct disorder NOS (disorder)"
"4864",609331000000108,"Impulse control disorder NOS (disorder)"
"4865",609341000000104,"Mixed disturbance of conduct and emotion NOS (disorder)"
"4866",609831000000103,"Accidental poisoning by hallucinogen NOS (disorder)"
"4867",613511000000109,"Bipolar affective disorder, currently depressed, NOS (disorder)"
"4868",613581000000102,"Mixed bipolar affective disorder, unspecified (disorder)"
"4869",613591000000100,"Presenile dementia NOS (disorder)"
"4870",613601000000106,"Senile dementia with depressive or paranoid features NOS (disorder)"
"4871",613611000000108,"Unspecified bipolar affective disorder, severe, without mention of psychosis (disorder)"
"4872",613621000000102,"Other and unspecified manic-depressive psychoses (disorder)"
"4873",613631000000100,"Unspecified manic-depressive psychoses (disorder)"
"4874",613641000000109,"Other mixed manic-depressive psychoses (disorder)"
"4875",615921000000105,"Bipolar affective disorder, currently manic, in partial or unspecified remission (disorder)"
"4876",615931000000107,"Bipolar affective disorder, currently manic, NOS (disorder)"
"4877",615941000000103,"Bipolar affective disorder, currently depressed, unspecified (disorder)"
"4878",615951000000100,"Bipolar affective disorder, currently depressed, in partial or unspecified remission (disorder)"
"4879",617721000000103,"Other conversion disorder (disorder)"
"4880",620121000000105,"Other paranoid states NOS (disorder)"
"4881",620131000000107,"Paranoid psychosis NOS (disorder)"
"4882",620141000000103,"Other reactive psychoses (disorder)"
"4883",620151000000100,"Drug dependence NOS (disorder)"
"4884",620161000000102,"Nondependent alcohol abuse, unspecified (disorder)"
"4885",620171000000109,"Nondependent alcohol abuse NOS (disorder)"
"4886",620181000000106,"Other post-traumatic stress disorder (disorder)"
"4887",620191000000108,"Tobacco dependence NOS (disorder)"
"4888",620201000000105,"Nondependent cannabis abuse, unspecified (disorder)"
"4889",620211000000107,"Nondependent cannabis abuse NOS (disorder)"
"4890",620221000000101,"Organic personality syndrome NOS (disorder)"
"4891",620231000000104,"Nondependent hypnotic or anxiolytic abuse NOS (disorder)"
"4892",620241000000108,"Aggressive unsocial conduct disorder NOS (disorder)"
"4893",620251000000106,"Impulse control disorder, unspecified (disorder)"
"4894",620261000000109,"Nondependent cocaine abuse, unspecified (disorder)"
"4895",620271000000102,"Nondependent cocaine abuse NOS (disorder)"
"4896",620281000000100,"Impulse control disorder NEC (disorder)"
"4897",620291000000103,"Unspecified disturbance of conduct (disorder)"
"4898",620301000000104,"Juvenile delinquency unspecified (disorder)"
"4899",621181000000100,"Drug psychosis NOS (disorder)"
"4900",621191000000103,"Acute confusional state NOS (disorder)"
"4901",621201000000101,"Subacute confusional state NOS (disorder)"
"4902",621211000000104,"Other paranoid states (disorder)"
"4903",621221000000105,"Infantile autism NOS (disorder)"
"4904",621231000000107,"Disintegrative psychosis NOS (disorder)"
"4905",621241000000103,"Other childhood psychoses (disorder)"
"4906",621251000000100,"Combined drug dependence, excluding opioid, NOS (disorder)"
"4907",621261000000102,"Other specified non-organic psychoses (disorder)"
"4908",621281000000106,"Tobacco dependence, unspecified (disorder)"
"4909",623941000000107,"Senile or presenile psychoses NOS (disorder)"
"4910",623951000000105,"Alcohol amnestic syndrome NOS (disorder)"
"4911",623961000000108,"Other alcoholic psychosis (disorder)"
"4912",623971000000101,"Unspecified bipolar affective disorder, NOS (disorder)"
"4913",623981000000104,"Alcoholic psychosis NOS (disorder)"
"4914",623991000000102,"Drug-induced paranoia or hallucinatory state NOS (disorder)"
"4915",624001000000107,"Other drug psychoses (disorder)"
"4916",624011000000109,"Other and unspecified manic-depressive psychoses NOS (disorder)"
"4917",628551000000107,"Nondependent hallucinogen abuse, unspecified (disorder)"
"4918",628561000000105,"Nondependent hallucinogen abuse NOS (disorder)"
"4919",628571000000103,"Nondependent hypnotic or anxiolytic abuse, unspecified (disorder)"
"4920",628581000000101,"Other occupational neurosis (disorder)"
"4921",628591000000104,"Other neurotic disorder NOS (disorder)"
"4922",628601000000105,"Nondependent opioid abuse, unspecified (disorder)"
"4923",631411000000102,"Drug dependence - unspecified whether during pregnancy or the puerperium (disorder)"
"4924",631421000000108,"Drug dependence during pregnancy, childbirth or the puerperium NOS (disorder)"
"4925",632271000000100,"Psychotic episode NOS (disorder)"
"4926",633341000000108,"Other childhood psychoses NOS (disorder)"
"4927",633351000000106,"Unspecified hebephrenic schizophrenia (disorder)"
"4928",633371000000102,"Hysteria unspecified (disorder)"
"4929",633381000000100,"Dissociative reaction unspecified (disorder)"
"4930",633391000000103,"Catatonic schizophrenia NOS (disorder)"
"4931",633401000000100,"Unspecified paranoid schizophrenia (disorder)"
"4932",633411000000103,"Obsessive-compulsive disorder NOS (disorder)"
"4933",633421000000109,"Other neurotic disorders (disorder)"
"4934",633431000000106,"Unspecified schizoid personality disorder (disorder)"
"4935",633661000000103,"Single manic episode in partial or unspecified remission (disorder)"
"4936",633671000000105,"Recurrent manic episode NOS (disorder)"
"4937",633681000000107,"Single major depressive episode, unspecified (disorder)"
"4938",633691000000109,"Single major depressive episode, in partial or unspecified remission (disorder)"
"4939",633701000000109,"Single major depressive episode NOS (disorder)"
"4940",633711000000106,"Recurrent major depressive episodes, in partial or unspecified remission (disorder)"
"4941",633721000000100,"Recurrent major depressive episode NOS (disorder)"
"4942",633731000000103,"Bipolar affective disorder, currently manic, unspecified (disorder)"
"4943",633741000000107,"Acute alcoholic intoxication, unspecified, in alcoholism (disorder)"
"4944",638101000000101,"Hypnotic or anxiolytic dependence NOS (disorder)"
"4945",638141000000103,"Combined opioid with other drug dependence NOS (disorder)"
"4946",638151000000100,"Other adjustment reaction with withdrawal (disorder)"
"4947",638971000000106,"Benzodiazepine poisoning NOS (disorder)"
"4948",639011000000107,"Psychostimulant poisoning NOS (disorder)"
"4949",640881000000104,"Alcoholic liver damage NOS (disorder)"
"4950",645431000000108,"Schizoaffective schizophrenia NOS (disorder)"
"4951",645441000000104,"Other schizophrenia NOS (disorder)"
"4952",645451000000101,"Schizophrenia NOS (disorder)"
"4953",645461000000103,"Single manic episode, unspecified (disorder)"
"4954",645471000000105,"Manic disorder, single episode NOS (disorder)"
"4955",645481000000107,"Recurrent manic episodes, unspecified (disorder)"
"4956",645491000000109,"Recurrent manic episodes, in partial or unspecified remission (disorder)"
"4957",645531000000109,"Other psychosexual disorder NOS (disorder)"
"4958",645541000000100,"Psychosexual disorder NOS (disorder)"
"4959",645551000000102,"Acute alcoholic intoxication in alcoholism NOS (disorder)"
"4960",645561000000104,"Unspecified chronic alcoholism (disorder)"
"4961",645571000000106,"Chronic alcoholism NOS (disorder)"
"4962",645581000000108,"Psychogenic skin symptoms NOS (disorder)"
"4963",645591000000105,"Alcohol dependence syndrome NOS (disorder)"
"4964",645601000000104,"Unspecified opioid dependence (disorder)"
"4965",645611000000102,"Opioid drug dependence NOS (disorder)"
"4966",645621000000108,"Hypnotic or anxiolytic dependence, unspecified (disorder)"
"4967",645781000000101,"Mental disorder - unspecified whether during pregnancy or the puerperium (disorder)"
"4968",645791000000104,"Mental disorder during pregnancy, childbirth or the puerperium NOS (disorder)"
"4969",646041000000104,"Other specified drug dependence, unspecified (disorder)"
"4970",646081000000107,"Other specified drug dependence NOS (disorder)"
"4971",646101000000101,"Other specified mental disorders (disorder)"
"4972",647691000000102,"Adjustment reaction with predominant disturbance of conduct NOS (disorder)"
"4973",651701000000107,"Nondependent opioid abuse NOS (disorder)"
"4974",651711000000109,"Nondependent amphetamine or psychostimulant abuse NOS (disorder)"
"4975",651721000000103,"Nondependent antidepressant type drug abuse, unspecified (disorder)"
"4976",651731000000101,"Other conduct disturbances (disorder)"
"4977",651741000000105,"Other conduct disturbances NOS (disorder)"
"4978",653961000000109,"Other adjustment reactions (disorder)"
"4979",655231000000105,"Brief depressive reaction NOS (disorder)"
"4980",657291000000103,"Adverse reaction to sedative or hypnotic NOS (disorder)"
"4981",657781000000105,"Disturbance of conduct NOS (disorder)"
"4982",657791000000107,"Disturbance of anxiety and fearfulness in childhood and adolescence NOS (disorder)"
"4983",657801000000106,"Childhood and adolescent relationship problem NOS (disorder)"
"4984",657811000000108,"Other childhood and adolescent emotional problems (disorder)"
"4985",657821000000102,"Child attention deficit disorder NOS (disorder)"
"4986",657831000000100,"Other hyperkinetic manifestation (disorder)"
"4987",657841000000109,"Hyperkinetic syndrome NOS (disorder)"
"4988",665121000000109,"Other central nervous system stimulant poisoning (disorder)"
"4989",665191000000107,"Ethyl alcohol causing toxic effect NOS (disorder)"
"4990",665831000000104,"Cocaine drug dependence NOS (disorder)"
"4991",665841000000108,"Cannabis dependence, unspecified (disorder)"
"4992",665851000000106,"Cannabis drug dependence NOS (disorder)"
"4993",665871000000102,"Amphetamine or psychostimulant dependence, unspecified (disorder)"
"4994",665881000000100,"Amphetamine or psychostimulant dependence NOS (disorder)"
"4995",665891000000103,"Hallucinogen dependence NOS (disorder)"
"4996",665911000000100,"Glue sniffing dependence, unspecified (disorder)"
"4997",665921000000106,"Glue sniffing dependence NOS (disorder)"
"4998",665931000000108,"Psychogenic vomiting NOS (disorder)"
"4999",665941000000104,"Psychogenic pain unspecified (disorder)"
"5000",665951000000101,"Psychalgia NOS (disorder)"
"5001",665961000000103,"Other and unspecified psychogenic syndrome NEC (disorder)"
"5002",665971000000105,"Other acute stress reactions (disorder)"
"5003",665981000000107,"Other acute stress reaction NOS (disorder)"
"5004",666401000000101,"Adverse reaction to other sedatives and hypnotics (disorder)"
"5005",667251000000102,"Adverse reaction to benzodiazepine-based tranquilizer NOS (disorder)"
"5006",668311000000107,"Adverse reaction to other tranquilizers (disorder)"
"5007",670071000000109,"Adverse reaction to tranquilizers NOS (disorder)"
"5008",670351000000102,"Adverse reaction to mixed sedatives NEC (disorder)"
"5009",670671000000103,"Adverse reaction to central nervous system stimulants NOS (disorder)"
"5010",671511000000100,"Alcoholic dementia NOS (disorder)"
"5011",671521000000106,"Inebriety NOS (disorder)"
"5012",671531000000108,"Drunkenness NOS (disorder)"
"5013",671541000000104,"Childhood schizophrenia NOS (disorder)"
"5014",671891000000106,"Heat stroke or sunstroke NOS (disorder)"
"5015",672741000000102,"Adverse reaction to psychostimulant NOS (disorder)"
"5016",672771000000108,"Adverse reaction to analeptics NOS (disorder)"
"5017",672941000000100,"Accidental poisoning by psychostimulants NOS (disorder)"
"5018",672951000000102,"Accidental poisoning by central nervous system stimulants NOS (disorder)"
"5019",674741000000106,"Adverse reaction to chloral hydrate group NOS (disorder)"
"5020",683331000000107,"Analeptic poisoning NOS (disorder)"
"5021",683351000000100,"Central nervous system stimulant poisoning NOS (disorder)"
"5022",686161000000105,"Adverse reaction to barbiturate NOS (disorder)"
"5023",686441000000100,"Other childhood and adolescent emotional problems NOS (disorder)"
"5024",686451000000102,"Reading disorder unspecified (disorder)"
"5025",686461000000104,"Specific reading disorder NOS (disorder)"
"5026",686471000000106,"Other specific learning difficulty (disorder)"
"5027",686481000000108,"Speech or language developmental disorder NOS (disorder)"
"5028",686501000000104,"Other specified mental retardation (disorder)"
"5029",686511000000102,"Other specified mental retardation NOS (disorder)"
"5030",686521000000108,"Mental retardation NOS (disorder)"
"5031",689341000000100,"Adverse reaction to other major tranquilizer (disorder)"
"5032",690301000119102,"Fluency disorder due to and following embolic cerebrovascular accident (disorder)"
"5033",694241000000109,"Nondependent antidepressant type drug abuse NOS (disorder)"
"5034",694251000000107,"Nondependent mixed drug abuse, unspecified (disorder)"
"5035",694261000000105,"Nondependent mixed drug abuse NOS (disorder)"
"5036",694271000000103,"Nondependent other drug abuse, unspecified (disorder)"
"5037",694281000000101,"Nondependent other drug abuse, episodic (disorder)"
"5038",694291000000104,"Nondependent other drug abuse in remission (disorder)"
"5039",694301000000100,"Nondependent other drug abuse NOS (disorder)"
"5040",694431000000104,"Adverse reaction to other central nervous system stimulants (disorder)"
"5041",694681000000103,"Accidental poisoning by ethanol, NOS (disorder)"
"5042",694691000000101,"Accidental poisoning by ethyl alcohol NOS (disorder)"
"5043",699501000000108,"Adverse reaction to other sedatives and hypnotics NOS (disorder)"
"5044",699521000000104,"Adverse reaction to sedatives and hypnotics, unspecified (disorder)"
"5045",699531000000102,"Adverse reaction to sleeping pill NOS (disorder)"
"5046",699541000000106,"Adverse reaction to sedative NOS (disorder)"
"5047",700911000000100,"Other senile/presenile dementia (disorder)"
"5048",702251000000106,"Other manic-depressive psychos (disorder)"
"5049",702271000000102,"Other mental disorders (disorder)"
"5050",702291000000103,"Depression NOS (disorder)"
"5051",755301000000102,"Paranoid state in remission (disorder)"
"5052",755311000000100,"Non-organic psychosis in remission (disorder)"
"5053",755321000000106,"Single major depressive episode, severe, with psychosis, psychosis in remission (disorder)"
"5054",755331000000108,"Recurrent major depressive episodes, severe, with psychosis, psychosis in remission (disorder)"
"5055",755341000000104,"Acute post traumatic stress disorder following military combat (disorder)"
"5056",755351000000101,"Chronic post traumatic stress disorder following military combat (disorder)"
"5057",755381000000107,"Delayed post traumatic stress disorder following military combat (disorder)"
"5058",760721000000109,"Mixed bipolar affective disorder, in partial remission (disorder)"
"5059",764591000000108,"Mixed bipolar affective disorder, severe (disorder)"
"5060",764611000000100,"Recurrent major depressive episodes, severe (disorder)"
"5061",764621000000106,"Recurrent manic episodes, severe (disorder)"
"5062",764631000000108,"Single major depressive episode, severe (disorder)"
"5063",764641000000104,"Single manic episode, severe (disorder)"
"5064",764651000000101,"Nondependent antidepressant type drug abuse (disorder)"
"5065",764671000000105,"Recurrent manic episodes, in partial remission (disorder)"
"5066",764681000000107,"Recurrent manic episodes, in remission (disorder)"
"5067",764691000000109,"Recurrent major depressive episodes, in partial remission (disorder)"
"5068",764701000000109,"Recurrent major depressive episodes, in remission (disorder)"
"5069",764711000000106,"Single major depressive episode, in remission (disorder)"
"5070",764721000000100,"Single major depressive episode, in partial remission (disorder)"
"5071",764731000000103,"Single manic episode in partial remission (disorder)"
"5072",764741000000107,"Single manic episode in remission (disorder)"
"5073",790961000000101,"Antenatal depression (disorder)"
"5074",802411000000109,"Analgesic misuse (disorder)"
"5075",867891000000101,"Erectile dysfunction due to diabetes mellitus (disorder)"
"5076",879821000000103,"Dysexecutive syndrome (disorder)"
"5077",888921000000106,"Avoidant restrictive food intake disorder (disorder)"
"5078",889211000000104,"Specific learning disability (disorder)"
"5079",889811000000103,"Attention deficit hyperactivity disorder, inattentive presentation (restrictive) (disorder)"
"5080",898051000000104,"Speech and language developmental delay (disorder)"
"5081",922061000000103,"Sporadic Creutzfeldt-Jakob disease (disorder)"
"5082",924501000000100,"Novel psychoactive substance misuse (disorder)"
"5083",925701000000107,"Functional urinary and faecal incontinence (finding)"
"5084",928111000000101,"Mild alcohol dependence (disorder)"
"5085",928131000000109,"Moderate alcohol dependence (disorder)"
"5086",928151000000102,"Severe alcohol dependence (disorder)"
"5087",931001000000105,"Significant learning disability (disorder)"
"5088",943071000000104,"Opioid-induced psychosis (disorder)"
"5089",943081000000102,"Cannabis-induced psychosis (disorder)"
"5090",943091000000100,"Sedative-induced psychosis (disorder)"
"5091",943101000000108,"Cocaine-induced psychosis (disorder)"
"5092",943111000000105,"Acute stimulant intoxication (disorder)"
"5093",943121000000104,"Psychoactive substance-induced psychosis (disorder)"
"5094",943131000000102,"Hallucinogen-induced psychosis (disorder)"
"5095",943151000000109,"Volatile inhalant-induced psychosis (disorder)"
"5096",943781000000104,"Behavioural, emotional and social difficulties (disorder)"
"5097",943801000000103,"Emotional behavioural difficulties (disorder)"
"5098",954731000000103,"Intellectual development disorder of unknown aetiology (disorder)"
"5099",958571000000103,"Developmental language comprehension impairment (disorder)"
"5100",962731000000104,"Acquired delay in feeding (disorder)"
"5101",984661000000105,"Mild learning disability (disorder)"
"5102",984671000000103,"Moderate learning disability (disorder)"
"5103",984681000000101,"Profound learning disability (disorder)"
"5104",1047881000000106,"Opioid analgesic dependence (disorder)"
"5105",1067201000000106,"Eating disorder co-occurrent with diabetes mellitus type 1 (disorder)"
"5106",1084061000000106,"Depressive personality disorder (disorder)"
"5107",1086471000000103,"Recurrent reactive depressive episodes, severe, with psychosis (disorder)"
"5108",1086661000000108,"Reactive depression, prolonged single episode (disorder)"
"5109",1086671000000101,"Reactive depression, single episode (disorder)"
"5110",1086681000000104,"Reactive depression, recurrent (disorder)"
"5111",1086691000000102,"Reactive depression, first episode (disorder)"
"5112",1087451000000109,"Late onset alcohol-induced psychosis (disorder)"
"5113",1087461000000107,"Late onset substance-induced psychosis (disorder)"
"5114",1087471000000100,"Late onset substance-induced mental disorder (disorder)"
"5115",1087481000000103,"Late onset cocaine-induced psychosis (disorder)"
"5116",1087491000000101,"Late onset lysergic acid diethylamide-induced psychosis (disorder)"
"5117",1087501000000107,"Late onset cannabinoid-induced psychosis (disorder)"
"5118",1087511000000109,"Late onset amphetamine-induced psychosis (disorder)"
"5119",1089481000000106,"Cataleptic schizophrenia (disorder)"
"5120",1089501000000102,"Presenile dementia with psychosis (disorder)"
"5121",1089511000000100,"Recurrent depression with current severe episode and psychotic features (disorder)"
"5122",1089521000000106,"Predominantly cortical dementia (disorder)"
"5123",1089531000000108,"Predominantly cortical vascular dementia (disorder)"
"5124",1089631000000109,"Recurrent depression with current severe episode without psychotic features (disorder)"
"5125",1089641000000100,"Recurrent depression with current moderate episode (disorder)"
"5126",1089661000000104,"Mania with mood-congruent psychotic features (disorder)"
"5127",1089671000000106,"Mania with mood-incongruent psychotic features (disorder)"
"5128",1089681000000108,"Mania with psychotic features (disorder)"
"5129",1089691000000105,"Acute predominantly delusional psychotic disorder (disorder)"
"5130",1089701000000105,"Profound intellectual development disorder without impairment of behaviour (disorder)"
"5131",1089711000000107,"Profound intellectual development disorder with significant impairment of behaviour (disorder)"
"5132",1089721000000101,"Profound intellectual development disorder with minimal impairment of behaviour (disorder)"
"5133",1089731000000104,"Profound intellectual development disorder with impairment of behaviour (disorder)"
"5134",1089741000000108,"Severe intellectual development disorder without significant impairment of behaviour (disorder)"
"5135",1089751000000106,"Severe intellectual development disorder with significant impairment of behaviour (disorder)"
"5136",1089761000000109,"Severe intellectual development disorder with minimal impairment of behaviour (disorder)"
"5137",1089771000000102,"Severe intellectual development disorder with impairment of behaviour (disorder)"
"5138",1089781000000100,"Moderate intellectual development disorder without significant impairment of behaviour (disorder)"
"5139",1089791000000103,"Moderate intellectual development disorder with significant impairment of behaviour (disorder)"
"5140",1089811000000102,"Moderate intellectual development disorder with minimal impairment of behaviour (disorder)"
"5141",1089821000000108,"Moderate intellectual development disorder with impairment of behaviour (disorder)"
"5142",1089831000000105,"Mild intellectual development disorder without significant impairment of behaviour (disorder)"
"5143",1089841000000101,"Mild intellectual development disorder with significant impairment of behaviour (disorder)"
"5144",1089851000000103,"Mild intellectual development disorder with minimal impairment of behaviour (disorder)"
"5145",1093911000000105,"Harmful use of antacids (disorder)"
"5146",1093991000000101,"Mild intellectual development disorder with impairment of behaviour (disorder)"
"5147",1094001000000106,"Intellectual development disorder without significant impairment of behaviour (disorder)"
"5148",1094011000000108,"Intellectual development disorder with significant impairment of behaviour (disorder)"
"5149",1094021000000102,"Intellectual development disorder with minimal impairment of behaviour (disorder)"
"5150",1094031000000100,"Intellectual development disorder with impairment of behaviour (disorder)"
"5151",1094071000000103,"Harmful use of antidepressant drug (disorder)"
"5152",1094081000000101,"Harmful use of diuretics (disorder)"
"5153",1094091000000104,"Harmful use of drugs to lose weight (disorder)"
"5154",1094101000000107,"Harmful use of herbal medicine (disorder)"
"5155",1094111000000109,"Harmful use of laxatives (disorder)"
"5156",1094121000000103,"Harmful use of analgesic (disorder)"
"5157",1094131000000101,"Harmful use of steroids (disorder)"
"5158",1094141000000105,"Harmful use of vitamins (disorder)"
"5159",1094151000000108,"Harmful use of alcohol (disorder)"
"5160",1094161000000106,"Harmful use of amphetamine (disorder)"
"5161",1094171000000104,"Harmful use of cannabis (disorder)"
"5162",1094181000000102,"Harmful use of Catha edulis (disorder)"
"5163",1094191000000100,"Harmful use of cocaine (disorder)"
"5164",1094201000000103,"Harmful use of hallucinogen (disorder)"
"5165",1094211000000101,"Harmful use of inhalant (disorder)"
"5166",1094221000000107,"Harmful use of methanol (disorder)"
"5167",1094231000000109,"Harmful use of opioid (disorder)"
"5168",1094241000000100,"Harmful use of sedative (disorder)"
"5169",1094251000000102,"Harmful use of barbiturate (disorder)"
"5170",1094261000000104,"Harmful use of stimulant (disorder)"
"5171",1094271000000106,"Harmful use of synthetic cannabinoid (disorder)"
"5172",1094281000000108,"Harmful use of synthetic cathinone (disorder)"
"5173",1094291000000105,"Harmful use of anxiolytic (disorder)"
"5174",1094301000000109,"Harmful use of hypnotic (disorder)"
"5175",1239331000000100,"Significant intellectual disability (disorder)"
"5176",10741871000119101,"Alcohol dependence in pregnancy (disorder)"
"5177",10743001000119103,"Anxiety disorder in mother complicating childbirth (disorder)"
"5178",10755001000119102,"Postpartum mood disorder (disorder)"
"5179",10755041000119100,"Alcohol dependence in childbirth (disorder)"
"5180",10755161000119102,"Drug dependence in childbirth (disorder)"
"5181",10760421000119102,"Psychotic disorder in mother complicating childbirth (disorder)"
"5182",10760461000119107,"Psychotic disorder in mother complicating pregnancy (disorder)"
"5183",10811121000119102,"Major depressive disorder in mother complicating childbirth (disorder)"
"5184",10811161000119107,"Major depressive disorder in mother complicating pregnancy (disorder)"
"5185",10811201000119102,"Mental disorder in mother complicating childbirth (disorder)"
"5186",10835871000119104,"Depressive disorder in mother complicating childbirth (disorder)"
"5187",10851061000119101,"Adverse reaction caused by methamphetamine (disorder)"
"5188",10976971000119109,"Metamfetamine overdose (disorder)"
"5189",10977011000119100,"Poisoning caused by metamfetamine (disorder)"
"5190",11047881000119101,"Cannabis hyperemesis syndrome co-occurrent and due to cannabis abuse (disorder)"
"5191",11048011000119103,"Cannabis hyperemesis syndrome co-occurrent and due to cannabis dependence (disorder)"
"5192",12277671000119109,"Gender dysphoria in childhood (disorder)"
"5193",12277711000119108,"Gender dysphoria in adolescence and adulthood (disorder)"
"5194",12398201000119102,"Anxiety disorder caused by methamphetamine (disorder)"
"5195",12398281000119105,"Methamphetamine withdrawal syndrome (disorder)"
"5196",12398321000119100,"Mood disorder caused by methamphetamine (disorder)"
"5197",12398361000119105,"Mental disorder caused by methamphetamine (disorder)"
"5198",12398481000119109,"Mental disorder caused by psychostimulant (disorder)"
"5199",12398571000119105,"Methamphetamine intoxication (disorder)"
"5200",12398651000119100,"Sleep disorder caused by methamphetamine (disorder)"
"5201",15755701000119105,"Fluency disorder due to Parkinson disease (disorder)"
"5202",15921731000119106,"Psychotic disorder caused by methamphetamine (disorder)"
"5203",16076691000119100,"Episodic polysubstance dependence (disorder)"
"5204",16077051000119102,"Tobacco dependence caused by cigarettes in remission (disorder)"
"5205",16077091000119107,"Tobacco dependence caused by cigarettes (disorder)"
"5206",16077131000119109,"Tobacco dependence caused by chewing tobacco in remission (disorder)"
"5207",16077171000119107,"Tobacco dependence caused by chewing tobacco (disorder)"
"5208",16219201000119101,"Behavioral disturbance co-occurrent and due to late onset Alzheimer dementia (disorder)"
"5209",16236661000119100,"Delirium due to methamphetamine intoxication (disorder)"
"5210",16236701000119107,"Delirium due to substance withdrawal syndrome (disorder)"
"5211",16237261000119100,"Adult onset fluency disorder (disorder)"
"5212",16238181000119101,"Depressive disorder caused by amphetamine (disorder)"
"5213",16238221000119109,"Depressive disorder caused by methamphetamine (disorder)"
"5214",16238741000119105,"Bipolar disorder caused by drug (disorder)"
"5215",16264621000119109,"Recurrent mild major depressive disorder co-occurrent with anxiety (disorder)"
"5216",16264821000119108,"Recurrent severe major depressive disorder co-occurrent with anxiety (disorder)"
"5217",16264901000119109,"Recurrent moderate major depressive disorder co-occurrent with anxiety (disorder)"
"5218",16265061000119105,"Recurrent major depressive disorder co-occurrent with anxiety in full remission (disorder)"
"5219",16265301000119106,"Recurrent major depressive disorder in partial remission co-occurrent with anxiety (disorder)"
"5220",16265701000119107,"Illness anxiety disorder (disorder)"
"5221",16265951000119109,"Mild major depressive disorder co-occurrent with anxiety single episode (disorder)"
"5222",16266831000119100,"Moderate major depressive disorder co-occurrent with anxiety single episode (disorder)"
"5223",16266991000119108,"Severe major depressive disorder co-occurrent with anxiety single episode (disorder)"
"5224",16270831000119107,"Bulimia nervosa in partial remission (disorder)"
"5225",16270871000119105,"Bulimia nervosa in full remission (disorder)"
"5226",16276361000119109,"Vascular dementia without behavioral disturbance (disorder)"
"5227",16279021000119106,"Delirium due to opioid withdrawal (disorder)"
"5228",16715331000119109,"Erectile dysfunction due to and following implantation of radioactive seed into prostate (disorder)"
"5229",16715371000119107,"Erectile dysfunction due to and following ablation of prostate (disorder)"
"5230",16715411000119108,"Erectile dysfunction due to and following radiation therapy (disorder)"
"5231",232534061000119102,"Delirium due to hepatic encephalopathy (disorder)"
"5232",320906871000119104,"Adverse reaction caused by synthetic cannabinoid (disorder)"
"5233",786120041000132108,"Psychotic disorder caused by substance (disorder)"
