,LSOA11CD,17-18_April,17-18_May,17-18_June,17-18_July,17-18_August,17-18_September,17-18_October,17-18_November,17-18_December,17-18_January,17-18_February,17-18_March,18-19_April,18-19_May,18-19_June,18-19_July,18-19_August,18-19_September,18-19_October,18-19_November,18-19_December,18-19_January,18-19_February,18-19_March,19-20_April,19-20_May,19-20_June,19-20_July,19-20_August,19-20_September,19-20_October,19-20_November,19-20_December,19-20_January,19-20_February,19-20_March,20-21_April,20-21_May,20-21_June,20-21_July,20-21_August,20-21_September,20-21_October,20-21_November,20-21_December,20-21_January,20-21_February,20-21_March,21-22_April,21-22_May,21-22_June,21-22_July,21-22_August,21-22_September,21-22_October,21-22_November,21-22_December,21-22_January,21-22_February,21-22_March,Mean_dev,MH_call_rate,%non-crime,Night-time_ratio,Temporalvolatility(CV),%attended,%highacuity,slope,lsoa_lq,Percentage change
0,E01010568,0.0,1.0,0.0,0.0,1.0,0.0,1.0,0.0,0.0,1.0,0.0,1.0,1.0,0.0,2.0,4.0,0.0,3.0,0.0,1.0,3.0,1.0,1.0,0.0,1.0,0.0,0.0,0.0,1.0,1.0,1.0,0.0,0.0,1.0,0.0,1.0,0.0,1.0,2.0,4.0,1.0,1.0,0.0,2.0,5.0,2.0,1.0,0.0,0.0,1.0,0.0,0.0,0.0,0.0,0.0,1.0,0.0,2.0,0.0,1.0,-27.799999999999997,0.0296684118673647,96.07843137254902,0.2156862745098039,0.6735147036502169,0.6078431372549019,0.3725490196078431,0.0060475411413723,0.6451233641973371,0.1739583333333333
1,E01010569,2.0,2.0,2.0,1.0,3.0,2.0,3.0,1.0,3.0,4.0,0.0,0.0,0.0,0.0,2.0,1.0,0.0,3.0,1.0,1.0,1.0,2.0,0.0,0.0,3.0,3.0,0.0,1.0,0.0,3.0,4.0,0.0,2.0,1.0,1.0,3.0,0.0,2.0,1.0,0.0,3.0,0.0,2.0,1.0,1.0,0.0,4.0,2.0,3.0,0.0,2.0,1.0,0.0,3.0,2.0,3.0,1.0,1.0,2.0,4.0,14.200000000000003,0.0529612756264236,81.72043010752688,0.1935483870967742,0.4699821036844841,0.6559139784946236,0.4946236559139785,0.0011638197534156,1.2237987416339302,0.2897727272727272
2,E01010570,0.0,0.0,0.0,0.0,0.0,0.0,0.0,0.0,0.0,0.0,0.0,0.0,0.0,1.0,0.0,0.0,1.0,0.0,0.0,0.0,0.0,0.0,0.0,0.0,0.0,0.0,0.0,0.0,0.0,0.0,0.0,1.0,1.0,0.0,0.0,0.0,0.0,0.0,0.0,0.0,2.0,0.0,1.0,0.0,0.0,2.0,1.0,3.0,1.0,3.0,0.0,0.0,2.0,0.0,0.0,0.0,0.0,0.0,0.0,0.0,-59.8,0.0126835781041388,73.68421052631578,0.0526315789473684,0.5008177649044795,0.7368421052631579,0.5789473684210527,0.03296,0.2673231224853395,0.2777777777777777
3,E01010571,2.0,0.0,2.0,0.0,0.0,0.0,0.0,0.0,0.0,0.0,1.0,3.0,2.0,1.0,0.0,0.0,1.0,1.0,0.0,3.0,1.0,1.0,0.0,0.0,0.0,1.0,1.0,1.0,1.0,2.0,1.0,1.0,1.0,1.0,1.0,4.0,3.0,11.0,9.0,1.0,3.0,5.0,5.0,3.0,0.0,3.0,1.0,5.0,0.0,4.0,1.0,5.0,1.0,0.0,1.0,0.0,0.0,1.0,0.0,0.0,16.200000000000003,0.0488683127572016,77.89473684210526,0.2631578947368421,0.9265959032530596,0.8842105263157894,0.7473684210526316,0.0368089951962565,1.0443406497317729,0.4828023828023828
4,E01010572,0.0,1.0,1.0,0.0,0.0,1.0,0.0,0.0,0.0,0.0,0.0,0.0,0.0,0.0,1.0,0.0,0.0,0.0,0.0,0.0,0.0,0.0,1.0,0.0,0.0,0.0,0.0,0.0,1.0,2.0,4.0,0.0,0.0,1.0,0.0,0.0,0.0,0.0,0.0,0.0,1.0,0.0,0.0,0.0,1.0,0.0,0.0,0.0,0.0,2.0,2.0,0.0,3.0,0.0,0.0,0.0,0.0,0.0,0.0,0.0,-56.8,0.0148347943358057,54.54545454545454,0.0454545454545454,0.596663748467176,0.7727272727272727,0.5909090909090909,0.0229632343959936,0.3321404917985219,0.1964285714285714
5,E01010573,0.0,0.0,0.0,0.0,1.0,0.0,0.0,0.0,0.0,0.0,1.0,0.0,1.0,1.0,1.0,0.0,0.0,1.0,0.0,0.0,0.0,1.0,0.0,0.0,0.0,0.0,0.0,0.0,0.0,0.0,2.0,0.0,0.0,0.0,0.0,0.0,0.0,1.0,1.0,1.0,0.0,1.0,0.0,0.0,1.0,0.0,1.0,1.0,0.0,1.0,1.0,0.0,0.0,0.0,1.0,0.0,0.0,1.0,3.0,0.0,-55.8,0.0125683060109289,65.21739130434783,0.1739130434782608,0.4255308564605155,0.8695652173913043,0.8260869565217391,0.007595769926987,0.2764174885674446,0.0583333333333333
6,E01010574,1.0,1.0,0.0,0.0,1.0,1.0,0.0,0.0,1.0,0.0,0.0,0.0,1.0,0.0,1.0,0.0,0.0,0.0,0.0,0.0,0.0,0.0,1.0,0.0,0.0,0.0,0.0,0.0,2.0,3.0,1.0,1.0,0.0,0.0,1.0,0.0,0.0,0.0,1.0,0.0,0.0,0.0,0.0,0.0,0.0,0.0,0.0,0.0,0.0,0.0,1.0,0.0,0.0,0.0,2.0,0.0,0.0,0.0,0.0,0.0,-58.8,0.0142247510668563,100.0,0.35,0.4618802153517006,0.65,0.45,0.0115420129270544,0.3280860024463591,0.1145833333333333
7,E01010575,1.0,0.0,0.0,0.0,1.0,0.0,1.0,0.0,1.0,0.0,0.0,0.0,1.0,2.0,0.0,1.0,0.0,2.0,0.0,0.0,2.0,1.0,1.0,1.0,0.0,0.0,0.0,0.0,0.0,0.0,1.0,1.0,0.0,2.0,0.0,1.0,1.0,1.0,0.0,0.0,0.0,0.0,0.0,1.0,0.0,1.0,1.0,0.0,1.0,2.0,0.0,3.0,0.0,1.0,0.0,0.0,0.0,0.0,3.0,2.0,-41.8,0.0235069885641677,83.78378378378379,0.081081081081081,0.4592148058428265,0.7837837837837838,0.6216216216216216,0.0134168738173858,0.5266017970787505,0.0925925925925925
8,E01010576,2.0,4.0,3.0,1.0,0.0,0.0,2.0,1.0,0.0,0.0,0.0,0.0,0.0,0.0,0.0,0.0,0.0,0.0,0.0,0.0,0.0,0.0,0.0,0.0,0.0,0.0,0.0,0.0,0.0,1.0,0.0,0.0,0.0,2.0,0.0,2.0,2.0,1.0,0.0,0.0,0.0,0.0,0.0,0.0,0.0,0.0,0.0,0.0,0.0,0.0,0.0,1.0,0.0,1.0,2.0,0.0,0.0,0.0,0.0,0.0,-53.8,0.0164907651715039,92.0,0.36,0.4998461301702293,0.56,0.36,-0.0180078713253439,0.4129527531499343,0.2559523809523809
9,E01010577,0.0,0.0,1.0,0.0,0.0,0.0,0.0,0.0,0.0,0.0,0.0,0.0,1.0,2.0,0.0,1.0,0.0,1.0,0.0,0.0,0.0,0.0,0.0,1.0,0.0,0.0,0.0,0.0,0.0,0.0,3.0,0.0,0.0,1.0,0.0,0.0,0.0,1.0,1.0,0.0,1.0,1.0,0.0,0.0,1.0,0.0,0.0,0.0,0.0,0.0,0.0,0.0,1.0,2.0,0.0,0.0,0.0,1.0,0.0,0.0,-58.8,0.0128865979381443,75.0,0.2,0.4618802153517006,1.0,0.8,-0.0001840293220053,0.2785694820259871,0.1458333333333333
10,E01010578,0.0,0.0,0.0,1.0,0.0,2.0,1.0,0.0,1.0,1.0,0.0,0.0,1.0,0.0,0.0,4.0,4.0,1.0,2.0,0.0,1.0,0.0,1.0,2.0,0.0,0.0,0.0,0.0,0.0,1.0,0.0,0.0,1.0,0.0,2.0,1.0,0.0,0.0,1.0,0.0,0.0,2.0,1.0,0.0,1.0,1.0,0.0,3.0,2.0,5.0,2.0,0.0,0.0,2.0,0.0,3.0,0.0,3.0,0.0,2.0,-23.799999999999997,0.03428927680798,80.0,0.3636363636363636,0.5920533892572338,0.8545454545454545,0.8181818181818182,0.0179541205448556,0.7690430158788601,0.2883333333333333
11,E01010579,0.0,0.0,1.0,1.0,0.0,0.0,1.0,1.0,1.0,0.0,0.0,2.0,1.0,0.0,0.0,3.0,2.0,2.0,1.0,0.0,0.0,1.0,0.0,0.0,1.0,1.0,0.0,1.0,1.0,1.0,0.0,0.0,1.0,0.0,2.0,0.0,0.0,0.0,0.0,0.0,0.0,0.0,1.0,0.0,1.0,0.0,0.0,2.0,0.0,0.0,1.0,0.0,1.0,1.0,0.0,1.0,0.0,0.0,0.0,0.0,-45.8,0.0218687872763419,75.75757575757575,0.2727272727272727,0.4203282638642353,0.7575757575757576,0.6060606060606061,-0.003954490224235,0.499638343970764,0.0512820512820512
12,E01010580,0.0,1.0,1.0,0.0,0.0,1.0,0.0,0.0,0.0,0.0,0.0,0.0,0.0,2.0,1.0,0.0,1.0,1.0,0.0,1.0,1.0,1.0,0.0,0.0,0.0,0.0,0.0,0.0,0.0,0.0,0.0,0.0,1.0,0.0,0.0,0.0,1.0,0.0,1.0,0.0,0.0,0.0,0.0,0.0,0.0,0.0,0.0,1.0,0.0,0.0,0.0,0.0,0.0,1.0,0.0,0.0,0.0,0.0,0.0,0.0,-62.8,0.006366892160764,93.75,0.125,0.2420614591379635,0.75,0.625,-0.0026575405322728,0.1447413619878016,0.0333333333333333
13,E01010581,0.0,0.0,0.0,0.0,1.0,0.0,0.0,0.0,1.0,0.0,0.0,0.0,0.0,1.0,0.0,0.0,0.0,0.0,0.0,0.0,0.0,0.0,0.0,2.0,1.0,1.0,0.0,0.0,0.0,0.0,1.0,0.0,1.0,0.0,1.0,0.0,1.0,0.0,0.0,1.0,0.0,0.0,0.0,1.0,0.0,0.0,0.0,0.0,0.0,0.0,1.0,2.0,0.0,0.0,0.0,0.0,0.0,1.0,1.0,0.0,-60.8,0.0109422492401215,88.88888888888889,0.2222222222222222,0.3036133560284325,0.8333333333333334,0.7777777777777778,0.0019909640860709,0.2423991881837711,0.09375
14,E01010582,0.0,0.0,0.0,0.0,0.0,0.0,0.0,3.0,0.0,0.0,0.0,0.0,0.0,0.0,0.0,0.0,1.0,2.0,0.0,0.0,0.0,0.0,0.0,0.0,0.0,0.0,1.0,1.0,0.0,0.0,0.0,0.0,0.0,1.0,1.0,0.0,0.0,0.0,2.0,1.0,8.0,7.0,12.0,4.0,17.0,1.0,3.0,2.0,0.0,0.0,0.0,0.0,0.0,2.0,0.0,1.0,0.0,1.0,0.0,0.0,-7.799999999999997,0.042540443379269,77.46478873239437,0.1971830985915492,1.2140915587349108,0.6338028169014085,0.4225352112676056,0.0506423662981774,0.8773211081865641,0.5615721288515406
15,E01010583,4.0,4.0,3.0,1.0,4.0,4.0,5.0,3.0,1.0,4.0,4.0,2.0,4.0,3.0,2.0,1.0,5.0,3.0,1.0,6.0,0.0,4.0,0.0,1.0,1.0,1.0,0.0,0.0,1.0,0.0,3.0,2.0,1.0,1.0,2.0,2.0,0.0,0.0,1.0,1.0,2.0,0.0,0.0,1.0,1.0,2.0,3.0,1.0,0.0,0.0,0.0,1.0,0.0,1.0,0.0,0.0,1.0,2.0,0.0,1.0,22.200000000000003,0.0801587301587301,85.14851485148515,0.3168316831683168,0.6202309310678654,0.8415841584158416,0.6633663366336634,-0.0452422772387643,1.933651717657345,0.4439393939393939
16,E01010584,1.0,3.0,4.0,0.0,2.0,1.0,0.0,1.0,0.0,0.0,2.0,0.0,1.0,1.0,0.0,0.0,0.0,2.0,0.0,0.0,0.0,1.0,1.0,3.0,2.0,2.0,0.0,3.0,2.0,0.0,1.0,0.0,5.0,2.0,0.0,2.0,1.0,0.0,2.0,1.0,0.0,0.0,1.0,2.0,1.0,3.0,3.0,2.0,3.0,1.0,3.0,3.0,2.0,0.0,0.0,2.0,0.0,1.0,2.0,1.0,-2.799999999999997,0.0429621254946297,81.57894736842105,0.3026315789473684,0.4987592127432366,0.8026315789473685,0.6710526315789473,0.0014817523771091,0.9698962977715244,0.2846153846153846
17,E01010585,6.0,0.0,0.0,1.0,0.0,1.0,0.0,1.0,2.0,0.0,1.0,1.0,0.0,1.0,1.0,1.0,1.0,2.0,2.0,3.0,1.0,0.0,0.0,1.0,1.0,0.0,2.0,0.0,0.0,1.0,2.0,3.0,1.0,0.0,1.0,0.0,0.0,0.0,0.0,0.0,1.0,1.0,0.0,0.0,1.0,4.0,0.0,1.0,1.0,0.0,0.0,3.0,1.0,2.0,1.0,0.0,0.0,0.0,0.0,0.0,-25.799999999999997,0.0263812842210054,90.56603773584906,0.2075471698113207,0.695078821042427,0.8490566037735849,0.6981132075471698,-0.0051734868523416,0.6090580945541445,0.3156565656565656
18,E01010586,0.0,0.0,0.0,0.0,0.0,0.0,0.0,0.0,0.0,0.0,0.0,0.0,0.0,0.0,0.0,0.0,0.0,0.0,1.0,0.0,0.0,0.0,0.0,0.0,1.0,0.0,0.0,0.0,1.0,0.0,1.0,0.0,0.0,0.0,0.0,0.0,0.0,0.0,0.0,0.0,0.0,0.0,0.0,0.0,0.0,0.0,0.0,0.0,0.0,0.0,0.0,0.0,0.0,0.0,0.0,0.0,2.0,1.0,1.0,0.0,-70.8,0.0049937578027465,87.5,0.0,0.3307189138830738,0.625,0.5,0.0093871217998448,0.1086134581924916,0.1428571428571428
19,E01010587,0.0,0.0,0.0,0.0,0.0,1.0,0.0,1.0,1.0,0.0,1.0,1.0,0.0,0.0,1.0,1.0,0.0,0.0,0.0,2.0,0.0,0.0,0.0,0.0,0.0,0.0,0.0,1.0,1.0,0.0,1.0,0.0,0.0,0.0,0.0,0.0,1.0,4.0,0.0,0.0,2.0,0.0,5.0,1.0,0.0,1.0,0.0,0.0,0.0,1.0,0.0,1.0,1.0,4.0,1.0,0.0,0.0,1.0,0.0,1.0,-42.8,0.017458777885548,83.33333333333334,0.1944444444444444,0.761386987626881,0.5833333333333334,0.5555555555555556,0.0134990644212777,0.3872162266375999,0.2270833333333333
20,E01010588,0.0,0.0,0.0,0.0,0.0,0.0,1.0,1.0,1.0,0.0,0.0,0.0,0.0,0.0,0.0,0.0,1.0,1.0,0.0,1.0,0.0,0.0,1.0,2.0,4.0,0.0,1.0,3.0,0.0,0.0,2.0,0.0,1.0,2.0,3.0,0.0,0.0,5.0,3.0,2.0,2.0,3.0,4.0,3.0,0.0,4.0,2.0,6.0,5.0,1.0,4.0,4.0,4.0,6.0,7.0,1.0,0.0,1.0,0.0,0.0,13.200000000000003,0.0580441640378548,89.13043478260869,0.3152173913043478,0.6402958730648444,0.7065217391304348,0.4673913043478261,0.0651386718830095,1.2443582018086847,0.3610644257703082
21,E01010589,0.0,1.0,0.0,0.0,0.0,0.0,1.0,0.0,0.0,0.0,0.0,1.0,1.0,0.0,0.0,1.0,1.0,0.0,1.0,0.0,0.0,0.0,0.0,0.0,0.0,1.0,0.0,0.0,0.0,0.0,0.0,0.0,0.0,1.0,0.0,0.0,0.0,0.0,0.0,4.0,2.0,1.0,0.0,0.0,0.0,0.0,0.0,0.0,1.0,0.0,0.0,0.0,0.0,1.0,0.0,0.0,0.0,0.0,0.0,0.0,-60.8,0.0132841328413284,77.77777777777779,0.2222222222222222,0.6419935712209888,0.6111111111111112,0.3888888888888889,0.0152772237734343,0.2949516080915494,0.1428571428571428
22,E01010590,1.0,0.0,3.0,0.0,0.0,0.0,3.0,0.0,0.0,0.0,0.0,0.0,4.0,1.0,14.0,5.0,2.0,1.0,2.0,1.0,1.0,1.0,0.0,1.0,0.0,1.0,1.0,0.0,0.0,0.0,0.0,0.0,0.0,0.0,1.0,1.0,0.0,1.0,1.0,0.0,0.0,0.0,1.0,1.0,3.0,0.0,0.0,0.0,0.0,2.0,0.0,2.0,0.0,1.0,1.0,1.0,1.0,0.0,1.0,0.0,-18.799999999999997,0.0272727272727272,86.66666666666667,0.3666666666666666,1.2456821978060997,0.6833333333333333,0.5333333333333333,-0.0426512623277113,0.6120228061508562,0.5724603174603174
23,E01010591,0.0,0.0,0.0,0.0,1.0,0.0,0.0,0.0,0.0,0.0,0.0,0.0,0.0,0.0,1.0,2.0,2.0,0.0,1.0,0.0,2.0,0.0,0.0,1.0,0.0,0.0,1.0,0.0,2.0,0.0,0.0,0.0,0.0,2.0,0.0,0.0,0.0,1.0,1.0,0.0,0.0,0.0,0.0,3.0,0.0,1.0,1.0,3.0,0.0,1.0,1.0,0.0,0.0,0.0,0.0,0.0,0.0,0.0,0.0,1.0,-50.8,0.0175768989328311,85.71428571428571,0.1428571428571428,0.4727554678967805,0.8571428571428571,0.7142857142857143,0.0006081668114682,0.3739932775427942,0.219298245614035
24,E01010592,0.0,0.0,1.0,0.0,1.0,0.0,0.0,0.0,0.0,0.0,0.0,1.0,0.0,0.0,0.0,0.0,0.0,0.0,0.0,0.0,0.0,0.0,0.0,0.0,0.0,0.0,0.0,0.0,0.0,0.0,0.0,0.0,0.0,0.0,0.0,1.0,0.0,1.0,1.0,1.0,0.0,0.0,0.0,0.0,0.0,0.0,0.0,0.0,1.0,0.0,0.0,0.0,1.0,0.0,0.0,0.0,2.0,1.0,0.0,0.0,-66.8,0.0072072072072072,66.66666666666666,0.25,0.2763853991962833,0.75,0.5833333333333334,0.0053400027037988,0.1679431535166023,0.0909090909090909
25,E01010593,0.0,0.0,1.0,0.0,0.0,0.0,0.0,0.0,0.0,0.0,0.0,1.0,0.0,0.0,0.0,2.0,0.0,0.0,0.0,0.0,1.0,0.0,0.0,0.0,0.0,0.0,1.0,0.0,3.0,0.0,0.0,0.0,0.0,1.0,0.0,1.0,0.0,1.0,1.0,0.0,1.0,2.0,0.0,0.0,0.0,0.0,1.0,0.0,0.0,1.0,1.0,0.0,0.0,0.0,1.0,0.0,1.0,0.0,1.0,0.0,-56.8,0.0129564193168433,77.27272727272727,0.2272727272727272,0.4486245386345313,0.7727272727272727,0.5909090909090909,-0.0068704912401236,0.2822924004301869,0.1018518518518518
26,E01010594,0.0,0.0,1.0,0.0,0.0,0.0,0.0,0.0,0.0,0.0,0.0,0.0,0.0,1.0,1.0,2.0,0.0,0.0,0.0,1.0,0.0,0.0,0.0,1.0,1.0,1.0,0.0,0.0,0.0,2.0,3.0,0.0,1.0,2.0,0.0,0.0,0.0,1.0,1.0,1.0,0.0,1.0,1.0,0.0,1.0,1.0,0.0,2.0,0.0,0.0,0.0,0.0,0.0,0.0,0.0,0.0,1.0,0.0,0.0,0.0,-51.8,0.0161676646706586,70.37037037037037,0.2962962962962963,0.4360314860077463,0.7777777777777778,0.7037037037037037,-0.0003149606299212,0.3401358909391316,0.111111111111111
27,E01010595,0.0,3.0,1.0,0.0,1.0,1.0,1.0,0.0,1.0,0.0,0.0,1.0,2.0,1.0,0.0,1.0,0.0,2.0,3.0,4.0,1.0,3.0,0.0,0.0,3.0,0.0,0.0,1.0,0.0,3.0,1.0,2.0,4.0,3.0,2.0,1.0,2.0,2.0,3.0,1.0,1.0,0.0,0.0,0.0,0.0,1.0,3.0,2.0,1.0,1.0,1.0,0.0,0.0,0.0,2.0,2.0,1.0,1.0,2.0,2.0,-4.799999999999997,0.0346279831539541,87.83783783783784,0.1621621621621621,0.5140999496378862,0.6621621621621622,0.4729729729729729,-0.0001587188216714,0.7648539328962736,0.2723577235772357
28,E01010596,0.0,1.0,1.0,1.0,0.0,0.0,1.0,2.0,0.0,0.0,0.0,0.0,0.0,0.0,1.0,0.0,0.0,1.0,2.0,0.0,1.0,1.0,0.0,1.0,1.0,1.0,0.0,2.0,0.0,0.0,0.0,0.0,0.0,1.0,0.0,0.0,4.0,1.0,0.0,2.0,0.0,2.0,0.0,0.0,0.0,0.0,0.0,1.0,2.0,0.0,1.0,0.0,1.0,1.0,1.0,0.0,1.0,1.0,1.0,2.0,-39.8,0.025390625,87.17948717948718,0.1025641025641025,0.4978586625371178,0.8717948717948718,0.6923076923076923,0.0026627218934911,0.5705297094106808,0.1637931034482758
29,E01010597,2.0,1.0,1.0,1.0,1.0,0.0,1.0,8.0,8.0,11.0,5.0,14.0,2.0,2.0,0.0,0.0,1.0,1.0,0.0,0.0,2.0,0.0,1.0,0.0,0.0,0.0,0.0,2.0,0.0,0.0,1.0,0.0,0.0,0.0,1.0,1.0,0.0,2.0,0.0,1.0,1.0,0.0,2.0,0.0,0.0,0.0,0.0,0.0,0.0,2.0,0.0,1.0,0.0,1.0,0.0,0.0,1.0,1.0,1.0,1.0,2.200000000000003,0.052461139896373,77.77777777777779,0.3703703703703703,1.2612645187672809,0.5679012345679012,0.382716049382716,-0.0569979757921262,1.3727611866307048,0.5944500811688311
30,E01010598,0.0,0.0,0.0,0.0,0.0,0.0,0.0,0.0,0.0,0.0,0.0,0.0,0.0,2.0,1.0,0.0,1.0,0.0,1.0,1.0,0.0,0.0,1.0,0.0,0.0,1.0,0.0,1.0,1.0,0.0,0.0,0.0,0.0,0.0,1.0,1.0,0.0,0.0,1.0,0.0,0.0,0.0,0.0,0.0,1.0,0.0,0.0,0.0,0.0,0.0,1.0,2.0,1.0,0.0,0.0,1.0,0.0,1.0,0.0,0.0,-58.8,0.0119688809096349,85.0,0.2,0.2910427500435995,0.9,0.85,-0.0006266021076616,0.2581006360723804,0.0555555555555555
31,E01010599,0.0,1.0,0.0,0.0,0.0,0.0,0.0,0.0,0.0,0.0,0.0,2.0,1.0,0.0,2.0,0.0,0.0,0.0,0.0,0.0,0.0,0.0,0.0,0.0,0.0,1.0,0.0,0.0,0.0,0.0,1.0,0.0,0.0,0.0,1.0,1.0,3.0,2.0,2.0,0.0,3.0,1.0,0.0,0.0,1.0,0.0,3.0,0.0,1.0,0.0,0.0,0.0,0.0,1.0,0.0,0.0,0.0,1.0,0.0,1.0,-49.8,0.0211062590975254,68.96551724137932,0.0689655172413793,0.506008292024256,0.7586206896551724,0.6896551724137931,-0.0008362904866306,0.4543150976744278,0.131578947368421
32,E01010600,0.0,0.0,0.0,0.0,0.0,1.0,2.0,0.0,0.0,0.0,0.0,1.0,0.0,1.0,1.0,0.0,0.0,0.0,2.0,0.0,1.0,0.0,1.0,0.0,0.0,0.0,0.0,0.0,0.0,0.0,0.0,0.0,1.0,0.0,0.0,0.0,0.0,0.0,0.0,0.0,0.0,2.0,3.0,0.0,0.0,3.0,3.0,1.0,2.0,1.0,0.0,0.0,0.0,1.0,0.0,1.0,0.0,0.0,2.0,0.0,-48.8,0.0207182320441988,86.66666666666667,0.3,0.486737691417989,0.7666666666666667,0.6666666666666666,0.0127003326277592,0.4588503625237569,0.1578947368421052
33,E01010601,4.0,0.0,4.0,1.0,0.0,3.0,0.0,0.0,1.0,3.0,1.0,1.0,2.0,2.0,1.0,4.0,0.0,3.0,0.0,4.0,1.0,3.0,2.0,2.0,4.0,4.0,1.0,1.0,2.0,3.0,1.0,2.0,4.0,3.0,2.0,0.0,0.0,1.0,0.0,0.0,5.0,2.0,2.0,0.0,0.0,0.0,6.0,1.0,1.0,1.0,2.0,2.0,2.0,0.0,1.0,3.0,0.0,1.0,1.0,0.0,21.200000000000003,0.054614964500273,85.0,0.27,0.5722253581108725,0.72,0.59,-0.011388720527383,1.2298879765963209,0.4143939393939393
34,E01010602,0.0,0.0,1.0,0.0,0.0,1.0,0.0,0.0,0.0,0.0,0.0,2.0,0.0,0.0,0.0,0.0,1.0,3.0,3.0,0.0,4.0,2.0,1.0,0.0,2.0,2.0,0.0,3.0,4.0,0.0,0.0,0.0,0.0,3.0,0.0,2.0,0.0,0.0,0.0,1.0,0.0,0.0,2.0,0.0,2.0,0.0,0.0,2.0,0.0,1.0,1.0,4.0,7.0,3.0,0.0,0.0,0.0,0.0,0.0,1.0,-20.799999999999997,0.0350665054413542,86.20689655172413,0.1724137931034483,0.6060085261196305,0.6724137931034483,0.5689655172413793,0.0175560467319229,0.770125600870811,0.1971428571428571
35,E01010603,0.0,0.0,2.0,0.0,0.0,0.0,0.0,0.0,0.0,1.0,0.0,1.0,0.0,0.0,1.0,0.0,0.0,1.0,0.0,0.0,0.0,0.0,1.0,2.0,0.0,2.0,0.0,2.0,0.0,5.0,0.0,1.0,2.0,0.0,0.0,0.0,0.0,0.0,0.0,0.0,0.0,0.0,1.0,3.0,0.0,0.0,0.0,0.0,0.0,1.0,0.0,3.0,0.0,0.0,0.0,0.0,0.0,0.0,1.0,1.0,-47.8,0.0190651906519065,87.09677419354838,0.2258064516129032,0.6236450085198887,0.8387096774193549,0.7741935483870968,0.00410170413343,0.4221498380253044,0.3259259259259259
36,E01010604,0.0,0.0,1.0,0.0,1.0,0.0,0.0,0.0,1.0,3.0,0.0,0.0,0.0,1.0,1.0,1.0,0.0,1.0,0.0,5.0,1.0,0.0,3.0,0.0,1.0,2.0,1.0,3.0,3.0,2.0,2.0,1.0,0.0,1.0,2.0,1.0,0.0,2.0,4.0,1.0,2.0,1.0,0.0,2.0,1.0,1.0,1.0,2.0,2.0,2.0,2.0,1.0,0.0,2.0,1.0,1.0,1.0,3.0,1.0,1.0,-6.799999999999997,0.04,77.77777777777779,0.2083333333333333,0.5638843276589836,0.5833333333333334,0.4444444444444444,-0.0031292024412951,0.8728136452066785,0.2468992248062015
37,E01010605,2.0,1.0,1.0,3.0,0.0,0.0,0.0,1.0,0.0,0.0,0.0,1.0,2.0,2.0,1.0,1.0,1.0,1.0,0.0,0.0,0.0,0.0,1.0,0.0,0.0,1.0,0.0,0.0,0.0,2.0,1.0,0.0,1.0,1.0,1.0,2.0,8.0,1.0,1.0,0.0,0.0,2.0,0.0,5.0,2.0,2.0,1.0,2.0,1.0,3.0,0.0,1.0,0.0,0.0,1.0,0.0,0.0,0.0,1.0,0.0,-20.799999999999997,0.0362726704190118,86.20689655172413,0.2068965517241379,0.8230894901938124,0.8448275862068966,0.6724137931034483,0.0100530201917543,0.7991796460137138,0.2850490196078431
38,E01010606,1.0,4.0,0.0,2.0,4.0,0.0,2.0,2.0,1.0,1.0,0.0,2.0,3.0,8.0,15.0,10.0,3.0,3.0,0.0,1.0,0.0,2.0,4.0,3.0,2.0,3.0,0.0,0.0,1.0,0.0,0.0,2.0,0.0,4.0,1.0,1.0,1.0,2.0,4.0,1.0,0.0,1.0,0.0,2.0,1.0,1.0,5.0,0.0,0.0,3.0,1.0,2.0,1.0,0.0,3.0,1.0,2.0,0.0,0.0,1.0,38.2,0.0572687224669603,89.74358974358975,0.1794871794871795,0.9800315422014166,0.6153846153846154,0.5128205128205128,-0.0408158127557956,1.2941160694852067,0.4253875968992248
39,E01010607,2.0,0.0,0.0,2.0,0.0,0.0,1.0,0.0,0.0,2.0,5.0,2.0,0.0,1.0,1.0,2.0,0.0,1.0,1.0,2.0,2.0,0.0,0.0,0.0,1.0,1.0,1.0,1.0,0.0,0.0,1.0,1.0,2.0,0.0,2.0,0.0,0.0,0.0,0.0,0.0,0.0,0.0,0.0,0.0,1.0,0.0,0.0,1.0,0.0,0.0,0.0,2.0,2.0,0.0,1.0,0.0,1.0,2.0,0.0,1.0,-33.8,0.0209594783418723,77.77777777777779,0.2666666666666666,0.5332671916658956,0.8,0.6666666666666666,-0.011302083736933,0.4978266555028824,0.0999999999999999
40,E01010608,1.0,1.0,0.0,0.0,1.0,1.0,0.0,1.0,0.0,1.0,0.0,0.0,0.0,0.0,0.0,1.0,0.0,2.0,0.0,0.0,1.0,1.0,0.0,0.0,0.0,0.0,1.0,0.0,0.0,1.0,1.0,1.0,2.0,1.0,2.0,0.0,0.0,0.0,0.0,0.0,3.0,0.0,0.0,0.0,1.0,0.0,2.0,0.0,0.0,1.0,0.0,2.0,0.0,0.0,0.0,0.0,0.0,0.0,1.0,1.0,-47.8,0.0178263369752731,83.87096774193549,0.2903225806451613,0.4258319512956288,0.7096774193548387,0.6774193548387096,0.0089995592280353,0.4021807926603374,0.1180555555555555
41,E01010609,1.0,0.0,2.0,1.0,0.0,1.0,4.0,2.0,1.0,0.0,1.0,1.0,0.0,1.0,2.0,1.0,0.0,1.0,0.0,0.0,4.0,2.0,0.0,2.0,2.0,0.0,4.0,0.0,4.0,1.0,1.0,2.0,1.0,3.0,0.0,0.0,1.0,0.0,3.0,4.0,0.0,2.0,1.0,1.0,2.0,1.0,1.0,0.0,2.0,0.0,1.0,0.0,2.0,1.0,1.0,1.0,0.0,1.0,0.0,3.0,-5.799999999999997,0.0452292441140024,79.45205479452055,0.1643835616438356,0.5824898511748607,0.7808219178082192,0.726027397260274,-0.0016419587232003,1.020315175592011,0.2357723577235772
42,E01010610,3.0,4.0,9.0,4.0,0.0,8.0,2.0,0.0,1.0,2.0,3.0,1.0,3.0,4.0,1.0,4.0,2.0,1.0,0.0,2.0,0.0,0.0,1.0,1.0,1.0,5.0,2.0,3.0,1.0,0.0,3.0,3.0,4.0,2.0,1.0,4.0,3.0,3.0,3.0,5.0,2.0,1.0,5.0,2.0,1.0,0.0,2.0,2.0,1.0,3.0,4.0,3.0,4.0,2.0,0.0,0.0,3.0,2.0,2.0,4.0,63.2,0.0677480916030534,74.64788732394366,0.2112676056338028,0.6023263767050123,0.7464788732394366,0.6197183098591549,-0.0162663803818462,1.567368856720888,0.4244008714596949
43,E01010611,1.0,1.0,0.0,1.0,2.0,0.0,2.0,2.0,1.0,3.0,1.0,1.0,2.0,1.0,1.0,1.0,0.0,2.0,1.0,1.0,0.0,1.0,2.0,1.0,0.0,1.0,1.0,0.0,1.0,1.0,2.0,0.0,0.0,3.0,3.0,1.0,1.0,0.0,2.0,2.0,2.0,1.0,0.0,2.0,1.0,1.0,1.0,4.0,1.0,1.0,0.0,0.0,0.0,0.0,1.0,1.0,2.0,1.0,1.0,2.0,-10.799999999999997,0.0305480682839173,79.41176470588235,0.1764705882352941,0.4886249331128279,0.7941176470588235,0.6911764705882353,0.0021817153814007,0.6951127801127144,0.1721014492753623
44,E01010612,1.0,2.0,1.0,0.0,2.0,2.0,1.0,2.0,2.0,0.0,4.0,2.0,0.0,0.0,0.0,1.0,0.0,1.0,1.0,0.0,0.0,0.0,0.0,1.0,2.0,0.0,3.0,3.0,1.0,3.0,0.0,1.0,2.0,1.0,0.0,1.0,4.0,3.0,0.0,1.0,1.0,2.0,2.0,5.0,6.0,3.0,1.0,1.0,6.0,22.0,6.0,6.0,16.0,10.0,2.0,3.0,1.0,2.0,2.0,2.0,68.2,0.1015193370165745,87.75510204081633,0.1700680272108843,1.231757219282681,0.7346938775510204,0.564625850340136,0.0746727873711265,2.2964519466672484,0.2800230566534914
45,E01010613,1.0,1.0,0.0,1.0,0.0,2.0,1.0,3.0,2.0,1.0,2.0,0.0,0.0,2.0,1.0,1.0,2.0,3.0,3.0,3.0,2.0,1.0,2.0,1.0,1.0,7.0,1.0,1.0,1.0,1.0,4.0,3.0,1.0,3.0,0.0,2.0,0.0,1.0,2.0,0.0,2.0,1.0,1.0,2.0,3.0,0.0,4.0,0.0,0.0,2.0,2.0,1.0,0.0,3.0,0.0,2.0,2.0,1.0,1.0,2.0,13.200000000000003,0.0559610705596107,81.52173913043478,0.2065217391304347,0.5976263226918863,0.8695652173913043,0.7282608695652174,0.0051186176102227,1.2505144838584,0.3536706349206349
46,E01010614,0.0,1.0,0.0,0.0,0.0,2.0,1.0,0.0,0.0,0.0,0.0,0.0,0.0,1.0,0.0,1.0,1.0,1.0,0.0,0.0,4.0,1.0,1.0,4.0,1.0,2.0,1.0,0.0,1.0,0.0,2.0,4.0,3.0,2.0,0.0,0.0,1.0,2.0,1.0,2.0,1.0,1.0,1.0,0.0,1.0,0.0,4.0,1.0,2.0,0.0,3.0,2.0,3.0,3.0,2.0,1.0,0.0,1.0,2.0,0.0,-10.799999999999997,0.0398126463700234,79.41176470588235,0.1617647058823529,0.5686731337752069,0.8676470588235294,0.75,0.0117808505936943,0.8659283959881495,0.2083333333333333
47,E01010615,0.0,0.0,1.0,2.0,0.0,3.0,1.0,0.0,0.0,0.0,0.0,0.0,0.0,2.0,1.0,0.0,0.0,0.0,0.0,0.0,0.0,0.0,1.0,1.0,0.0,2.0,0.0,4.0,0.0,0.0,1.0,1.0,0.0,1.0,2.0,0.0,1.0,3.0,2.0,0.0,2.0,0.0,1.0,0.0,1.0,1.0,0.0,1.0,0.0,0.0,2.0,0.0,3.0,3.0,1.0,0.0,0.0,0.0,1.0,1.0,-32.8,0.0335766423357664,80.43478260869566,0.217391304347826,0.5294650728046476,0.7608695652173914,0.717391304347826,-0.0019432129897009,0.7480836195318215,0.1636904761904762
48,E01010616,0.0,2.0,0.0,1.0,0.0,1.0,0.0,2.0,0.0,0.0,1.0,0.0,0.0,1.0,1.0,1.0,2.0,2.0,0.0,4.0,1.0,1.0,2.0,0.0,0.0,0.0,2.0,1.0,2.0,3.0,0.0,0.0,0.0,0.0,1.0,1.0,1.0,0.0,0.0,1.0,0.0,0.0,1.0,1.0,0.0,0.0,0.0,1.0,1.0,0.0,0.0,1.0,1.0,0.0,0.0,0.0,0.0,0.0,0.0,1.0,-37.8,0.0211995863495346,78.04878048780488,0.2926829268292683,0.5182978069023206,0.6829268292682927,0.5853658536585366,-0.0125140902925049,0.4778747618088176,0.1408045977011494
49,E01010617,6.0,5.0,1.0,1.0,1.0,5.0,4.0,2.0,0.0,3.0,4.0,6.0,9.0,4.0,8.0,3.0,6.0,0.0,3.0,2.0,4.0,3.0,3.0,2.0,2.0,3.0,2.0,5.0,3.0,3.0,0.0,2.0,2.0,1.0,4.0,9.0,4.0,2.0,2.0,5.0,1.0,1.0,0.0,3.0,4.0,2.0,2.0,0.0,0.0,1.0,5.0,5.0,6.0,11.0,8.0,3.0,0.0,2.0,1.0,3.0,113.2,0.1118229470005824,83.33333333333334,0.2447916666666666,0.6364781355767908,0.65625,0.5208333333333334,-4.169903305898448e-05,2.558628896357783,0.4052315608919382
50,E01010618,1.0,1.0,0.0,0.0,0.0,0.0,1.0,2.0,0.0,0.0,2.0,0.0,0.0,0.0,0.0,0.0,1.0,1.0,0.0,2.0,2.0,0.0,0.0,0.0,2.0,1.0,0.0,3.0,1.0,2.0,0.0,0.0,0.0,0.0,1.0,1.0,1.0,0.0,0.0,0.0,1.0,1.0,1.0,0.0,2.0,0.0,1.0,0.0,0.0,0.0,2.0,1.0,1.0,2.0,0.0,1.0,3.0,0.0,1.0,5.0,-31.799999999999997,0.0260387811634349,72.3404255319149,0.0851063829787234,0.5729579891299872,0.7872340425531915,0.6382978723404256,0.010905439902588,0.5871051539790717,0.28
51,E01010619,0.0,0.0,0.0,0.0,2.0,0.0,4.0,0.0,2.0,1.0,3.0,1.0,0.0,1.0,0.0,1.0,0.0,2.0,0.0,2.0,2.0,0.0,2.0,0.0,0.0,0.0,0.0,0.0,1.0,0.0,0.0,0.0,0.0,0.0,0.0,0.0,1.0,0.0,0.0,1.0,0.0,0.0,3.0,0.0,2.0,1.0,0.0,1.0,0.0,1.0,0.0,2.0,1.0,0.0,0.0,0.0,1.0,1.0,1.0,0.0,-38.8,0.0180505415162454,82.5,0.25,0.5103103630798288,0.8,0.7,-0.017693309582639,0.4285628734810255,0.1533333333333333
52,E01010620,0.0,0.0,0.0,1.0,1.0,4.0,3.0,2.0,1.0,1.0,0.0,1.0,0.0,0.0,0.0,0.0,1.0,0.0,0.0,0.0,1.0,0.0,2.0,3.0,0.0,3.0,1.0,0.0,0.0,1.0,1.0,2.0,1.0,1.0,1.0,4.0,1.0,1.0,3.0,1.0,3.0,3.0,0.0,2.0,4.0,1.0,5.0,1.0,0.0,1.0,0.0,1.0,3.0,7.0,3.0,1.0,3.0,1.0,4.0,4.0,10.200000000000003,0.04425658876181,79.7752808988764,0.2921348314606741,0.6770969070352825,0.7528089887640449,0.6292134831460674,0.0250417097948254,0.9924661705236298,0.4316326530612244
53,E01010621,2.0,0.0,0.0,0.0,0.0,0.0,0.0,0.0,1.0,4.0,1.0,0.0,1.0,2.0,1.0,0.0,0.0,1.0,0.0,2.0,1.0,0.0,0.0,0.0,0.0,0.0,0.0,2.0,2.0,0.0,0.0,0.0,0.0,0.0,0.0,1.0,1.0,0.0,0.0,1.0,1.0,0.0,0.0,1.0,1.0,1.0,0.0,3.0,0.0,0.0,1.0,1.0,0.0,0.0,0.0,0.0,0.0,2.0,0.0,1.0,-43.8,0.0149828767123287,62.85714285714285,0.2571428571428571,0.5341903791119404,0.6,0.3714285714285714,-0.0094435255828842,0.3423989957126427,0.1423611111111111
54,E01010622,5.0,1.0,3.0,0.0,6.0,4.0,1.0,4.0,1.0,1.0,4.0,1.0,2.0,3.0,2.0,4.0,1.0,3.0,1.0,4.0,0.0,0.0,2.0,1.0,4.0,4.0,2.0,1.0,1.0,1.0,1.0,4.0,0.0,5.0,1.0,1.0,1.0,2.0,3.0,7.0,3.0,0.0,1.0,1.0,1.0,2.0,0.0,1.0,0.0,2.0,3.0,0.0,3.0,0.0,2.0,2.0,1.0,4.0,1.0,0.0,40.2,0.0452988199467072,68.0672268907563,0.2184873949579832,0.645865037430109,0.5546218487394958,0.4453781512605042,-0.0155543553308537,1.0476034011257345,0.4765714285714286
55,E01010623,0.0,1.0,1.0,1.0,1.0,0.0,0.0,0.0,1.0,0.0,0.0,0.0,1.0,2.0,1.0,0.0,0.0,3.0,1.0,2.0,0.0,1.0,1.0,0.0,0.0,3.0,3.0,1.0,4.0,2.0,0.0,1.0,1.0,1.0,0.0,1.0,2.0,3.0,0.0,1.0,0.0,1.0,1.0,0.0,1.0,0.0,0.0,0.0,0.0,2.0,1.0,1.0,2.0,1.0,4.0,2.0,6.0,3.0,2.0,0.0,-11.799999999999997,0.0394349617422013,77.61194029850746,0.2537313432835821,0.6518116004519011,0.6865671641791045,0.6119402985074627,0.0222802257128639,0.8697211147351451,0.3333333333333333
56,E01010624,1.0,1.0,1.0,0.0,0.0,2.0,0.0,0.0,0.0,0.0,0.0,0.0,1.0,1.0,1.0,1.0,1.0,4.0,0.0,1.0,2.0,3.0,3.0,2.0,2.0,8.0,6.0,12.0,4.0,5.0,4.0,2.0,3.0,4.0,1.0,0.0,0.0,0.0,0.0,1.0,2.0,0.0,2.0,1.0,2.0,0.0,4.0,0.0,3.0,4.0,2.0,5.0,3.0,3.0,0.0,1.0,2.0,0.0,0.0,0.0,32.2,0.0511520737327188,80.18018018018019,0.2432432432432432,0.7932441647512956,0.5135135135135135,0.4144144144144144,0.0216661503862029,1.1011328335647816,0.2579166666666667
57,E01010625,3.0,2.0,0.0,0.0,2.0,0.0,1.0,1.0,0.0,0.0,1.0,3.0,0.0,0.0,0.0,0.0,0.0,0.0,1.0,1.0,0.0,0.0,0.0,2.0,0.0,1.0,1.0,0.0,1.0,0.0,0.0,0.0,0.0,0.0,0.0,2.0,0.0,0.0,2.0,0.0,3.0,0.0,4.0,0.0,0.0,0.0,0.0,0.0,3.0,0.0,0.0,1.0,0.0,4.0,1.0,1.0,1.0,0.0,1.0,1.0,-34.8,0.0238224147265836,79.54545454545455,0.2272727272727272,0.5747723827838453,0.6590909090909091,0.5909090909090909,0.0001106620871689,0.5613275033081184,0.2533333333333333
58,E01010626,0.0,0.0,0.0,0.0,1.0,0.0,1.0,1.0,0.0,0.0,0.0,3.0,1.0,4.0,2.0,1.0,0.0,1.0,0.0,0.0,0.0,0.0,0.0,0.0,2.0,1.0,1.0,0.0,0.0,0.0,0.0,0.0,0.0,0.0,1.0,1.0,2.0,2.0,0.0,4.0,2.0,5.0,1.0,1.0,0.0,0.0,0.0,0.0,0.0,1.0,1.0,0.0,1.0,0.0,0.0,0.0,2.0,1.0,0.0,1.0,-33.8,0.0209888059701492,88.88888888888889,0.2666666666666666,0.665640235470275,0.8,0.7111111111111111,-0.0017815586948754,0.4618132307599528,0.2604938271604938
59,E01010627,0.0,1.0,2.0,2.0,0.0,0.0,1.0,0.0,1.0,0.0,0.0,0.0,1.0,0.0,0.0,1.0,0.0,2.0,2.0,0.0,0.0,0.0,1.0,1.0,0.0,2.0,2.0,1.0,0.0,0.0,0.0,0.0,2.0,0.0,0.0,0.0,0.0,1.0,0.0,0.0,1.0,1.0,1.0,0.0,2.0,0.0,1.0,1.0,0.0,1.0,3.0,5.0,0.0,1.0,0.0,1.0,1.0,0.0,2.0,1.0,-33.8,0.0270758122743682,84.44444444444444,0.1111111111111111,0.5740225742153459,0.8444444444444444,0.7111111111111111,0.0045975117409574,0.6127647932740812,0.1122222222222222
60,E01010628,0.0,1.0,0.0,2.0,1.0,0.0,0.0,3.0,1.0,0.0,1.0,0.0,1.0,1.0,0.0,1.0,1.0,1.0,2.0,1.0,1.0,0.0,0.0,2.0,2.0,0.0,1.0,0.0,0.0,1.0,1.0,0.0,0.0,0.0,0.0,0.0,2.0,0.0,0.0,0.0,0.0,5.0,1.0,2.0,0.0,1.0,1.0,2.0,2.0,0.0,0.0,1.0,0.0,1.0,0.0,1.0,0.0,0.0,1.0,2.0,-31.799999999999997,0.0253096392030156,80.85106382978722,0.2978723404255319,0.5731574566002903,0.723404255319149,0.6808510638297872,0.00479289297529,0.5717756881944301,0.1885416666666666
61,E01010629,0.0,0.0,0.0,1.0,0.0,1.0,0.0,0.0,0.0,0.0,0.0,0.0,1.0,1.0,0.0,0.0,0.0,0.0,0.0,0.0,0.0,0.0,1.0,0.0,0.0,0.0,0.0,1.0,0.0,2.0,1.0,0.0,1.0,1.0,0.0,0.0,0.0,0.0,0.0,0.0,0.0,1.0,1.0,2.0,4.0,5.0,4.0,4.0,2.0,3.0,6.0,2.0,0.0,0.0,0.0,1.0,0.0,1.0,3.0,0.0,-28.799999999999997,0.0216543958423559,70.0,0.32,0.7205794769549683,0.7,0.64,0.044899991700556,0.4648036410045311,0.2833333333333333
62,E01010630,0.0,0.0,0.0,1.0,0.0,0.0,0.0,0.0,1.0,0.0,0.0,0.0,0.0,0.0,1.0,0.0,1.0,0.0,1.0,2.0,0.0,1.0,1.0,0.0,1.0,0.0,0.0,0.0,0.0,0.0,0.0,1.0,0.0,0.0,0.0,0.0,1.0,2.0,0.0,1.0,3.0,0.0,1.0,2.0,2.0,0.0,0.0,2.0,0.0,0.0,1.0,1.0,1.0,3.0,2.0,0.0,1.0,0.0,1.0,1.0,-42.8,0.0185471406491499,66.66666666666666,0.1666666666666666,0.4602736706046217,0.7222222222222222,0.5277777777777778,0.0100037030281927,0.4018084144359638,0.173076923076923
63,E01010631,1.0,0.0,0.0,0.0,0.0,0.0,1.0,1.0,3.0,2.0,0.0,0.0,1.0,0.0,2.0,0.0,1.0,1.0,0.0,0.0,0.0,2.0,1.0,0.0,2.0,0.0,1.0,0.0,0.0,1.0,1.0,0.0,0.0,0.0,0.0,2.0,1.0,1.0,0.0,1.0,0.0,2.0,0.0,0.0,0.0,1.0,0.0,0.0,0.0,0.0,0.0,0.0,0.0,0.0,0.0,0.0,1.0,0.0,0.0,0.0,-48.8,0.0188560653676932,76.66666666666667,0.0666666666666666,0.4261306156418494,0.7333333333333333,0.5333333333333333,-0.0072440437862202,0.4340560242610207,0.1439393939393939
64,E01010632,0.0,0.0,0.0,1.0,0.0,1.0,0.0,0.0,0.0,0.0,0.0,0.0,1.0,1.0,1.0,1.0,4.0,1.0,2.0,1.0,0.0,2.0,0.0,1.0,2.0,0.0,2.0,0.0,1.0,0.0,3.0,3.0,1.0,1.0,0.0,0.0,0.0,0.0,0.0,0.0,0.0,3.0,0.0,1.0,0.0,0.0,0.0,1.0,2.0,2.0,0.0,3.0,2.0,2.0,0.0,0.0,0.0,1.0,1.0,0.0,-30.799999999999997,0.03125,75.0,0.125,0.5176090675648919,0.5,0.3958333333333333,0.0092061742006615,0.6810458551423985,0.2614942528735632
65,E01010633,2.0,0.0,0.0,0.0,0.0,0.0,1.0,0.0,0.0,0.0,0.0,3.0,0.0,1.0,0.0,1.0,1.0,0.0,3.0,1.0,0.0,3.0,0.0,1.0,0.0,0.0,0.0,0.0,0.0,0.0,0.0,1.0,3.0,0.0,1.0,0.0,1.0,1.0,0.0,0.0,0.0,0.0,0.0,0.0,0.0,0.0,1.0,0.0,2.0,0.0,2.0,0.0,2.0,0.0,0.0,1.0,0.0,0.0,0.0,1.0,-45.8,0.0219269102990033,87.87878787878788,0.2424242424242424,0.5158640348767676,0.8181818181818182,0.7272727272727273,-0.0069337073816089,0.5021781221997115,0.1984126984126983
66,E01010634,1.0,2.0,1.0,2.0,0.0,0.0,0.0,0.0,0.0,1.0,1.0,0.0,0.0,1.0,1.0,0.0,1.0,1.0,0.0,0.0,1.0,1.0,0.0,0.0,0.0,0.0,0.0,0.0,0.0,0.0,0.0,0.0,0.0,0.0,1.0,0.0,0.0,0.0,0.0,1.0,0.0,0.0,0.0,0.0,0.0,2.0,1.0,0.0,1.0,0.0,0.0,0.0,2.0,1.0,0.0,1.0,0.0,1.0,0.0,0.0,-53.8,0.0159337157425111,84.0,0.36,0.3379940827884417,0.72,0.64,-0.0005758157389635,0.380163566850023,0.0952380952380952
67,E01010635,0.0,1.0,0.0,1.0,1.0,1.0,1.0,3.0,1.0,2.0,1.0,0.0,3.0,1.0,5.0,8.0,4.0,3.0,3.0,5.0,2.0,2.0,4.0,1.0,3.0,1.0,0.0,2.0,1.0,2.0,1.0,1.0,1.0,7.0,3.0,3.0,6.0,4.0,11.0,1.0,4.0,0.0,1.0,3.0,0.0,3.0,3.0,3.0,1.0,1.0,1.0,4.0,3.0,4.0,3.0,1.0,0.0,0.0,2.0,0.0,58.2,0.0938356164383561,88.32116788321169,0.1386861313868613,0.7610573361804791,0.7153284671532847,0.6277372262773723,0.0148922080788757,2.044721875254579,0.3860028860028859
68,E01010636,1.0,1.0,0.0,2.0,1.0,1.0,0.0,0.0,1.0,0.0,0.0,0.0,1.0,1.0,2.0,0.0,2.0,2.0,0.0,0.0,0.0,0.0,2.0,0.0,1.0,0.0,0.0,0.0,0.0,0.0,1.0,0.0,1.0,0.0,0.0,0.0,0.0,0.0,0.0,0.0,0.0,0.0,2.0,0.0,0.0,1.0,8.0,1.0,2.0,1.0,0.0,2.0,0.0,0.0,1.0,2.0,3.0,3.0,4.0,3.0,-25.799999999999997,0.0311581422692533,75.47169811320755,0.0943396226415094,0.7654374862199443,0.7358490566037735,0.6981132075471698,0.0281345049003041,0.7027374024926526,0.3705357142857143
69,E01010637,0.0,1.0,0.0,0.0,0.0,0.0,0.0,1.0,0.0,0.0,0.0,0.0,0.0,1.0,0.0,0.0,1.0,0.0,0.0,0.0,0.0,0.0,2.0,2.0,0.0,0.0,0.0,0.0,0.0,0.0,0.0,0.0,1.0,1.0,0.0,2.0,0.0,0.0,0.0,1.0,0.0,1.0,0.0,1.0,1.0,2.0,1.0,0.0,1.0,0.0,1.0,0.0,0.0,0.0,0.0,0.0,3.0,1.0,0.0,0.0,-53.8,0.0121951219512195,84.0,0.28,0.4426184712719421,0.92,0.8,0.0064950607076025,0.2664502369898296,0.1491228070175438
70,E01010638,0.0,0.0,0.0,0.0,0.0,0.0,0.0,0.0,0.0,1.0,0.0,0.0,0.0,0.0,0.0,0.0,0.0,0.0,0.0,1.0,0.0,1.0,1.0,0.0,0.0,0.0,0.0,1.0,0.0,0.0,2.0,1.0,0.0,2.0,2.0,1.0,0.0,0.0,0.0,2.0,1.0,2.0,0.0,0.0,0.0,0.0,0.0,0.0,0.0,0.0,0.0,0.0,0.0,0.0,0.0,0.0,0.0,0.0,0.0,1.0,-59.8,0.0132774283717679,73.68421052631578,0.1578947368421052,0.3663911691254661,0.7894736842105263,0.7894736842105263,0.010554290053151,0.2809146637335166,0.0952380952380952
71,E01010639,1.0,0.0,5.0,1.0,1.0,0.0,1.0,0.0,2.0,1.0,3.0,3.0,0.0,3.0,3.0,5.0,2.0,1.0,3.0,3.0,2.0,1.0,2.0,2.0,0.0,6.0,2.0,2.0,3.0,0.0,3.0,0.0,10.0,3.0,2.0,1.0,5.0,3.0,6.0,4.0,2.0,1.0,0.0,4.0,0.0,1.0,1.0,0.0,0.0,1.0,1.0,1.0,1.0,1.0,1.0,0.0,1.0,0.0,1.0,2.0,35.2,0.0571142284569138,91.2280701754386,0.2280701754385964,0.748178387423197,0.5877192982456141,0.5263157894736842,-0.0141359364858081,1.267472500045106,0.4195035460992907
72,E01010640,1.0,0.0,0.0,0.0,0.0,0.0,2.0,2.0,2.0,0.0,1.0,0.0,3.0,2.0,0.0,0.0,0.0,0.0,0.0,0.0,2.0,2.0,2.0,0.0,1.0,1.0,0.0,0.0,0.0,1.0,0.0,0.0,1.0,1.0,1.0,1.0,4.0,0.0,0.0,0.0,0.0,5.0,1.0,1.0,1.0,1.0,0.0,0.0,1.0,2.0,0.0,0.0,5.0,0.0,1.0,2.0,2.0,1.0,0.0,0.0,-25.799999999999997,0.0310486233157586,81.13207547169812,0.1886792452830188,0.6425228323078879,0.6981132075471698,0.4339622641509434,0.0035999225483183,0.6970885681716203,0.1938888888888889
73,E01010641,1.0,0.0,0.0,1.0,0.0,0.0,0.0,0.0,0.0,1.0,0.0,0.0,0.0,1.0,1.0,2.0,0.0,1.0,0.0,1.0,1.0,2.0,0.0,0.0,0.0,0.0,0.0,0.0,0.0,0.0,0.0,1.0,0.0,0.0,1.0,0.0,0.0,1.0,0.0,2.0,0.0,0.0,0.0,0.0,0.0,0.0,4.0,1.0,2.0,0.0,0.0,1.0,1.0,2.0,0.0,0.0,0.0,2.0,0.0,1.0,-47.8,0.0203947368421052,83.87096774193549,0.1935483870967742,0.5210023386666227,0.8064516129032258,0.5483870967741935,0.0123962581550246,0.4519708380058649,0.2159090909090909
74,E01010642,2.0,0.0,2.0,0.0,1.0,1.0,0.0,0.0,2.0,2.0,0.0,0.0,0.0,0.0,1.0,1.0,2.0,0.0,1.0,3.0,4.0,2.0,4.0,5.0,0.0,0.0,1.0,0.0,0.0,0.0,0.0,0.0,2.0,0.0,0.0,4.0,0.0,0.0,0.0,1.0,1.0,0.0,0.0,0.0,1.0,3.0,0.0,1.0,0.0,1.0,0.0,0.0,1.0,0.0,1.0,0.0,1.0,2.0,0.0,0.0,-25.799999999999997,0.0258033106134371,88.67924528301887,0.1698113207547169,0.6157529281932087,0.7735849056603774,0.6226415094339622,-0.0106699346405228,0.5882248372384717,0.1559523809523809
75,E01010643,0.0,0.0,0.0,1.0,0.0,0.0,0.0,0.0,0.0,0.0,0.0,0.0,0.0,1.0,0.0,2.0,0.0,0.0,0.0,0.0,0.0,1.0,0.0,0.0,2.0,2.0,0.0,0.0,1.0,0.0,1.0,0.0,2.0,0.0,1.0,0.0,0.0,1.0,0.0,1.0,0.0,0.0,1.0,0.0,1.0,1.0,0.0,0.0,1.0,0.0,1.0,2.0,0.0,3.0,5.0,0.0,0.0,0.0,0.0,1.0,-46.8,0.0237037037037037,87.5,0.34375,0.6436286293352712,0.90625,0.75,0.0170308684490639,0.5148822454734963,0.1746031746031746
76,E01010644,0.0,6.0,6.0,1.0,3.0,2.0,5.0,6.0,7.0,3.0,2.0,2.0,7.0,8.0,4.0,6.0,3.0,4.0,0.0,2.0,7.0,3.0,3.0,3.0,1.0,3.0,4.0,4.0,2.0,2.0,3.0,3.0,1.0,1.0,1.0,2.0,3.0,4.0,5.0,3.0,2.0,4.0,2.0,2.0,3.0,3.0,0.0,1.0,1.0,5.0,6.0,0.0,3.0,2.0,1.0,0.0,2.0,3.0,2.0,0.0,98.2,0.08600583090379,79.66101694915254,0.2259887005649717,0.5572686674206142,0.6666666666666666,0.5536723163841808,-0.041467821429517,1.9847228017439795,0.2820546737213404
77,E01010645,1.0,9.0,5.0,0.0,4.0,6.0,9.0,3.0,7.0,6.0,4.0,7.0,7.0,6.0,8.0,11.0,4.0,5.0,7.0,5.0,12.0,9.0,8.0,3.0,4.0,6.0,9.0,3.0,10.0,8.0,4.0,7.0,8.0,12.0,9.0,4.0,4.0,12.0,7.0,9.0,6.0,5.0,16.0,10.0,11.0,9.0,4.0,2.0,5.0,2.0,7.0,14.0,2.0,7.0,6.0,3.0,7.0,3.0,6.0,3.0,311.2,0.2165463631315935,81.7948717948718,0.2846153846153846,0.4800565894230528,0.6256410256410256,0.5487179487179488,0.0029414360956089,4.831655802693874,0.4109875999706509
78,E01010646,0.0,0.0,1.0,0.0,1.0,0.0,0.0,0.0,1.0,0.0,0.0,0.0,2.0,0.0,0.0,1.0,0.0,0.0,0.0,0.0,1.0,0.0,1.0,0.0,0.0,0.0,0.0,0.0,0.0,1.0,0.0,0.0,0.0,0.0,0.0,0.0,0.0,0.0,0.0,0.0,0.0,0.0,1.0,1.0,0.0,0.0,0.0,0.0,0.0,0.0,0.0,0.0,1.0,0.0,0.0,0.0,0.0,0.0,0.0,0.0,-66.8,0.0089020771513353,83.33333333333334,0.3333333333333333,0.2763853991962833,0.75,0.75,-0.0037209006487724,0.2064412611111361,-0.0324675324675324
79,E01010647,0.0,0.0,0.0,1.0,0.0,0.0,0.0,0.0,0.0,0.0,0.0,0.0,0.0,0.0,0.0,0.0,0.0,0.0,0.0,0.0,0.0,1.0,0.0,0.0,0.0,0.0,0.0,0.0,0.0,2.0,0.0,0.0,0.0,0.0,0.0,0.0,1.0,1.0,0.0,1.0,0.0,1.0,0.0,0.0,0.0,0.0,1.0,0.0,0.0,0.0,0.0,0.0,0.0,0.0,0.0,0.0,0.0,0.0,0.0,0.0,-69.8,0.0085146641438032,77.77777777777779,0.1111111111111111,0.3142696805273545,0.7777777777777778,0.6666666666666666,-0.0018712574850299,0.1813211770245463,0.0625
80,E01010648,0.0,0.0,1.0,0.0,0.0,0.0,0.0,0.0,0.0,1.0,0.0,0.0,0.0,0.0,0.0,0.0,1.0,0.0,0.0,1.0,1.0,0.0,0.0,0.0,0.0,0.0,1.0,0.0,0.0,0.0,0.0,0.0,0.0,0.0,1.0,0.0,0.0,0.0,0.0,0.0,0.0,1.0,0.0,0.0,0.0,0.0,0.0,0.0,0.0,0.0,0.0,1.0,0.0,0.0,0.0,0.0,0.0,0.0,0.0,0.0,-69.8,0.0065264684554024,77.77777777777779,0.3333333333333333,0.0,0.8888888888888888,0.6666666666666666,0.0,0.1497927496780785,0.0
81,E01010649,0.0,1.0,0.0,0.0,0.0,0.0,0.0,0.0,0.0,2.0,2.0,0.0,0.0,0.0,0.0,1.0,1.0,1.0,0.0,0.0,0.0,2.0,1.0,0.0,0.0,2.0,0.0,0.0,1.0,0.0,0.0,0.0,1.0,1.0,0.0,1.0,0.0,2.0,0.0,1.0,0.0,0.0,0.0,0.0,0.0,1.0,1.0,1.0,0.0,1.0,0.0,1.0,1.0,0.0,0.0,0.0,0.0,0.0,0.0,2.0,-50.8,0.0192175703500343,75.0,0.2857142857142857,0.3581618117302907,0.9285714285714286,0.7857142857142857,-0.0049169026835325,0.4329364362333516,0.1136363636363636
82,E01010650,2.0,0.0,0.0,0.0,0.0,0.0,1.0,3.0,1.0,0.0,1.0,1.0,0.0,1.0,2.0,0.0,1.0,2.0,0.0,1.0,0.0,0.0,0.0,0.0,1.0,3.0,1.0,1.0,1.0,0.0,5.0,0.0,0.0,4.0,5.0,0.0,1.0,0.0,0.0,1.0,0.0,2.0,0.0,0.0,1.0,2.0,0.0,0.0,0.0,3.0,0.0,0.0,0.0,1.0,0.0,0.0,1.0,1.0,0.0,1.0,-27.799999999999997,0.0235239852398524,86.27450980392157,0.0980392156862745,0.6906821245051888,0.7843137254901961,0.7058823529411765,0.0008146293860579,0.5264107531691301,0.3913793103448276
83,E01010651,1.0,0.0,0.0,0.0,0.0,1.0,0.0,0.0,0.0,0.0,0.0,0.0,0.0,1.0,0.0,0.0,0.0,0.0,0.0,0.0,1.0,0.0,0.0,0.0,0.0,0.0,1.0,3.0,0.0,1.0,2.0,1.0,2.0,0.0,1.0,0.0,0.0,2.0,2.0,1.0,1.0,0.0,1.0,0.0,2.0,0.0,3.0,1.0,0.0,0.0,0.0,0.0,0.0,0.0,0.0,0.0,1.0,1.0,0.0,0.0,-48.8,0.0179533213644524,76.66666666666667,0.2333333333333333,0.4732863826479692,0.6666666666666666,0.4666666666666667,0.0068870523415977,0.3785872964845477,0.1746031746031746
84,E01010652,0.0,0.0,1.0,0.0,0.0,0.0,0.0,0.0,1.0,0.0,0.0,0.0,0.0,0.0,0.0,0.0,1.0,1.0,0.0,0.0,0.0,2.0,0.0,1.0,0.0,2.0,0.0,0.0,2.0,1.0,1.0,0.0,1.0,3.0,0.0,1.0,0.0,2.0,2.0,2.0,7.0,0.0,2.0,1.0,4.0,0.0,1.0,1.0,1.0,0.0,3.0,4.0,2.0,2.0,0.0,1.0,10.0,5.0,0.0,2.0,-8.799999999999997,0.0421432871763997,77.14285714285715,0.1714285714285714,0.8854761584655366,0.7714285714285715,0.6428571428571429,0.0551149064669202,0.9097372057028528,0.551689708141321
85,E01010653,1.0,1.0,2.0,1.0,0.0,0.0,2.0,0.0,0.0,3.0,1.0,0.0,0.0,0.0,3.0,1.0,0.0,1.0,0.0,6.0,2.0,2.0,0.0,0.0,1.0,1.0,1.0,0.0,2.0,5.0,0.0,1.0,2.0,2.0,4.0,0.0,0.0,0.0,9.0,3.0,1.0,2.0,0.0,1.0,0.0,1.0,0.0,2.0,0.0,0.0,0.0,2.0,1.0,0.0,1.0,0.0,2.0,2.0,2.0,2.0,-2.799999999999997,0.0386178861788617,85.52631578947368,0.1973684210526315,0.7826775145668031,0.7236842105263158,0.5789473684210527,0.0046938790540557,0.8562016655851405,0.3310185185185185
86,E01010654,0.0,3.0,0.0,2.0,7.0,7.0,10.0,2.0,1.0,3.0,3.0,0.0,1.0,1.0,1.0,4.0,6.0,2.0,3.0,0.0,3.0,1.0,0.0,3.0,3.0,1.0,3.0,3.0,0.0,2.0,3.0,4.0,2.0,2.0,3.0,1.0,1.0,3.0,1.0,2.0,3.0,1.0,6.0,1.0,0.0,0.0,0.0,0.0,0.0,0.0,2.0,1.0,3.0,2.0,0.0,2.0,0.0,0.0,0.0,4.0,43.2,0.0712616822429906,81.9672131147541,0.2377049180327868,0.6907358786641866,0.6967213114754098,0.6311475409836066,-0.0334480122324158,1.6747100323096562,0.4271645021645021
87,E01010655,0.0,0.0,1.0,0.0,1.0,1.0,2.0,0.0,1.0,0.0,0.0,0.0,0.0,1.0,3.0,1.0,0.0,2.0,1.0,0.0,3.0,0.0,0.0,1.0,1.0,1.0,0.0,2.0,2.0,1.0,0.0,0.0,1.0,1.0,0.0,3.0,1.0,1.0,1.0,1.0,0.0,2.0,1.0,2.0,0.0,1.0,1.0,1.0,4.0,1.0,1.0,3.0,1.0,0.0,0.0,0.0,1.0,0.0,2.0,1.0,-22.799999999999997,0.0371845949535192,92.85714285714286,0.2321428571428571,0.540487104363696,0.9285714285714286,0.8214285714285714,0.0028228173386728,0.8216021790533701,0.2521929824561403
88,E01010656,0.0,1.0,0.0,1.0,1.0,0.0,1.0,0.0,0.0,0.0,1.0,1.0,0.0,1.0,0.0,2.0,0.0,0.0,0.0,0.0,0.0,0.0,1.0,1.0,0.0,0.0,0.0,0.0,0.0,1.0,0.0,2.0,1.0,0.0,1.0,3.0,1.0,2.0,1.0,1.0,0.0,1.0,1.0,2.0,0.0,0.0,0.0,1.0,0.0,0.0,0.0,0.0,0.0,0.0,0.0,0.0,1.0,0.0,0.0,0.0,-48.8,0.0192307692307692,53.333333333333336,0.2,0.4252876264569559,0.7666666666666667,0.7666666666666667,0.0059964726631393,0.4284497425746161,0.1388888888888888
89,E01010657,3.0,0.0,0.0,3.0,0.0,2.0,3.0,0.0,1.0,1.0,0.0,1.0,0.0,1.0,0.0,0.0,0.0,0.0,2.0,3.0,3.0,1.0,1.0,0.0,0.0,1.0,1.0,1.0,1.0,2.0,1.0,2.0,1.0,1.0,0.0,1.0,1.0,1.0,2.0,2.0,1.0,3.0,4.0,9.0,5.0,5.0,4.0,1.0,2.0,0.0,0.0,1.0,1.0,0.0,0.0,0.0,0.0,0.0,0.0,1.0,1.2000000000000028,0.0555555555555555,85.0,0.2375,0.7982969125120777,0.6625,0.4875,0.0149065977165102,1.223200497752927,0.2492877492877492
90,E01010658,0.0,1.0,0.0,0.0,6.0,1.0,1.0,1.0,0.0,1.0,1.0,4.0,0.0,1.0,0.0,1.0,0.0,0.0,2.0,4.0,0.0,2.0,1.0,0.0,2.0,1.0,1.0,4.0,6.0,4.0,2.0,2.0,3.0,1.0,4.0,3.0,7.0,0.0,3.0,6.0,3.0,4.0,0.0,6.0,2.0,4.0,1.0,4.0,6.0,1.0,2.0,0.0,5.0,3.0,0.0,4.0,5.0,6.0,8.0,3.0,64.2,0.0719677906391545,76.92307692307693,0.1608391608391608,0.633372410948583,0.6503496503496503,0.4825174825174825,0.0556742343781469,1.585348309690405,0.4616718426501034
91,E01010659,1.0,6.0,6.0,1.0,3.0,2.0,5.0,2.0,1.0,6.0,4.0,2.0,1.0,3.0,6.0,2.0,6.0,5.0,6.0,5.0,4.0,2.0,0.0,3.0,1.0,2.0,5.0,5.0,10.0,5.0,4.0,5.0,2.0,6.0,4.0,0.0,2.0,1.0,2.0,4.0,3.0,3.0,3.0,2.0,2.0,5.0,1.0,4.0,1.0,2.0,1.0,2.0,5.0,3.0,0.0,1.0,1.0,1.0,0.0,0.0,101.2,0.0919775166070516,81.11111111111111,0.2388888888888889,0.6038665235257086,0.7222222222222222,0.6166666666666667,-0.0277629271129369,2.089507856769195,0.3154545454545454
92,E01010662,0.0,0.0,1.0,1.0,0.0,1.0,2.0,0.0,0.0,0.0,0.0,0.0,0.0,0.0,1.0,1.0,0.0,1.0,0.0,0.0,0.0,0.0,0.0,0.0,0.0,1.0,0.0,0.0,0.0,0.0,2.0,0.0,0.0,0.0,0.0,2.0,0.0,0.0,2.0,1.0,0.0,1.0,0.0,0.0,0.0,1.0,0.0,1.0,1.0,0.0,0.0,0.0,0.0,0.0,0.0,1.0,1.0,1.0,0.0,0.0,-55.8,0.0155091031692515,82.6086956521739,0.2608695652173913,0.3460097503279224,0.782608695652174,0.6956521739130435,-0.0019381091774696,0.3520870950826563,0.1052631578947368
93,E01010663,0.0,0.0,1.0,0.0,2.0,0.0,1.0,0.0,2.0,0.0,1.0,1.0,2.0,3.0,1.0,2.0,2.0,0.0,2.0,0.0,0.0,3.0,1.0,3.0,2.0,4.0,1.0,1.0,2.0,2.0,2.0,1.0,5.0,0.0,2.0,4.0,6.0,1.0,1.0,0.0,1.0,0.0,2.0,2.0,1.0,1.0,1.0,1.0,0.0,1.0,4.0,0.0,0.0,2.0,4.0,1.0,5.0,4.0,2.0,1.0,15.200000000000003,0.0523094045631608,79.7872340425532,0.2446808510638297,0.6276923572725819,0.7340425531914894,0.6595744680851063,0.0143135616819827,1.1472701740244131,0.4822222222222222
94,E01010664,0.0,1.0,0.0,0.0,0.0,0.0,0.0,0.0,0.0,0.0,0.0,0.0,1.0,4.0,1.0,1.0,0.0,0.0,0.0,3.0,0.0,0.0,2.0,0.0,3.0,1.0,2.0,2.0,0.0,2.0,1.0,1.0,2.0,2.0,2.0,0.0,1.0,2.0,2.0,0.0,1.0,1.0,1.0,0.0,1.0,0.0,0.0,0.0,1.0,1.0,0.0,0.0,2.0,0.0,1.0,2.0,0.0,0.0,0.0,0.0,-31.799999999999997,0.0294855708908406,70.2127659574468,0.2340425531914893,0.4783348642792497,0.7021276595744681,0.5106382978723404,-0.0120488294667864,0.626880873047213,0.2224137931034482
95,E01010665,0.0,0.0,0.0,0.0,0.0,0.0,0.0,0.0,0.0,0.0,2.0,1.0,0.0,0.0,3.0,0.0,0.0,0.0,0.0,1.0,1.0,1.0,0.0,4.0,0.0,0.0,0.0,1.0,0.0,1.0,1.0,0.0,0.0,1.0,0.0,0.0,1.0,0.0,0.0,0.0,1.0,0.0,0.0,1.0,0.0,0.0,2.0,2.0,1.0,0.0,1.0,0.0,0.0,1.0,1.0,3.0,4.0,2.0,1.0,1.0,-39.8,0.0205371248025276,87.17948717948718,0.3333333333333333,0.6159630472392981,0.7692307692307693,0.7435897435897436,0.0015316155707946,0.4558313343240263,0.1966666666666666
96,E01010666,0.0,0.0,1.0,4.0,1.0,0.0,1.0,0.0,3.0,0.0,2.0,1.0,1.0,1.0,2.0,1.0,0.0,1.0,2.0,6.0,6.0,2.0,6.0,4.0,1.0,1.0,1.0,6.0,17.0,6.0,12.0,3.0,4.0,2.0,5.0,0.0,0.0,0.0,4.0,1.0,3.0,1.0,1.0,3.0,1.0,6.0,3.0,4.0,8.0,15.0,5.0,1.0,0.0,4.0,3.0,2.0,1.0,2.0,0.0,2.0,94.2,0.0983513359863558,83.23699421965318,0.2369942196531791,0.9813355306658944,0.7572254335260116,0.6473988439306358,0.0316720940552906,2.147156955461911,0.4430872348939575
97,E01010667,0.0,0.0,0.0,1.0,1.0,0.0,0.0,0.0,0.0,0.0,1.0,0.0,1.0,0.0,1.0,2.0,0.0,2.0,0.0,1.0,0.0,0.0,1.0,3.0,1.0,0.0,0.0,3.0,0.0,2.0,1.0,0.0,0.0,1.0,1.0,2.0,1.0,0.0,2.0,1.0,1.0,1.0,1.0,0.0,0.0,0.0,1.0,0.0,0.0,0.0,2.0,0.0,0.0,1.0,2.0,0.0,1.0,0.0,1.0,0.0,-38.8,0.0214822771213748,77.5,0.3,0.4508424653594961,0.85,0.8,-0.000716274565191,0.4676023933850842,0.1724137931034483
98,E01010668,0.0,0.0,0.0,0.0,1.0,0.0,0.0,1.0,2.0,0.0,0.0,0.0,0.0,0.0,5.0,4.0,0.0,2.0,2.0,3.0,0.0,0.0,0.0,0.0,0.0,2.0,4.0,0.0,0.0,0.0,0.0,0.0,0.0,0.0,2.0,0.0,0.0,0.0,0.0,1.0,0.0,0.0,1.0,0.0,0.0,0.0,0.0,0.0,1.0,0.0,0.0,1.0,0.0,0.0,0.0,0.0,0.0,1.0,0.0,2.0,-43.8,0.023728813559322,80.0,0.1428571428571428,0.6064281507654609,0.5142857142857142,0.4285714285714285,-0.0257645294678965,0.5298032089218988,0.1598039215686274
99,E01010669,0.0,0.0,1.0,0.0,0.0,0.0,0.0,0.0,0.0,0.0,0.0,0.0,0.0,1.0,1.0,1.0,0.0,2.0,2.0,1.0,1.0,0.0,1.0,0.0,0.0,0.0,0.0,3.0,0.0,0.0,0.0,2.0,0.0,0.0,1.0,1.0,0.0,0.0,1.0,1.0,0.0,0.0,0.0,0.0,0.0,1.0,0.0,0.0,1.0,0.0,0.0,1.0,0.0,2.0,0.0,0.0,0.0,0.0,0.0,1.0,-52.8,0.0116539668310174,92.3076923076923,0.1153846153846153,0.439415823521138,0.8846153846153846,0.8846153846153846,-0.0014868309260832,0.2527871656844229,0.1333333333333333
100,E01010670,1.0,0.0,2.0,1.0,0.0,1.0,1.0,1.0,3.0,3.0,2.0,1.0,7.0,0.0,0.0,3.0,1.0,5.0,5.0,6.0,6.0,2.0,2.0,6.0,11.0,13.0,6.0,4.0,0.0,0.0,1.0,0.0,1.0,1.0,1.0,0.0,1.0,2.0,1.0,2.0,1.0,3.0,3.0,2.0,3.0,3.0,1.0,2.0,1.0,2.0,4.0,1.0,2.0,0.0,1.0,3.0,2.0,0.0,6.0,0.0,64.2,0.0775908844275637,76.92307692307693,0.1818181818181818,0.8815153860515422,0.6433566433566433,0.4895104895104895,-0.0119481571486431,1.7126450846159549,0.4749373075903688
101,E01010671,0.0,1.0,1.0,0.0,0.0,0.0,0.0,1.0,1.0,1.0,0.0,2.0,5.0,5.0,2.0,3.0,3.0,2.0,2.0,2.0,0.0,1.0,2.0,0.0,2.0,0.0,2.0,0.0,0.0,1.0,1.0,0.0,2.0,0.0,1.0,1.0,2.0,1.0,3.0,3.0,1.0,1.0,1.0,1.0,1.0,2.0,0.0,1.0,0.0,0.0,1.0,0.0,1.0,0.0,0.0,0.0,0.0,1.0,1.0,2.0,-11.799999999999997,0.0386167146974063,83.5820895522388,0.1194029850746268,0.5964451326502784,0.582089552238806,0.4477611940298507,-0.0179811734600621,0.8479750067065284,0.1256410256410256
102,E01010672,0.0,0.0,0.0,0.0,1.0,1.0,0.0,0.0,0.0,6.0,2.0,0.0,2.0,2.0,1.0,1.0,0.0,0.0,0.0,0.0,0.0,1.0,0.0,2.0,1.0,3.0,1.0,0.0,0.0,0.0,0.0,0.0,0.0,0.0,0.0,0.0,1.0,5.0,1.0,0.0,0.0,0.0,0.0,2.0,0.0,4.0,0.0,0.0,1.0,0.0,0.0,0.0,1.0,0.0,0.0,1.0,0.0,0.0,1.0,0.0,-37.8,0.0304380103934669,82.92682926829268,0.2682926829268293,0.7641658610458937,0.6829268292682927,0.5365853658536586,-0.0082602769315566,0.6951686918746435,0.528030303030303
103,E01010673,2.0,1.0,0.0,0.0,4.0,2.0,0.0,1.0,1.0,0.0,2.0,0.0,0.0,2.0,1.0,0.0,1.0,0.0,2.0,2.0,5.0,0.0,2.0,0.0,0.0,1.0,0.0,0.0,0.0,2.0,0.0,0.0,1.0,1.0,0.0,1.0,0.0,0.0,3.0,3.0,0.0,2.0,2.0,0.0,6.0,1.0,1.0,1.0,0.0,0.0,2.0,1.0,0.0,2.0,0.0,1.0,1.0,0.0,1.0,0.0,-17.799999999999997,0.0308548305513404,78.68852459016394,0.180327868852459,0.6503234471122928,0.6065573770491803,0.4426229508196721,-0.0057181724905177,0.7002101289382937,0.2737373737373737
104,E01010674,1.0,3.0,3.0,2.0,5.0,3.0,5.0,2.0,4.0,0.0,1.0,5.0,1.0,1.0,3.0,0.0,4.0,2.0,1.0,10.0,1.0,0.0,6.0,0.0,2.0,2.0,1.0,2.0,2.0,2.0,3.0,0.0,3.0,5.0,1.0,2.0,2.0,1.0,2.0,0.0,1.0,1.0,2.0,1.0,0.0,2.0,1.0,3.0,2.0,1.0,0.0,2.0,3.0,1.0,4.0,2.0,0.0,0.0,0.0,1.0,41.2,0.0527936647602287,80.83333333333333,0.225,0.7026281680893478,0.6916666666666667,0.5666666666666667,-0.026450258090047,1.2334996781569778,0.5408163265306123
105,E01010675,0.0,1.0,1.0,0.0,0.0,1.0,0.0,1.0,1.0,0.0,0.0,0.0,0.0,0.0,0.0,0.0,0.0,1.0,1.0,4.0,0.0,1.0,2.0,0.0,0.0,0.0,0.0,0.0,1.0,0.0,0.0,3.0,0.0,0.0,3.0,0.0,1.0,2.0,0.0,1.0,0.0,1.0,0.0,1.0,2.0,4.0,4.0,2.0,1.0,1.0,2.0,1.0,1.0,2.0,1.0,3.0,0.0,2.0,0.0,1.0,-24.799999999999997,0.0250696378830083,66.66666666666666,0.1666666666666666,0.5913966426498916,0.6481481481481481,0.5370370370370371,0.0112889192023177,0.5491648083820333,0.2317708333333333
106,E01010676,2.0,0.0,1.0,0.0,1.0,1.0,1.0,0.0,5.0,13.0,2.0,0.0,1.0,0.0,2.0,1.0,2.0,1.0,1.0,1.0,2.0,0.0,1.0,3.0,1.0,0.0,0.0,5.0,1.0,3.0,1.0,2.0,0.0,1.0,1.0,1.0,2.0,3.0,5.0,1.0,7.0,5.0,2.0,0.0,1.0,2.0,2.0,0.0,0.0,2.0,0.0,0.0,0.0,1.0,2.0,1.0,0.0,0.0,0.0,0.0,14.200000000000003,0.0384297520661157,87.09677419354838,0.1397849462365591,0.9908297301595832,0.6021505376344086,0.4086021505376344,-0.0065104495876293,0.8833203203787695,0.4764585008487448
107,E01010677,3.0,1.0,1.0,3.0,2.0,1.0,3.0,2.0,4.0,4.0,1.0,1.0,0.0,1.0,4.0,4.0,1.0,2.0,2.0,1.0,3.0,3.0,0.0,4.0,1.0,2.0,2.0,0.0,5.0,3.0,3.0,4.0,1.0,5.0,0.0,4.0,1.0,0.0,0.0,5.0,1.0,3.0,2.0,5.0,2.0,0.0,1.0,2.0,5.0,1.0,1.0,2.0,1.0,0.0,5.0,4.0,1.0,0.0,1.0,0.0,45.2,0.0382126348228043,88.70967741935483,0.1693548387096774,0.5774176998221967,0.7096774193548387,0.5967741935483871,0.00535030684399,0.8699820139258171,0.5083333333333333
108,E01010678,0.0,0.0,0.0,0.0,0.0,0.0,1.0,0.0,0.0,1.0,0.0,0.0,1.0,0.0,1.0,0.0,0.0,4.0,1.0,2.0,1.0,4.0,2.0,2.0,4.0,4.0,0.0,0.0,0.0,2.0,1.0,4.0,0.0,1.0,2.0,1.0,4.0,2.0,2.0,1.0,2.0,0.0,1.0,1.0,0.0,1.0,1.0,0.0,0.0,0.0,0.0,0.0,1.0,1.0,2.0,1.0,0.0,0.0,1.0,1.0,-17.799999999999997,0.0429880197322057,81.9672131147541,0.1639344262295081,0.6254948445370082,0.6065573770491803,0.4590163934426229,-0.0183639122865779,0.9157201638555168,0.3676470588235294
109,E01010679,0.0,3.0,3.0,1.0,2.0,0.0,0.0,2.0,2.0,1.0,2.0,4.0,2.0,1.0,3.0,3.0,5.0,5.0,6.0,4.0,2.0,3.0,4.0,3.0,9.0,2.0,5.0,3.0,1.0,3.0,5.0,2.0,3.0,9.0,3.0,3.0,1.0,4.0,4.0,3.0,2.0,3.0,4.0,2.0,5.0,4.0,4.0,2.0,2.0,2.0,4.0,5.0,3.0,4.0,5.0,9.0,3.0,4.0,3.0,5.0,117.2,0.0932001902044698,77.04081632653062,0.1989795918367347,0.5243271236428765,0.6428571428571429,0.5459183673469388,0.0281409357682118,2.055960203641225,0.2752436647173489
110,E01010680,0.0,0.0,1.0,2.0,0.0,0.0,1.0,1.0,0.0,1.0,0.0,0.0,1.0,2.0,1.0,1.0,2.0,2.0,0.0,1.0,1.0,3.0,1.0,0.0,1.0,0.0,0.0,0.0,2.0,2.0,4.0,2.0,4.0,5.0,4.0,4.0,3.0,2.0,3.0,3.0,4.0,0.0,0.0,0.0,1.0,2.0,3.0,0.0,3.0,1.0,2.0,2.0,0.0,1.0,3.0,1.0,0.0,3.0,2.0,3.0,12.200000000000003,0.0508664058133035,86.81318681318682,0.1758241758241758,0.518944052587259,0.8461538461538461,0.7252747252747253,0.0231913582680023,1.10139122234263,0.2571428571428571
111,E01010681,2.0,0.0,0.0,0.0,0.0,1.0,1.0,0.0,3.0,1.0,0.0,1.0,0.0,1.0,1.0,0.0,0.0,0.0,0.0,0.0,0.0,0.0,0.0,1.0,0.0,0.0,0.0,0.0,0.0,0.0,1.0,0.0,1.0,0.0,0.0,0.0,0.0,0.0,1.0,0.0,0.0,0.0,0.0,1.0,1.0,0.0,0.0,0.0,0.0,1.0,0.0,2.0,0.0,0.0,0.0,0.0,0.0,0.0,0.0,2.0,-56.8,0.0146373918829008,86.36363636363636,0.1363636363636363,0.4542612748024246,0.5909090909090909,0.4545454545454545,-0.0003390039447731,0.3577310651464316,0.196078431372549
112,E01010682,0.0,1.0,0.0,0.0,0.0,0.0,2.0,0.0,0.0,0.0,0.0,0.0,0.0,0.0,2.0,1.0,2.0,0.0,0.0,2.0,1.0,0.0,0.0,0.0,1.0,1.0,0.0,0.0,1.0,1.0,4.0,1.0,1.0,2.0,0.0,3.0,0.0,2.0,0.0,2.0,1.0,1.0,2.0,1.0,0.0,1.0,0.0,2.0,0.0,1.0,0.0,0.0,1.0,2.0,0.0,0.0,0.0,1.0,3.0,0.0,-32.8,0.0321004884856943,78.26086956521739,0.217391304347826,0.4917287783589431,0.782608695652174,0.6086956521739131,0.003009166555422,0.6909773225758632,0.2385057471264367
113,E01010683,1.0,0.0,0.0,0.0,1.0,1.0,0.0,0.0,1.0,0.0,0.0,0.0,0.0,0.0,1.0,0.0,2.0,1.0,0.0,1.0,0.0,1.0,1.0,0.0,0.0,1.0,0.0,2.0,0.0,1.0,0.0,0.0,2.0,1.0,0.0,0.0,0.0,0.0,0.0,0.0,3.0,3.0,0.0,0.0,0.0,1.0,0.0,0.0,0.0,0.0,0.0,0.0,4.0,0.0,1.0,0.0,1.0,0.0,0.0,0.0,-47.8,0.0134841235319704,87.09677419354838,0.2903225806451613,0.5913000896717211,0.8387096774193549,0.7741935483870968,0.0226864599545073,0.2988819238129111,0.123015873015873
114,E01010684,0.0,0.0,0.0,0.0,0.0,1.0,0.0,1.0,2.0,2.0,1.0,1.0,1.0,0.0,0.0,0.0,0.0,0.0,4.0,3.0,0.0,0.0,1.0,2.0,0.0,1.0,1.0,0.0,0.0,0.0,0.0,1.0,1.0,0.0,1.0,0.0,0.0,3.0,3.0,1.0,1.0,0.0,1.0,0.0,0.0,0.0,1.0,1.0,2.0,0.0,0.0,0.0,1.0,0.0,1.0,0.0,0.0,0.0,0.0,0.0,-39.8,0.0258620689655172,82.05128205128204,0.1538461538461538,0.573488351136175,0.5384615384615384,0.3846153846153846,-0.0063633575032143,0.5853379825185138,0.2083333333333333
115,E01010685,1.0,0.0,1.0,0.0,1.0,2.0,0.0,0.0,0.0,0.0,1.0,2.0,1.0,0.0,0.0,0.0,0.0,0.0,0.0,0.0,0.0,1.0,1.0,3.0,1.0,0.0,0.0,0.0,0.0,0.0,1.0,1.0,2.0,1.0,0.0,0.0,0.0,0.0,0.0,0.0,0.0,0.0,1.0,2.0,0.0,0.0,0.0,0.0,0.0,0.0,3.0,0.0,0.0,0.0,2.0,0.0,0.0,0.0,0.0,0.0,-50.8,0.0166666666666666,75.0,0.1428571428571428,0.4727554678967804,0.7857142857142857,0.7142857142857143,0.016206325694868,0.3909470862334805,0.2105263157894736
116,E01010686,2.0,0.0,0.0,0.0,2.0,0.0,0.0,0.0,0.0,1.0,0.0,0.0,0.0,0.0,0.0,0.0,0.0,1.0,0.0,0.0,1.0,0.0,0.0,2.0,1.0,0.0,0.0,0.0,0.0,1.0,0.0,0.0,0.0,0.0,0.0,1.0,1.0,0.0,2.0,0.0,1.0,0.0,1.0,0.0,1.0,2.0,0.0,1.0,0.0,0.0,1.0,0.0,1.0,0.0,0.0,0.0,1.0,1.0,0.0,0.0,-53.8,0.0142450142450142,76.0,0.2,0.3554093266554555,0.92,0.68,-0.0103470810339819,0.3206809292307835,0.05
117,E01010687,0.0,2.0,1.0,0.0,0.0,0.0,2.0,2.0,2.0,4.0,0.0,0.0,0.0,0.0,0.0,0.0,0.0,0.0,0.0,0.0,0.0,0.0,0.0,0.0,1.0,0.0,1.0,0.0,0.0,0.0,0.0,0.0,0.0,1.0,1.0,0.0,0.0,0.0,1.0,1.0,0.0,0.0,0.0,0.0,0.0,0.0,1.0,0.0,0.0,0.0,0.0,0.0,0.0,0.0,1.0,0.0,0.0,0.0,1.0,0.0,-56.8,0.0122086570477247,81.81818181818183,0.1818181818181818,0.5685064007950855,0.6363636363636364,0.4545454545454545,-0.0250735576308046,0.3108977914319222,0.1666666666666666
118,E01010688,0.0,1.0,0.0,2.0,0.0,0.0,1.0,1.0,0.0,0.0,0.0,0.0,2.0,2.0,1.0,2.0,6.0,0.0,0.0,0.0,0.0,1.0,1.0,0.0,0.0,1.0,1.0,2.0,2.0,0.0,2.0,1.0,1.0,1.0,0.0,0.0,0.0,0.0,2.0,0.0,0.0,0.0,0.0,1.0,1.0,0.0,0.0,0.0,0.0,3.0,0.0,0.0,2.0,0.0,1.0,0.0,2.0,2.0,0.0,0.0,-33.8,0.0236717517096265,77.77777777777779,0.2222222222222222,0.6226494259953249,0.7777777777777778,0.6888888888888889,0.000774032964698,0.52766968443924,0.2160493827160493
119,E01010689,1.0,0.0,0.0,1.0,2.0,0.0,0.0,0.0,0.0,0.0,0.0,0.0,1.0,0.0,0.0,0.0,0.0,0.0,0.0,1.0,0.0,1.0,0.0,0.0,0.0,0.0,0.0,1.0,0.0,1.0,1.0,1.0,0.0,0.0,0.0,0.0,0.0,1.0,0.0,0.0,0.0,1.0,0.0,4.0,2.0,1.0,1.0,1.0,0.0,0.0,1.0,0.0,0.0,0.0,0.0,0.0,1.0,1.0,2.0,0.0,-51.8,0.0138178096212896,85.18518518518519,0.1111111111111111,0.557773351022717,0.8148148148148148,0.6296296296296297,0.0053824072175517,0.3047605752262105,0.119047619047619
120,E01010690,0.0,0.0,1.0,1.0,0.0,0.0,0.0,0.0,0.0,0.0,1.0,0.0,1.0,0.0,0.0,1.0,0.0,0.0,0.0,0.0,1.0,1.0,2.0,2.0,1.0,0.0,0.0,0.0,1.0,1.0,0.0,0.0,0.0,2.0,0.0,2.0,1.0,1.0,1.0,0.0,1.0,3.0,0.0,1.0,1.0,3.0,2.0,1.0,0.0,3.0,2.0,1.0,3.0,0.0,2.0,0.0,1.0,0.0,2.0,0.0,-31.799999999999997,0.0252824098977945,74.46808510638297,0.2127659574468085,0.4777847377438344,0.6595744680851063,0.4893617021276595,0.019500349375868,0.5492948624819352,0.1720430107526881
121,E01010691,0.0,0.0,0.0,0.0,0.0,0.0,1.0,0.0,0.0,0.0,1.0,0.0,0.0,0.0,0.0,0.0,0.0,0.0,1.0,0.0,0.0,0.0,0.0,1.0,1.0,2.0,0.0,0.0,1.0,0.0,0.0,0.0,0.0,0.0,0.0,1.0,0.0,0.0,1.0,0.0,1.0,0.0,0.0,2.0,0.0,0.0,0.0,0.0,1.0,0.0,0.0,1.0,0.0,1.0,1.0,1.0,0.0,0.0,1.0,0.0,-59.8,0.0120558375634517,89.47368421052632,0.1578947368421052,0.2971470997535846,0.6842105263157895,0.6842105263157895,-0.0008492452675122,0.2662036588442345,0.0588235294117647
122,E01010692,1.0,0.0,0.0,0.0,3.0,1.0,0.0,1.0,1.0,0.0,1.0,0.0,0.0,1.0,2.0,0.0,0.0,1.0,1.0,1.0,1.0,3.0,2.0,0.0,0.0,1.0,0.0,1.0,0.0,0.0,1.0,1.0,0.0,0.0,0.0,0.0,1.0,1.0,0.0,0.0,0.0,0.0,2.0,0.0,0.0,2.0,0.0,2.0,0.0,3.0,0.0,0.0,2.0,0.0,1.0,0.0,0.0,0.0,0.0,2.0,-38.8,0.0208659363588941,85.0,0.175,0.4725137360640755,0.825,0.6,0.0114572973185886,0.4769689070248001,0.1543209876543209
123,E01010693,0.0,0.0,0.0,0.0,0.0,0.0,0.0,0.0,0.0,1.0,0.0,0.0,0.0,1.0,0.0,1.0,0.0,0.0,0.0,0.0,0.0,0.0,0.0,0.0,0.0,0.0,0.0,1.0,0.0,0.0,0.0,0.0,0.0,0.0,0.0,0.0,0.0,0.0,0.0,1.0,0.0,0.0,0.0,0.0,0.0,0.0,0.0,0.0,0.0,0.0,0.0,0.0,1.0,0.0,0.0,0.0,0.0,0.0,0.0,0.0,-72.8,0.0040650406504065,100.0,0.3333333333333333,0.0,0.8333333333333334,0.5,0.0,0.091798442237823,0.0
124,E01010694,0.0,0.0,0.0,0.0,0.0,0.0,0.0,0.0,0.0,0.0,0.0,1.0,1.0,0.0,0.0,1.0,0.0,0.0,0.0,0.0,0.0,0.0,0.0,0.0,0.0,0.0,0.0,0.0,1.0,0.0,0.0,0.0,0.0,0.0,0.0,1.0,0.0,2.0,0.0,0.0,0.0,0.0,0.0,0.0,0.0,1.0,0.0,0.0,0.0,1.0,1.0,0.0,0.0,0.0,0.0,0.0,0.0,0.0,0.0,0.0,-68.8,0.0064892926670992,50.0,0.5,0.3,1.0,0.9,0.0028941096356826,0.1419123498738021,0.0555555555555555
125,E01010695,6.0,3.0,1.0,0.0,0.0,1.0,0.0,0.0,2.0,1.0,0.0,0.0,0.0,1.0,3.0,1.0,0.0,6.0,1.0,0.0,2.0,0.0,1.0,2.0,1.0,0.0,0.0,0.0,1.0,0.0,3.0,1.0,3.0,2.0,0.0,0.0,0.0,2.0,0.0,0.0,0.0,0.0,1.0,2.0,3.0,0.0,1.0,0.0,1.0,2.0,3.0,1.0,0.0,0.0,1.0,0.0,1.0,1.0,0.0,1.0,-16.799999999999997,0.0398970398970398,88.70967741935483,0.1612903225806451,0.7010565090833973,0.7903225806451613,0.5967741935483871,-0.0209825646311088,0.918504798285708,0.4747474747474747
126,E01010696,0.0,0.0,0.0,0.0,0.0,0.0,0.0,0.0,2.0,0.0,0.0,1.0,1.0,0.0,1.0,0.0,0.0,0.0,0.0,0.0,0.0,0.0,0.0,2.0,0.0,0.0,1.0,0.0,0.0,0.0,0.0,0.0,1.0,0.0,0.0,0.0,0.0,0.0,0.0,0.0,0.0,0.0,0.0,0.0,0.0,0.0,0.0,0.0,0.0,1.0,0.0,1.0,0.0,0.0,1.0,0.0,0.0,0.0,1.0,0.0,-65.8,0.0080695220360024,76.92307692307693,0.0,0.3422860840197998,0.8461538461538461,0.6153846153846154,-0.0083432954771866,0.189242860237974,0.0454545454545454
127,E01010697,0.0,0.0,0.0,0.0,0.0,0.0,0.0,0.0,1.0,0.0,1.0,0.0,0.0,0.0,0.0,0.0,0.0,1.0,0.0,0.0,0.0,0.0,1.0,0.0,0.0,0.0,0.0,0.0,0.0,2.0,1.0,0.0,1.0,1.0,1.0,0.0,0.0,0.0,0.0,0.0,0.0,0.0,0.0,1.0,3.0,0.0,0.0,0.0,0.0,0.0,1.0,0.0,0.0,0.0,0.0,0.0,0.0,0.0,1.0,1.0,-61.8,0.0117322291235334,76.47058823529412,0.1764705882352941,0.4767693605473972,0.8823529411764706,0.7058823529411765,0.0049026890506611,0.2569359182349051,0.1309523809523809
128,E01010698,2.0,1.0,0.0,0.0,0.0,2.0,2.0,1.0,1.0,0.0,0.0,1.0,0.0,1.0,1.0,3.0,1.0,1.0,2.0,1.0,0.0,0.0,3.0,0.0,2.0,0.0,2.0,0.0,1.0,0.0,0.0,0.0,0.0,0.0,1.0,0.0,0.0,2.0,4.0,0.0,2.0,0.0,1.0,1.0,1.0,1.0,0.0,1.0,1.0,1.0,0.0,1.0,0.0,0.0,1.0,1.0,0.0,0.0,1.0,0.0,-30.799999999999997,0.0248318675633729,81.25,0.2708333333333333,0.5182226234930313,0.8333333333333334,0.625,-0.0080139832464876,0.5636108522388349,0.1717171717171717
129,E01010699,2.0,3.0,0.0,1.0,0.0,0.0,2.0,0.0,1.0,1.0,1.0,2.0,0.0,3.0,1.0,1.0,1.0,0.0,1.0,3.0,0.0,5.0,1.0,2.0,0.0,0.0,2.0,2.0,1.0,0.0,0.0,1.0,1.0,1.0,3.0,0.0,1.0,4.0,1.0,1.0,2.0,0.0,2.0,0.0,0.0,3.0,2.0,0.0,2.0,0.0,1.0,1.0,1.0,1.0,0.0,2.0,2.0,0.0,0.0,1.0,-9.799999999999997,0.0349013657056145,82.6086956521739,0.1739130434782608,0.5567740664192781,0.7391304347826086,0.5362318840579711,-0.0041064134632788,0.7893318098696863,0.3320833333333333
130,E01010700,6.0,1.0,0.0,0.0,2.0,0.0,0.0,0.0,2.0,0.0,1.0,2.0,1.0,1.0,1.0,2.0,2.0,1.0,0.0,1.0,2.0,1.0,1.0,1.0,0.0,2.0,1.0,2.0,0.0,3.0,0.0,0.0,2.0,0.0,1.0,1.0,2.0,0.0,1.0,0.0,4.0,4.0,5.0,0.0,3.0,6.0,1.0,2.0,0.0,3.0,1.0,2.0,1.0,1.0,0.0,3.0,1.0,2.0,2.0,2.0,7.200000000000003,0.0523114355231143,80.23255813953489,0.1744186046511628,0.6546536707079771,0.813953488372093,0.7093023255813954,0.008021371004256,1.1683380040888245,0.2484496124031008
131,E01010701,2.0,0.0,0.0,1.0,1.0,1.0,1.0,0.0,0.0,0.0,2.0,0.0,0.0,0.0,0.0,1.0,0.0,1.0,3.0,0.0,2.0,1.0,3.0,4.0,1.0,2.0,0.0,0.0,0.0,0.0,2.0,1.0,5.0,0.0,0.0,1.0,0.0,0.0,1.0,3.0,3.0,0.0,4.0,3.0,2.0,2.0,0.0,0.0,3.0,2.0,0.0,0.0,4.0,0.0,1.0,0.0,2.0,1.0,0.0,1.0,-11.799999999999997,0.0445182724252491,79.1044776119403,0.2985074626865671,0.5573083164551819,0.8208955223880597,0.6865671641791045,0.0143494759779372,0.9834708173412164,0.3277777777777778
132,E01010702,0.0,0.0,0.0,0.0,1.0,0.0,1.0,0.0,0.0,0.0,0.0,1.0,0.0,2.0,2.0,0.0,1.0,1.0,2.0,0.0,0.0,2.0,2.0,3.0,0.0,1.0,2.0,2.0,0.0,1.0,0.0,1.0,1.0,1.0,0.0,2.0,0.0,0.0,1.0,1.0,2.0,2.0,3.0,0.0,1.0,0.0,1.0,1.0,1.0,0.0,0.0,1.0,0.0,1.0,0.0,0.0,2.0,0.0,1.0,0.0,-31.799999999999997,0.0228155339805825,89.36170212765957,0.2340425531914893,0.4230538690845789,0.8936170212765957,0.8085106382978723,-0.0041455759357027,0.4928832430931296,0.109375
133,E01010703,0.0,0.0,3.0,0.0,0.0,1.0,0.0,2.0,1.0,0.0,0.0,1.0,1.0,0.0,0.0,3.0,0.0,0.0,1.0,1.0,1.0,1.0,4.0,0.0,2.0,1.0,0.0,0.0,1.0,1.0,1.0,0.0,0.0,1.0,0.0,0.0,0.0,1.0,1.0,0.0,0.0,2.0,0.0,0.0,1.0,3.0,3.0,3.0,3.0,1.0,1.0,1.0,4.0,1.0,1.0,1.0,0.0,0.0,0.0,2.0,-22.799999999999997,0.0337146297411198,80.35714285714286,0.2857142857142857,0.5956708383670386,0.7857142857142857,0.7142857142857143,0.0050981313031441,0.7551806053876816,0.3039215686274509
134,E01010704,0.0,3.0,0.0,0.0,0.0,0.0,0.0,1.0,0.0,1.0,1.0,1.0,3.0,0.0,3.0,4.0,2.0,0.0,1.0,0.0,3.0,0.0,1.0,0.0,0.0,0.0,0.0,1.0,1.0,0.0,1.0,0.0,1.0,0.0,0.0,1.0,3.0,0.0,1.0,0.0,2.0,3.0,0.0,2.0,0.0,2.0,1.0,1.0,1.0,0.0,2.0,0.0,2.0,0.0,0.0,3.0,1.0,1.0,0.0,1.0,-23.799999999999997,0.0404709345106696,81.81818181818183,0.1636363636363636,0.5376172040257976,0.8,0.6727272727272727,-0.0091944915022678,0.900056328662007,0.2291666666666666
135,E01010705,0.0,0.0,1.0,0.0,0.0,0.0,0.0,0.0,0.0,0.0,0.0,1.0,1.0,0.0,0.0,0.0,0.0,0.0,0.0,0.0,0.0,1.0,0.0,0.0,1.0,1.0,1.0,1.0,0.0,0.0,0.0,0.0,1.0,0.0,1.0,2.0,2.0,0.0,0.0,0.0,0.0,0.0,0.0,0.0,0.0,0.0,1.0,1.0,0.0,0.0,1.0,0.0,0.0,0.0,0.0,1.0,0.0,0.0,0.0,2.0,-58.8,0.0120918984280532,75.0,0.15,0.3340097303971846,0.75,0.45,0.0084451642757982,0.2636493519308724,0.0588235294117647
136,E01010706,1.0,2.0,0.0,0.0,0.0,0.0,0.0,0.0,1.0,0.0,0.0,0.0,0.0,0.0,1.0,0.0,0.0,0.0,0.0,0.0,0.0,0.0,0.0,0.0,0.0,1.0,0.0,0.0,0.0,0.0,1.0,0.0,0.0,1.0,2.0,0.0,0.0,0.0,1.0,0.0,0.0,0.0,0.0,0.0,0.0,0.0,0.0,0.0,0.0,0.0,0.0,0.0,0.0,0.0,0.0,1.0,1.0,0.0,0.0,0.0,-65.8,0.008312020460358,53.84615384615385,0.3076923076923077,0.3422860840197998,0.8461538461538461,0.6923076923076923,-0.0048845043310875,0.1947737128218447,0.0909090909090909
137,E01010707,0.0,0.0,0.0,0.0,0.0,0.0,0.0,0.0,0.0,0.0,0.0,0.0,0.0,4.0,0.0,1.0,3.0,1.0,0.0,0.0,3.0,1.0,0.0,0.0,0.0,0.0,0.0,2.0,0.0,0.0,0.0,0.0,0.0,0.0,1.0,1.0,1.0,0.0,0.0,0.0,0.0,0.0,1.0,2.0,0.0,0.0,0.0,0.0,0.0,1.0,0.0,0.0,0.0,0.0,1.0,0.0,0.0,0.0,1.0,0.0,-54.8,0.0131075914800655,87.5,0.2083333333333333,0.6160067253807264,0.8333333333333334,0.75,-0.0342948717948717,0.2806034843095665,0.3944444444444444
138,E01010708,1.0,1.0,1.0,0.0,0.0,0.0,0.0,0.0,1.0,0.0,1.0,0.0,4.0,0.0,4.0,0.0,1.0,2.0,1.0,1.0,0.0,0.0,0.0,0.0,1.0,1.0,2.0,0.0,0.0,2.0,1.0,2.0,2.0,1.0,4.0,3.0,0.0,1.0,2.0,0.0,1.0,0.0,1.0,1.0,0.0,0.0,1.0,2.0,0.0,1.0,0.0,1.0,0.0,0.0,1.0,1.0,1.0,1.0,1.0,2.0,-23.799999999999997,0.0328358208955223,85.45454545454545,0.2545454545454545,0.5955204682453605,0.8363636363636363,0.7090909090909091,-0.007167419314745,0.717334989420073,0.2037037037037037
139,E01010709,1.0,0.0,0.0,0.0,0.0,0.0,0.0,0.0,0.0,2.0,1.0,2.0,0.0,0.0,0.0,0.0,0.0,0.0,1.0,3.0,1.0,0.0,0.0,3.0,2.0,0.0,2.0,1.0,0.0,0.0,0.0,0.0,1.0,1.0,1.0,0.0,1.0,0.0,1.0,0.0,0.0,2.0,0.0,1.0,0.0,2.0,0.0,0.0,1.0,2.0,0.0,0.0,0.0,0.0,1.0,0.0,1.0,0.0,0.0,0.0,-44.8,0.0125091979396615,88.23529411764706,0.1470588235294117,0.4500882441176644,0.7352941176470589,0.6470588235294118,-0.008507732002226,0.2811847745737045,0.2463768115942028
140,E01010710,7.0,3.0,9.0,3.0,6.0,3.0,6.0,10.0,8.0,7.0,4.0,5.0,6.0,10.0,10.0,12.0,3.0,3.0,10.0,5.0,4.0,4.0,9.0,8.0,7.0,12.0,7.0,5.0,3.0,9.0,3.0,2.0,7.0,10.0,8.0,14.0,4.0,6.0,6.0,8.0,6.0,7.0,8.0,8.0,7.0,6.0,4.0,5.0,6.0,4.0,10.0,7.0,8.0,1.0,9.0,4.0,5.0,4.0,5.0,9.0,310.2,0.1944027986006996,80.20565552699229,0.1722365038560411,0.4216836197187013,0.7429305912596401,0.6195372750642674,-0.0046401778271742,4.39113870728621,0.4034920634920634
141,E01010711,4.0,1.0,0.0,0.0,0.0,1.0,1.0,0.0,2.0,4.0,0.0,6.0,1.0,3.0,4.0,4.0,1.0,0.0,0.0,3.0,1.0,2.0,3.0,1.0,3.0,2.0,2.0,3.0,9.0,3.0,3.0,1.0,4.0,2.0,1.0,2.0,1.0,3.0,4.0,3.0,2.0,2.0,5.0,6.0,7.0,7.0,4.0,3.0,5.0,3.0,3.0,2.0,4.0,3.0,6.0,7.0,4.0,0.0,3.0,2.0,87.2,0.10814332247557,78.91566265060241,0.2409638554216867,0.5820514664163606,0.7530120481927711,0.6325301204819277,0.0354569671900817,2.382060773469257,0.2532967032967033
142,E01010712,0.0,1.0,1.0,2.0,1.0,0.0,1.0,1.0,0.0,1.0,0.0,1.0,1.0,2.0,2.0,2.0,0.0,1.0,0.0,2.0,1.0,0.0,2.0,1.0,2.0,3.0,1.0,2.0,1.0,1.0,1.0,0.0,3.0,2.0,1.0,1.0,0.0,0.0,1.0,1.0,2.0,1.0,1.0,1.0,1.0,0.0,1.0,0.0,1.0,2.0,2.0,1.0,2.0,2.0,2.0,2.0,0.0,1.0,0.0,0.0,-13.799999999999997,0.0382128159905937,78.46153846153847,0.2307692307692307,0.4057149567653227,0.7692307692307693,0.6,0.0039958247708516,0.854252554250332,0.1425925925925925
143,E01010713,1.0,3.0,0.0,0.0,0.0,0.0,0.0,0.0,0.0,1.0,0.0,0.0,0.0,1.0,0.0,1.0,0.0,6.0,0.0,1.0,0.0,1.0,1.0,1.0,1.0,1.0,0.0,0.0,1.0,1.0,1.0,1.0,2.0,0.0,5.0,2.0,0.0,3.0,1.0,0.0,0.0,1.0,2.0,0.0,1.0,1.0,1.0,1.0,3.0,2.0,3.0,1.0,5.0,3.0,1.0,0.0,0.0,1.0,1.0,0.0,-15.799999999999997,0.0402042118698149,85.71428571428571,0.1111111111111111,0.7528371991317255,0.8253968253968254,0.6984126984126984,0.0057342372190223,0.8845309625965581,0.4074074074074074
144,E01010714,0.0,0.0,1.0,1.0,1.0,0.0,1.0,0.0,1.0,0.0,0.0,1.0,0.0,0.0,0.0,0.0,1.0,2.0,0.0,0.0,0.0,0.0,1.0,0.0,0.0,1.0,1.0,0.0,0.0,1.0,0.0,0.0,0.0,0.0,0.0,0.0,2.0,1.0,0.0,0.0,2.0,0.0,0.0,0.0,0.0,0.0,0.0,0.0,1.0,0.0,1.0,0.0,1.0,1.0,1.0,0.0,0.0,0.0,0.0,1.0,-54.8,0.0173535791757049,75.0,0.0833333333333333,0.3137475099502783,0.8333333333333334,0.7083333333333334,0.0010271583245045,0.4025128889903105,0.0714285714285714
145,E01010715,0.0,1.0,1.0,0.0,1.0,0.0,1.0,0.0,0.0,2.0,1.0,2.0,0.0,1.0,1.0,0.0,2.0,1.0,0.0,0.0,0.0,0.0,0.0,0.0,0.0,0.0,0.0,0.0,0.0,0.0,0.0,0.0,1.0,0.0,0.0,0.0,0.0,0.0,1.0,0.0,0.0,1.0,1.0,0.0,4.0,0.0,2.0,1.0,0.0,0.0,1.0,0.0,1.0,0.0,1.0,1.0,0.0,0.0,1.0,0.0,-48.8,0.028169014084507,80.0,0.3666666666666666,0.5388914922357194,0.7,0.6,0.0014072669702714,0.6579560712389173,0.1847826086956521
146,E01010716,4.0,0.0,3.0,0.0,3.0,1.0,0.0,3.0,0.0,0.0,3.0,5.0,2.0,2.0,2.0,5.0,3.0,1.0,4.0,4.0,2.0,2.0,1.0,0.0,2.0,3.0,1.0,3.0,4.0,0.0,6.0,2.0,3.0,6.0,1.0,1.0,2.0,5.0,1.0,4.0,2.0,3.0,5.0,3.0,0.0,6.0,4.0,2.0,4.0,5.0,6.0,3.0,4.0,2.0,2.0,0.0,0.0,4.0,0.0,3.0,73.2,0.0763819095477387,84.86842105263158,0.1973684210526315,0.4756295337447706,0.6578947368421053,0.5197368421052632,0.0173862929962702,1.7016743884011456,0.3193877551020407
147,E01010717,0.0,1.0,1.0,1.0,1.0,0.0,3.0,0.0,1.0,1.0,0.0,1.0,1.0,1.0,0.0,1.0,0.0,0.0,0.0,2.0,0.0,1.0,0.0,1.0,0.0,0.0,1.0,1.0,0.0,0.0,0.0,0.0,0.0,2.0,0.0,0.0,0.0,1.0,0.0,2.0,0.0,0.0,0.0,1.0,0.0,1.0,1.0,0.0,0.0,1.0,0.0,0.0,0.0,2.0,0.0,2.0,0.0,0.0,1.0,0.0,-45.8,0.0201711491442542,81.81818181818183,0.2121212121212121,0.4203282638642351,0.8181818181818182,0.7878787878787878,0.003971836071493,0.4751736828167275,0.1089743589743589
148,E01010718,2.0,0.0,0.0,1.0,1.0,1.0,0.0,0.0,5.0,5.0,1.0,1.0,4.0,5.0,2.0,4.0,3.0,2.0,3.0,1.0,3.0,1.0,2.0,1.0,3.0,3.0,4.0,3.0,2.0,6.0,6.0,5.0,0.0,0.0,3.0,1.0,2.0,4.0,4.0,1.0,1.0,1.0,3.0,2.0,2.0,1.0,1.0,3.0,2.0,2.0,1.0,4.0,1.0,1.0,1.0,0.0,1.0,2.0,0.0,0.0,45.2,0.0818481848184818,84.67741935483872,0.2258064516129032,0.6114541443604476,0.7580645161290323,0.6370967741935484,-0.0177806773562674,1.8111208552781808,0.3382352941176471
149,E01010719,2.0,0.0,1.0,0.0,0.0,0.0,0.0,0.0,1.0,1.0,1.0,0.0,0.0,0.0,0.0,2.0,0.0,3.0,1.0,1.0,1.0,4.0,7.0,2.0,3.0,2.0,5.0,2.0,3.0,0.0,1.0,2.0,1.0,1.0,1.0,1.0,1.0,1.0,1.0,2.0,1.0,1.0,4.0,5.0,3.0,3.0,0.0,0.0,1.0,0.0,1.0,0.0,1.0,0.0,0.0,1.0,0.0,1.0,0.0,1.0,-1.7999999999999972,0.0413533834586466,88.31168831168831,0.3506493506493506,0.7382971102508128,0.6103896103896104,0.5454545454545454,-0.0080069249080285,0.8908057572371809,0.2571428571428571
150,E01010720,1.0,1.0,0.0,0.0,0.0,0.0,0.0,0.0,1.0,1.0,1.0,0.0,0.0,1.0,1.0,1.0,1.0,0.0,1.0,0.0,0.0,1.0,2.0,0.0,2.0,2.0,1.0,1.0,1.0,2.0,4.0,1.0,0.0,1.0,0.0,0.0,2.0,0.0,0.0,0.0,1.0,0.0,4.0,4.0,1.0,0.0,1.0,1.0,2.0,3.0,0.0,2.0,2.0,0.0,1.0,0.0,0.0,0.0,0.0,1.0,-25.799999999999997,0.0348226018396846,75.47169811320755,0.1132075471698113,0.5949360362549524,0.8867924528301887,0.7358490566037735,0.0191081067275111,0.7590859238704855,0.1666666666666666
151,E01010721,2.0,5.0,0.0,1.0,1.0,1.0,0.0,1.0,3.0,5.0,1.0,1.0,1.0,5.0,3.0,1.0,2.0,1.0,1.0,4.0,1.0,1.0,1.0,1.0,0.0,0.0,1.0,2.0,0.0,1.0,2.0,4.0,3.0,1.0,2.0,0.0,1.0,7.0,1.0,1.0,3.0,3.0,1.0,0.0,2.0,0.0,0.0,0.0,1.0,0.0,2.0,1.0,0.0,1.0,0.0,1.0,0.0,0.0,0.0,3.0,8.200000000000003,0.0452653485952133,87.35632183908046,0.2068965517241379,0.7356405372420673,0.5517241379310345,0.4712643678160919,-0.0056662409107823,1.0378936873229732,0.4956709956709957
152,E01010722,2.0,4.0,2.0,3.0,3.0,1.0,1.0,1.0,1.0,0.0,1.0,0.0,0.0,0.0,0.0,0.0,0.0,0.0,1.0,0.0,0.0,0.0,1.0,0.0,0.0,0.0,1.0,0.0,0.0,0.0,0.0,0.0,0.0,1.0,0.0,0.0,2.0,0.0,0.0,1.0,0.0,0.0,2.0,1.0,0.0,2.0,1.0,2.0,0.0,0.0,1.0,1.0,3.0,0.0,0.0,1.0,2.0,0.0,1.0,2.0,-33.8,0.0274557657107992,91.11111111111111,0.1333333333333333,0.5175299217784275,0.8222222222222222,0.6888888888888889,-0.0075527288032549,0.670030067542271,0.2023809523809523
153,E01010723,0.0,0.0,1.0,0.0,0.0,1.0,0.0,0.0,0.0,0.0,1.0,1.0,0.0,1.0,2.0,1.0,5.0,2.0,1.0,2.0,1.0,1.0,0.0,1.0,2.0,0.0,0.0,2.0,1.0,1.0,1.0,0.0,1.0,0.0,1.0,1.0,1.0,1.0,0.0,1.0,0.0,1.0,1.0,1.0,0.0,1.0,3.0,0.0,3.0,0.0,0.0,4.0,0.0,0.0,2.0,1.0,0.0,1.0,0.0,2.0,-24.799999999999997,0.034134007585335,75.92592592592592,0.2962962962962963,0.6274159654095467,0.8333333333333334,0.7222222222222222,0.008348139632107,0.7492453828201794,0.1685185185185185
154,E01010724,3.0,1.0,1.0,1.0,0.0,1.0,0.0,0.0,1.0,0.0,1.0,1.0,0.0,1.0,2.0,1.0,1.0,0.0,0.0,0.0,3.0,1.0,1.0,1.0,1.0,1.0,1.0,2.0,5.0,3.0,0.0,0.0,0.0,1.0,0.0,3.0,3.0,3.0,3.0,1.0,0.0,1.0,4.0,5.0,1.0,0.0,0.0,0.0,0.0,0.0,1.0,0.0,1.0,1.0,2.0,1.0,1.0,1.0,1.0,2.0,-8.799999999999997,0.0505050505050505,75.71428571428571,0.2,0.6709420729885124,0.7142857142857143,0.6285714285714286,0.0067271718512187,1.114929944377956,0.2288617886178861
155,E01010725,1.0,0.0,0.0,0.0,0.0,0.0,0.0,2.0,0.0,1.0,0.0,1.0,0.0,2.0,1.0,0.0,0.0,0.0,0.0,0.0,0.0,0.0,0.0,0.0,1.0,1.0,1.0,0.0,0.0,3.0,1.0,1.0,2.0,1.0,1.0,0.0,2.0,1.0,1.0,0.0,0.0,0.0,1.0,1.0,0.0,0.0,0.0,0.0,0.0,0.0,1.0,0.0,4.0,0.0,2.0,5.0,0.0,1.0,5.0,1.0,-33.8,0.0293542074363992,77.77777777777779,0.1333333333333333,0.7253646297923866,0.8,0.6888888888888889,0.0278533078892986,0.6558004645783687,0.3530864197530864
156,E01010726,1.0,0.0,0.0,1.0,0.0,1.0,0.0,1.0,1.0,0.0,0.0,0.0,1.0,1.0,1.0,0.0,0.0,0.0,0.0,0.0,0.0,0.0,0.0,0.0,0.0,0.0,0.0,0.0,0.0,0.0,0.0,0.0,1.0,2.0,0.0,0.0,0.0,0.0,0.0,0.0,0.0,0.0,0.0,0.0,0.0,0.0,0.0,0.0,0.0,1.0,1.0,0.0,0.0,0.0,0.0,0.0,0.0,0.0,0.0,0.0,-65.8,0.0091164095371669,92.3076923076923,0.1538461538461538,0.2664693550105965,0.7692307692307693,0.5384615384615384,0.0041499853529928,0.2214301188631322,-0.025
157,E01010727,0.0,0.0,1.0,0.0,1.0,1.0,0.0,1.0,1.0,0.0,1.0,1.0,0.0,1.0,2.0,1.0,1.0,0.0,0.0,0.0,1.0,2.0,1.0,0.0,1.0,0.0,1.0,0.0,1.0,1.0,1.0,1.0,4.0,1.0,1.0,0.0,0.0,1.0,3.0,2.0,0.0,1.0,1.0,1.0,2.0,0.0,1.0,0.0,0.0,1.0,5.0,3.0,1.0,2.0,0.0,0.0,0.0,2.0,2.0,4.0,-18.799999999999997,0.0351493848857645,80.0,0.2,0.647363072292837,0.8833333333333333,0.8,0.0272514719929287,0.7827718994637823,0.2461538461538461
158,E01010728,1.0,0.0,0.0,1.0,0.0,0.0,2.0,1.0,0.0,0.0,0.0,1.0,0.0,0.0,2.0,1.0,0.0,3.0,0.0,0.0,2.0,1.0,1.0,2.0,0.0,0.0,1.0,0.0,0.0,0.0,2.0,1.0,2.0,1.0,1.0,2.0,1.0,0.0,3.0,1.0,2.0,2.0,5.0,5.0,3.0,0.0,0.0,2.0,0.0,2.0,2.0,4.0,1.0,2.0,2.0,1.0,4.0,1.0,1.0,2.0,-4.799999999999997,0.0390707497360084,74.32432432432432,0.2432432432432432,0.5772642517752908,0.7297297297297297,0.5945945945945946,0.0187478982176886,0.8537626099057984,0.2739316239316239
159,E01010729,1.0,1.0,0.0,0.0,1.0,0.0,0.0,0.0,0.0,0.0,0.0,0.0,0.0,1.0,0.0,0.0,1.0,0.0,0.0,1.0,0.0,0.0,0.0,0.0,0.0,0.0,0.0,1.0,0.0,1.0,0.0,0.0,0.0,1.0,0.0,0.0,1.0,0.0,0.0,1.0,0.0,0.0,2.0,5.0,1.0,0.0,1.0,0.0,0.0,0.0,0.0,2.0,0.0,0.0,0.0,1.0,1.0,0.0,0.0,0.0,-54.8,0.0139291932675565,83.33333333333334,0.3333333333333333,0.7276068751089989,0.7916666666666666,0.75,0.0142054385413392,0.3039133122429692,0.0805555555555555
160,E01010730,1.0,0.0,1.0,1.0,2.0,2.0,0.0,4.0,2.0,2.0,5.0,7.0,4.0,4.0,3.0,8.0,5.0,4.0,3.0,4.0,9.0,2.0,4.0,5.0,4.0,1.0,4.0,2.0,7.0,5.0,3.0,5.0,6.0,4.0,2.0,3.0,4.0,3.0,2.0,8.0,4.0,3.0,5.0,3.0,7.0,7.0,7.0,5.0,8.0,9.0,6.0,6.0,5.0,6.0,5.0,4.0,9.0,4.0,7.0,3.0,179.2,0.2018779342723004,89.14728682170544,0.2054263565891473,0.4859515742478525,0.8217054263565892,0.6395348837209303,0.0576276296569684,4.466827514084368,0.2767104542966611
161,E01010731,1.0,1.0,2.0,0.0,1.0,0.0,1.0,0.0,1.0,1.0,1.0,1.0,2.0,0.0,1.0,0.0,6.0,4.0,0.0,1.0,4.0,2.0,3.0,0.0,5.0,2.0,6.0,3.0,0.0,2.0,1.0,0.0,0.0,1.0,2.0,0.0,1.0,0.0,2.0,4.0,2.0,1.0,2.0,0.0,3.0,2.0,0.0,1.0,3.0,6.0,1.0,1.0,3.0,1.0,1.0,3.0,2.0,0.0,7.0,0.0,22.200000000000003,0.0625386996904024,77.22772277227723,0.2376237623762376,0.7129288487007014,0.6633663366336634,0.495049504950495,0.0194568039192973,1.3834927276057625,0.3622655122655123
162,E01010732,3.0,3.0,3.0,3.0,0.0,4.0,0.0,3.0,3.0,1.0,1.0,4.0,2.0,1.0,1.0,3.0,1.0,1.0,0.0,5.0,0.0,4.0,0.0,0.0,1.0,5.0,1.0,3.0,1.0,1.0,1.0,2.0,0.0,0.0,2.0,1.0,1.0,2.0,1.0,2.0,0.0,3.0,3.0,4.0,2.0,7.0,2.0,0.0,3.0,3.0,2.0,4.0,1.0,2.0,0.0,0.0,1.0,1.0,2.0,2.0,33.2,0.069435833849969,77.67857142857143,0.2678571428571428,0.58196964435969,0.75,0.625,-0.0067631543351819,1.5999358475897785,0.332688492063492
163,E01010733,0.0,1.0,0.0,0.0,2.0,3.0,1.0,2.0,1.0,0.0,1.0,0.0,0.0,2.0,7.0,2.0,1.0,6.0,1.0,2.0,1.0,1.0,0.0,0.0,2.0,1.0,4.0,0.0,1.0,1.0,2.0,1.0,2.0,2.0,3.0,1.0,2.0,5.0,3.0,3.0,0.0,1.0,1.0,2.0,2.0,1.0,1.0,1.0,1.0,3.0,3.0,5.0,3.0,4.0,0.0,3.0,1.0,2.0,0.0,1.0,23.200000000000003,0.0611510791366906,88.23529411764706,0.1666666666666666,0.6699225996184158,0.6666666666666666,0.5196078431372549,0.0047987411856115,1.3528943340898796,0.3434523809523809
164,E01010734,1.0,0.0,0.0,0.0,0.0,0.0,0.0,1.0,1.0,0.0,1.0,0.0,0.0,0.0,0.0,3.0,0.0,0.0,1.0,0.0,0.0,0.0,1.0,3.0,0.0,0.0,1.0,0.0,1.0,1.0,0.0,1.0,0.0,0.0,1.0,2.0,0.0,0.0,0.0,0.0,1.0,0.0,3.0,0.0,4.0,0.0,2.0,1.0,0.0,0.0,0.0,1.0,0.0,1.0,2.0,2.0,3.0,0.0,0.0,1.0,-38.8,0.0257731958762886,87.5,0.275,0.5705443307345479,0.75,0.65,0.012983361450167,0.5666088883441727,0.2166666666666666
165,E01010735,0.0,0.0,1.0,0.0,1.0,0.0,0.0,0.0,0.0,0.0,0.0,1.0,0.0,3.0,0.0,0.0,1.0,2.0,2.0,2.0,0.0,0.0,1.0,1.0,1.0,4.0,2.0,2.0,0.0,0.0,4.0,1.0,0.0,0.0,0.0,0.0,0.0,0.0,1.0,4.0,1.0,2.0,1.0,0.0,1.0,0.0,2.0,3.0,0.0,1.0,2.0,1.0,1.0,3.0,4.0,1.0,0.0,1.0,1.0,1.0,-18.799999999999997,0.0319829424307036,85.0,0.1666666666666666,0.5928303395136011,0.8166666666666667,0.7833333333333333,0.001018887874273,0.6917447344518284,0.2818627450980392
166,E01010736,0.0,0.0,0.0,2.0,6.0,1.0,1.0,3.0,6.0,2.0,3.0,1.0,3.0,2.0,1.0,1.0,2.0,5.0,2.0,0.0,3.0,1.0,0.0,2.0,1.0,1.0,2.0,3.0,0.0,1.0,0.0,0.0,1.0,1.0,1.0,0.0,2.0,1.0,2.0,0.0,0.0,2.0,1.0,1.0,4.0,2.0,1.0,0.0,0.0,0.0,0.0,1.0,0.0,1.0,0.0,1.0,0.0,0.0,1.0,1.0,0.20000000000000284,0.0384054448225571,86.07594936708861,0.2531645569620253,0.6903725984042701,0.7974683544303798,0.6075949367088608,-0.0320017903099474,0.9023588302508924,0.2963414634146341
167,E01010737,2.0,3.0,5.0,11.0,10.0,2.0,4.0,1.0,5.0,4.0,4.0,4.0,4.0,4.0,3.0,0.0,2.0,1.0,2.0,1.0,1.0,0.0,0.0,0.0,0.0,0.0,4.0,0.0,1.0,0.0,0.0,1.0,0.0,0.0,0.0,1.0,3.0,0.0,1.0,1.0,1.0,2.0,0.0,0.0,0.0,0.0,2.0,1.0,1.0,2.0,2.0,3.0,0.0,2.0,3.0,1.0,2.0,1.0,3.0,2.0,34.2,0.0672619047619047,81.41592920353983,0.1504424778761062,0.8021739075913152,0.415929203539823,0.2920353982300885,-0.0513250904276696,1.6850624074783267,0.3617243867243867
168,E01010738,3.0,3.0,2.0,1.0,0.0,3.0,2.0,1.0,0.0,2.0,2.0,1.0,4.0,2.0,3.0,5.0,0.0,1.0,5.0,2.0,3.0,3.0,2.0,2.0,3.0,1.0,3.0,5.0,6.0,0.0,1.0,3.0,3.0,3.0,0.0,1.0,2.0,2.0,2.0,0.0,1.0,0.0,3.0,1.0,3.0,1.0,4.0,3.0,1.0,6.0,2.0,5.0,2.0,2.0,1.0,6.0,3.0,1.0,4.0,6.0,63.2,0.0687984496124031,83.80281690140845,0.2183098591549295,0.5563723126701695,0.6901408450704225,0.6197183098591549,0.0136238280361985,1.5456138722626962,0.5430817610062892
169,E01010739,2.0,3.0,1.0,0.0,6.0,9.0,0.0,1.0,0.0,1.0,13.0,3.0,1.0,2.0,1.0,0.0,0.0,0.0,2.0,0.0,0.0,1.0,0.0,1.0,3.0,9.0,12.0,9.0,2.0,0.0,2.0,1.0,1.0,0.0,1.0,0.0,1.0,1.0,1.0,0.0,1.0,4.0,7.0,2.0,2.0,2.0,2.0,1.0,3.0,5.0,4.0,0.0,1.0,1.0,0.0,2.0,1.0,0.0,1.0,1.0,51.2,0.0626506024096385,62.30769230769231,0.2153846153846154,1.0450062104644062,0.5384615384615384,0.3615384615384615,-0.0399311531841652,1.4580789738968445,0.5393897768897769
170,E01010740,0.0,0.0,1.0,1.0,0.0,0.0,0.0,0.0,0.0,0.0,0.0,0.0,1.0,0.0,0.0,0.0,0.0,0.0,1.0,1.0,0.0,0.0,0.0,0.0,0.0,1.0,1.0,2.0,0.0,0.0,1.0,0.0,0.0,0.0,0.0,1.0,0.0,0.0,0.0,1.0,0.0,0.0,1.0,0.0,1.0,1.0,0.0,2.0,0.0,0.0,0.0,0.0,1.0,0.0,2.0,0.0,1.0,0.0,1.0,0.0,-56.8,0.0114583333333333,81.81818181818183,0.2272727272727272,0.3235478258191306,0.7727272727272727,0.6818181818181818,0.0051500310945273,0.2496523416304465,0.0789473684210526
171,E01010741,0.0,0.0,0.0,0.0,1.0,0.0,0.0,0.0,0.0,0.0,1.0,1.0,0.0,1.0,0.0,4.0,1.0,1.0,0.0,1.0,1.0,0.0,0.0,1.0,0.0,0.0,0.0,0.0,0.0,0.0,0.0,0.0,1.0,0.0,3.0,4.0,0.0,2.0,1.0,3.0,2.0,1.0,2.0,3.0,4.0,0.0,1.0,2.0,3.0,1.0,1.0,2.0,1.0,1.0,2.0,0.0,2.0,1.0,1.0,1.0,-20.799999999999997,0.0414285714285714,86.20689655172413,0.2241379310344827,0.5867291299707088,0.8448275862068966,0.7068965517241379,0.0060739828799385,0.8932678970885085,0.2769607843137254
172,E01010742,0.0,0.0,3.0,1.0,1.0,0.0,1.0,0.0,0.0,1.0,1.0,2.0,2.0,1.0,0.0,0.0,1.0,0.0,4.0,0.0,2.0,0.0,1.0,0.0,3.0,0.0,1.0,0.0,1.0,0.0,0.0,1.0,0.0,0.0,1.0,1.0,0.0,5.0,0.0,0.0,1.0,0.0,0.0,3.0,0.0,1.0,0.0,3.0,1.0,3.0,0.0,1.0,2.0,1.0,2.0,0.0,0.0,0.0,2.0,1.0,-23.799999999999997,0.0262404580152671,74.54545454545455,0.1636363636363636,0.6135065573578555,0.6727272727272727,0.5454545454545454,0.0047324705427853,0.594104776413414,0.3135416666666666
173,E01010743,1.0,1.0,0.0,1.0,0.0,3.0,1.0,0.0,0.0,1.0,0.0,1.0,1.0,3.0,2.0,4.0,2.0,0.0,3.0,4.0,2.0,2.0,2.0,0.0,1.0,1.0,4.0,0.0,0.0,5.0,3.0,1.0,3.0,2.0,2.0,0.0,3.0,0.0,3.0,1.0,5.0,3.0,2.0,1.0,0.0,1.0,2.0,1.0,0.0,2.0,0.0,3.0,1.0,1.0,2.0,2.0,1.0,3.0,1.0,0.0,15.200000000000003,0.0561194029850746,79.7872340425532,0.1382978723404255,0.5479451041801051,0.776595744680851,0.5957446808510638,0.0008523974315785,1.228671169821659,0.3137037037037036
174,E01010744,0.0,0.0,0.0,0.0,0.0,0.0,0.0,0.0,0.0,0.0,0.0,0.0,0.0,0.0,0.0,0.0,0.0,0.0,1.0,0.0,0.0,1.0,0.0,0.0,0.0,0.0,0.0,0.0,0.0,0.0,0.0,0.0,1.0,0.0,0.0,1.0,0.0,1.0,0.0,1.0,0.0,1.0,4.0,1.0,1.0,0.0,0.0,1.0,0.0,0.0,1.0,0.0,0.0,0.0,1.0,0.0,0.0,1.0,1.0,0.0,-60.8,0.0097666847531199,66.66666666666666,0.2777777777777778,0.6454972243679029,0.7222222222222222,0.4444444444444444,0.0012562814070351,0.2036008483735581,0.15
175,E01010745,0.0,0.0,0.0,1.0,1.0,1.0,0.0,1.0,0.0,0.0,3.0,3.0,0.0,0.0,0.0,0.0,2.0,0.0,0.0,0.0,0.0,1.0,0.0,2.0,0.0,2.0,0.0,2.0,1.0,1.0,0.0,0.0,1.0,0.0,0.0,2.0,0.0,1.0,0.0,1.0,1.0,0.0,2.0,2.0,0.0,0.0,2.0,0.0,0.0,0.0,0.0,1.0,2.0,3.0,1.0,0.0,0.0,0.0,0.0,1.0,-37.8,0.0216016859852476,73.17073170731707,0.1219512195121951,0.4456411939729267,0.902439024390244,0.7560975609756098,1.0425354462054026e-05,0.4962524993124965,0.141025641025641
176,E01010746,1.0,0.0,0.0,0.0,0.0,1.0,0.0,0.0,0.0,0.0,0.0,1.0,1.0,3.0,2.0,0.0,1.0,0.0,1.0,2.0,2.0,2.0,1.0,5.0,1.0,2.0,2.0,5.0,1.0,2.0,2.0,0.0,1.0,0.0,0.0,4.0,2.0,2.0,7.0,7.0,1.0,2.0,1.0,3.0,1.0,1.0,0.0,1.0,0.0,1.0,1.0,0.0,0.0,1.0,1.0,0.0,1.0,0.0,2.0,0.0,-0.7999999999999972,0.0381978452497551,80.76923076923077,0.2692307692307692,0.7863975156570491,0.7692307692307693,0.6666666666666666,0.0015548999282353,0.8091577122773124,0.3408424908424908
177,E01010747,2.0,0.0,0.0,0.0,0.0,1.0,0.0,0.0,1.0,1.0,1.0,1.0,0.0,0.0,0.0,0.0,0.0,0.0,1.0,0.0,0.0,1.0,0.0,1.0,0.0,0.0,2.0,0.0,0.0,1.0,0.0,3.0,1.0,0.0,0.0,2.0,2.0,4.0,0.0,3.0,1.0,5.0,0.0,5.0,4.0,0.0,1.0,1.0,0.0,1.0,0.0,0.0,0.0,2.0,1.0,1.0,4.0,0.0,2.0,1.0,-21.799999999999997,0.035491905354919,85.96491228070175,0.175438596491228,0.6820431958496995,0.7017543859649122,0.5964912280701754,0.0206715893775744,0.7737764569378697,0.3238888888888889
178,E01010748,0.0,1.0,1.0,0.0,1.0,2.0,0.0,2.0,1.0,2.0,1.0,3.0,1.0,3.0,2.0,1.0,2.0,0.0,2.0,0.0,5.0,3.0,1.0,1.0,2.0,1.0,3.0,3.0,2.0,3.0,3.0,1.0,2.0,0.0,2.0,1.0,1.0,1.0,1.0,4.0,1.0,0.0,2.0,2.0,0.0,1.0,1.0,3.0,4.0,1.0,1.0,1.0,0.0,3.0,0.0,0.0,1.0,0.0,1.0,1.0,9.200000000000003,0.0545905707196029,87.5,0.1818181818181818,0.5550414752180584,0.7954545454545454,0.7045454545454546,-0.0023976455906413,1.220134153201832,0.3104166666666667
179,E01010749,1.0,0.0,0.0,0.0,2.0,0.0,0.0,1.0,0.0,1.0,1.0,2.0,0.0,1.0,1.0,3.0,0.0,0.0,2.0,2.0,2.0,1.0,0.0,0.0,2.0,3.0,0.0,2.0,0.0,2.0,2.0,1.0,2.0,1.0,1.0,0.0,3.0,1.0,1.0,0.0,0.0,1.0,0.0,1.0,1.0,0.0,1.0,0.0,2.0,0.0,0.0,0.0,0.0,0.0,2.0,0.0,3.0,1.0,2.0,1.0,-22.799999999999997,0.0418848167539267,82.14285714285714,0.1607142857142857,0.4340727100925129,0.7857142857142857,0.6964285714285714,0.0012918802151721,0.9343185799382666,0.1904761904761904
180,E01010750,1.0,4.0,0.0,1.0,1.0,2.0,3.0,1.0,0.0,4.0,1.0,0.0,2.0,0.0,0.0,0.0,0.0,1.0,3.0,0.0,1.0,0.0,0.0,0.0,0.0,0.0,1.0,0.0,1.0,1.0,5.0,0.0,1.0,0.0,1.0,2.0,0.0,4.0,2.0,0.0,0.0,1.0,0.0,1.0,3.0,0.0,0.0,1.0,0.0,1.0,0.0,0.0,2.0,0.0,0.0,0.0,0.0,1.0,0.0,0.0,-25.799999999999997,0.0348454963839579,77.35849056603774,0.1509433962264151,0.6551196164400674,0.7924528301886793,0.6981132075471698,-0.0082030894859948,0.8193244360658917,0.432183908045977
181,E01010751,0.0,1.0,0.0,0.0,0.0,1.0,0.0,1.0,3.0,2.0,1.0,0.0,0.0,0.0,1.0,0.0,0.0,1.0,2.0,2.0,2.0,1.0,1.0,3.0,0.0,1.0,0.0,4.0,2.0,0.0,3.0,1.0,0.0,1.0,0.0,0.0,0.0,2.0,1.0,1.0,0.0,1.0,1.0,0.0,2.0,0.0,0.0,0.0,1.0,1.0,1.0,1.0,0.0,1.0,2.0,0.0,0.0,0.0,0.0,0.0,-29.799999999999997,0.035,89.79591836734694,0.1836734693877551,0.5241414324813177,0.8367346938775511,0.7959183673469388,-0.0070738753611225,0.79064489131506,0.21875
182,E01010752,1.0,0.0,1.0,0.0,0.0,0.0,2.0,2.0,0.0,0.0,0.0,0.0,1.0,0.0,1.0,0.0,1.0,0.0,1.0,0.0,2.0,0.0,1.0,1.0,3.0,0.0,4.0,0.0,1.0,1.0,5.0,1.0,0.0,1.0,0.0,2.0,1.0,0.0,0.0,1.0,3.0,2.0,0.0,1.0,3.0,1.0,3.0,3.0,2.0,3.0,1.0,1.0,1.0,1.0,2.0,0.0,3.0,0.0,0.0,3.0,-11.799999999999997,0.0315294117647058,82.08955223880598,0.1641791044776119,0.5797461012736793,0.7761194029850746,0.6716417910447762,0.0146373826483308,0.6877150064056144,0.2779279279279279
183,E01010753,0.0,1.0,0.0,0.0,0.0,0.0,0.0,0.0,0.0,0.0,0.0,0.0,0.0,0.0,0.0,0.0,1.0,0.0,0.0,0.0,0.0,0.0,0.0,0.0,0.0,0.0,0.0,1.0,1.0,1.0,0.0,1.0,0.0,0.0,0.0,0.0,0.0,0.0,0.0,0.0,0.0,0.0,0.0,0.0,0.0,0.0,0.0,0.0,0.0,0.0,0.0,0.0,0.0,0.0,0.0,0.0,0.0,0.0,1.0,0.0,-71.8,0.0053191489361702,100.0,0.1428571428571428,0.0,0.8571428571428571,0.7142857142857143,0.0,0.118107893219499,-0.0952380952380952
184,E01010754,2.0,2.0,1.0,0.0,1.0,1.0,0.0,0.0,2.0,1.0,0.0,2.0,1.0,7.0,2.0,0.0,0.0,0.0,2.0,0.0,1.0,1.0,1.0,0.0,2.0,0.0,0.0,0.0,0.0,1.0,0.0,0.0,0.0,0.0,0.0,0.0,0.0,0.0,1.0,1.0,1.0,0.0,0.0,1.0,2.0,1.0,0.0,1.0,0.0,0.0,0.0,0.0,0.0,0.0,0.0,0.0,1.0,0.0,0.0,1.0,-38.8,0.0256739409499358,77.5,0.175,0.7849840762716145,0.825,0.625,-0.0170118343195266,0.6022121190865446,0.260989010989011
185,E01010755,0.0,2.0,0.0,0.0,0.0,1.0,1.0,0.0,1.0,0.0,0.0,0.0,0.0,1.0,2.0,3.0,0.0,0.0,0.0,0.0,0.0,1.0,0.0,1.0,2.0,0.0,5.0,1.0,1.0,3.0,0.0,0.0,1.0,2.0,1.0,1.0,0.0,0.0,0.0,1.0,0.0,1.0,1.0,0.0,1.0,1.0,1.0,0.0,1.0,1.0,2.0,0.0,0.0,2.0,1.0,1.0,1.0,0.0,2.0,3.0,-28.799999999999997,0.0249252243270189,88.0,0.28,0.5976830263609633,0.82,0.72,-0.0032908997753517,0.5505059829210452,0.1676767676767676
186,E01010756,0.0,1.0,2.0,0.0,0.0,0.0,0.0,1.0,0.0,0.0,0.0,0.0,0.0,4.0,0.0,0.0,0.0,0.0,0.0,0.0,2.0,1.0,1.0,2.0,0.0,0.0,0.0,1.0,2.0,0.0,0.0,0.0,1.0,0.0,0.0,0.0,0.0,0.0,0.0,0.0,0.0,0.0,0.0,1.0,0.0,0.0,1.0,0.0,0.0,0.0,0.0,1.0,0.0,1.0,0.0,2.0,0.0,0.0,2.0,3.0,-49.8,0.0161021654636313,82.75862068965517,0.1379310344827586,0.5274847772682191,0.8620689655172413,0.7241379310344828,2.614584150390783e-05,0.3657117843549391,0.2129629629629629
187,E01010758,0.0,0.0,0.0,0.0,0.0,0.0,0.0,0.0,0.0,0.0,0.0,0.0,1.0,0.0,2.0,0.0,0.0,0.0,0.0,0.0,0.0,0.0,0.0,0.0,0.0,0.0,0.0,0.0,1.0,0.0,0.0,0.0,0.0,1.0,0.0,0.0,1.0,0.0,0.0,1.0,0.0,0.0,1.0,0.0,0.0,1.0,0.0,0.0,0.0,0.0,0.0,0.0,0.0,0.0,0.0,0.0,0.0,1.0,1.0,0.0,-67.8,0.008507347254447,72.72727272727273,0.4545454545454545,0.2874797872880344,0.6363636363636364,0.6363636363636364,-0.0102639296187683,0.1793013207120374,0.0
188,E01010759,0.0,3.0,0.0,2.0,0.0,0.0,4.0,0.0,0.0,0.0,1.0,0.0,0.0,0.0,1.0,0.0,1.0,0.0,1.0,0.0,1.0,0.0,0.0,0.0,0.0,0.0,0.0,0.0,1.0,1.0,0.0,0.0,0.0,1.0,1.0,0.0,2.0,4.0,1.0,0.0,0.0,0.0,0.0,0.0,0.0,1.0,0.0,3.0,3.0,0.0,0.0,1.0,1.0,1.0,0.0,0.0,0.0,0.0,0.0,2.0,-41.8,0.0237636480411046,91.8918918918919,0.2432432432432432,0.6191827260608238,0.8108108108108109,0.7027027027027027,-0.006617360840794,0.5505131195981517,0.2121212121212121
189,E01010760,0.0,0.0,0.0,1.0,1.0,0.0,0.0,0.0,0.0,0.0,0.0,0.0,0.0,0.0,1.0,1.0,1.0,0.0,0.0,0.0,0.0,1.0,2.0,0.0,0.0,0.0,0.0,0.0,1.0,0.0,0.0,1.0,1.0,0.0,0.0,0.0,0.0,0.0,0.0,1.0,0.0,2.0,0.0,0.0,1.0,1.0,0.0,0.0,0.0,0.0,1.0,1.0,2.0,1.0,1.0,0.0,0.0,0.0,0.0,0.0,-56.8,0.0114702815432742,90.9090909090909,0.1818181818181818,0.3235478258191306,0.7272727272727273,0.5909090909090909,0.0034529685373631,0.2532000157992028,0.0789473684210526
190,E01010761,0.0,1.0,0.0,1.0,2.0,0.0,0.0,0.0,0.0,0.0,0.0,0.0,0.0,0.0,0.0,2.0,0.0,1.0,1.0,0.0,0.0,4.0,0.0,1.0,0.0,2.0,1.0,0.0,0.0,1.0,1.0,2.0,2.0,1.0,3.0,2.0,0.0,1.0,1.0,1.0,4.0,0.0,0.0,3.0,0.0,1.0,3.0,0.0,1.0,3.0,2.0,2.0,0.0,2.0,3.0,2.0,3.0,2.0,0.0,1.0,-15.799999999999997,0.0367561260210035,87.3015873015873,0.1904761904761904,0.499463358304734,0.7777777777777778,0.6190476190476191,0.0157024764910805,0.8019537489360361,0.2647058823529412
191,E01010762,0.0,0.0,1.0,1.0,2.0,0.0,0.0,2.0,1.0,0.0,0.0,0.0,0.0,3.0,0.0,1.0,2.0,0.0,3.0,2.0,0.0,0.0,1.0,4.0,1.0,1.0,0.0,0.0,2.0,0.0,2.0,1.0,1.0,0.0,0.0,1.0,0.0,1.0,0.0,0.0,0.0,2.0,3.0,3.0,1.0,0.0,0.0,2.0,0.0,1.0,0.0,0.0,1.0,1.0,2.0,0.0,2.0,0.0,0.0,2.0,-25.799999999999997,0.0337150127226463,62.264150943396224,0.2452830188679245,0.4821730014944012,0.8301886792452831,0.7547169811320755,6.583374784211525e-05,0.7496700634680915,0.1908602150537634
192,E01010763,0.0,0.0,0.0,1.0,0.0,0.0,0.0,3.0,0.0,0.0,0.0,0.0,0.0,3.0,0.0,0.0,1.0,2.0,1.0,1.0,2.0,1.0,1.0,0.0,1.0,0.0,1.0,2.0,0.0,0.0,0.0,1.0,3.0,0.0,1.0,1.0,2.0,1.0,1.0,0.0,0.0,0.0,0.0,0.0,2.0,0.0,2.0,0.0,0.0,0.0,2.0,0.0,2.0,0.0,0.0,0.0,0.0,0.0,0.0,2.0,-38.8,0.0242865816636308,67.5,0.225,0.4419417382415921,0.775,0.7,0.0038892474719891,0.5330719338037551,0.2333333333333333
193,E01010764,0.0,0.0,0.0,0.0,0.0,0.0,0.0,0.0,0.0,0.0,0.0,0.0,0.0,0.0,0.0,0.0,0.0,0.0,0.0,0.0,0.0,0.0,0.0,0.0,0.0,0.0,0.0,0.0,0.0,0.0,0.0,0.0,0.0,0.0,1.0,0.0,1.0,0.0,0.0,0.0,1.0,0.0,0.0,0.0,0.0,1.0,0.0,0.0,0.0,0.0,0.0,1.0,1.0,0.0,0.0,0.0,0.0,0.0,1.0,1.0,-70.8,0.0049382716049382,62.5,0.375,0.0,0.625,0.5,0.0,0.1055642783413852,-0.0625
194,E01010765,1.0,0.0,2.0,0.0,1.0,2.0,0.0,0.0,0.0,0.0,0.0,0.0,1.0,0.0,1.0,1.0,0.0,1.0,1.0,1.0,1.0,1.0,0.0,0.0,1.0,1.0,0.0,1.0,3.0,1.0,0.0,0.0,0.0,0.0,1.0,1.0,0.0,1.0,0.0,2.0,2.0,2.0,0.0,1.0,0.0,2.0,2.0,0.0,3.0,2.0,0.0,2.0,3.0,0.0,3.0,2.0,1.0,1.0,1.0,0.0,-25.799999999999997,0.023225241016652,88.67924528301887,0.1886792452830188,0.4634122416404852,0.9433962264150944,0.8113207547169812,0.0155076093238297,0.5165376747870837,0.1333333333333333
195,E01010766,0.0,0.0,1.0,0.0,0.0,0.0,0.0,0.0,0.0,0.0,0.0,0.0,0.0,1.0,0.0,0.0,0.0,0.0,1.0,0.0,0.0,0.0,1.0,1.0,0.0,0.0,0.0,1.0,0.0,0.0,0.0,0.0,0.0,1.0,0.0,1.0,0.0,0.0,0.0,0.0,0.0,0.0,0.0,1.0,0.0,1.0,0.0,0.0,0.0,0.0,1.0,0.0,1.0,1.0,0.0,0.0,0.0,0.0,0.0,0.0,-65.8,0.0106907894736842,92.3076923076923,0.3846153846153846,0.0,0.8461538461538461,0.8461538461538461,0.0,0.2347964078504789,0.0
196,E01010767,1.0,0.0,0.0,0.0,1.0,1.0,3.0,0.0,0.0,0.0,0.0,0.0,0.0,0.0,0.0,0.0,0.0,0.0,0.0,1.0,2.0,0.0,1.0,1.0,1.0,1.0,1.0,3.0,0.0,0.0,1.0,1.0,0.0,1.0,0.0,0.0,3.0,0.0,1.0,0.0,0.0,1.0,0.0,0.0,2.0,1.0,0.0,1.0,1.0,1.0,0.0,1.0,0.0,0.0,0.0,0.0,1.0,1.0,0.0,0.0,-44.8,0.0235457063711911,85.29411764705883,0.2352941176470588,0.5195153450781087,0.8235294117647058,0.7058823529411765,-0.0069730402803115,0.5258960013586905,0.1923076923076923
197,E01010768,0.0,0.0,0.0,0.0,0.0,0.0,1.0,0.0,1.0,0.0,0.0,0.0,0.0,0.0,0.0,0.0,1.0,0.0,1.0,0.0,0.0,0.0,0.0,0.0,1.0,4.0,0.0,0.0,0.0,0.0,1.0,2.0,0.0,0.0,0.0,0.0,1.0,0.0,0.0,0.0,0.0,0.0,0.0,1.0,0.0,0.0,0.0,0.0,0.0,0.0,0.0,0.0,0.0,0.0,0.0,2.0,1.0,1.0,0.0,0.0,-60.8,0.011070110701107,72.22222222222221,0.3333333333333333,0.6281300224498751,1.0,0.8333333333333334,0.0014215235387574,0.2435886078781765,0.25
198,E01010769,0.0,0.0,0.0,0.0,0.0,0.0,1.0,1.0,1.0,0.0,0.0,0.0,0.0,0.0,0.0,0.0,0.0,1.0,0.0,0.0,0.0,1.0,1.0,0.0,0.0,0.0,1.0,1.0,0.0,1.0,1.0,0.0,0.0,2.0,1.0,0.0,1.0,0.0,1.0,0.0,0.0,0.0,0.0,0.0,0.0,0.0,1.0,0.0,0.0,0.0,0.0,0.0,0.0,0.0,0.0,0.0,0.0,0.0,0.0,0.0,-62.8,0.0102105934907466,87.5,0.3125,0.2420614591379635,0.75,0.6875,0.0038655462184873,0.2268973491288315,0.0333333333333333
199,E01010770,0.0,0.0,0.0,0.0,0.0,0.0,0.0,0.0,0.0,0.0,0.0,0.0,0.0,0.0,0.0,1.0,0.0,0.0,1.0,0.0,1.0,0.0,3.0,3.0,0.0,0.0,0.0,0.0,0.0,1.0,0.0,0.0,1.0,2.0,0.0,1.0,0.0,0.0,0.0,0.0,0.0,0.0,0.0,0.0,0.0,0.0,1.0,0.0,0.0,0.0,0.0,0.0,1.0,0.0,0.0,0.0,1.0,1.0,0.0,0.0,-60.8,0.0101809954751131,94.44444444444444,0.1111111111111111,0.5546288567359977,0.7222222222222222,0.6666666666666666,-0.0175610625779996,0.2189473757240831,0.141025641025641
200,E01010771,0.0,0.0,0.0,0.0,0.0,0.0,0.0,1.0,0.0,1.0,0.0,0.0,0.0,0.0,0.0,0.0,0.0,0.0,0.0,0.0,0.0,0.0,0.0,0.0,0.0,1.0,0.0,1.0,0.0,0.0,0.0,0.0,0.0,1.0,1.0,1.0,0.0,0.0,0.0,0.0,0.0,0.0,0.0,0.0,0.0,0.0,0.0,0.0,0.0,0.0,0.0,0.0,0.0,0.0,0.0,0.0,0.0,0.0,0.0,0.0,-71.8,0.005718954248366,100.0,0.1428571428571428,0.0,1.0,0.8571428571428571,0.0,0.1309298331290102,0.0
201,E01010772,0.0,0.0,0.0,0.0,0.0,0.0,0.0,0.0,0.0,0.0,0.0,0.0,0.0,0.0,0.0,0.0,0.0,0.0,0.0,0.0,0.0,0.0,0.0,0.0,0.0,1.0,0.0,0.0,0.0,3.0,0.0,0.0,0.0,0.0,0.0,0.0,0.0,1.0,0.0,0.0,0.0,0.0,0.0,0.0,0.0,0.0,0.0,1.0,0.0,0.0,2.0,0.0,0.0,0.0,0.0,0.0,0.0,0.0,0.0,1.0,-69.8,0.0070921985815602,100.0,0.0,0.5577733510227171,0.7777777777777778,0.6666666666666666,-0.0180898657848667,0.14985011167261,0.3888888888888888
202,E01010773,1.0,0.0,0.0,0.0,0.0,0.0,0.0,0.0,0.0,0.0,1.0,0.0,0.0,0.0,1.0,0.0,0.0,1.0,0.0,0.0,0.0,0.0,0.0,0.0,0.0,0.0,0.0,0.0,2.0,1.0,0.0,0.0,0.0,0.0,0.0,0.0,0.0,0.0,0.0,0.0,0.0,0.0,0.0,0.0,0.0,0.0,0.0,0.0,0.0,0.0,0.0,1.0,0.0,0.0,0.0,0.0,0.0,0.0,0.0,0.0,-70.8,0.0051216389244558,87.5,0.0,0.3307189138830738,0.875,0.75,0.0040955036598117,0.11864973166123,0.0
203,E01010774,0.0,0.0,1.0,0.0,1.0,0.0,0.0,0.0,0.0,0.0,1.0,2.0,1.0,0.0,0.0,1.0,0.0,0.0,0.0,0.0,0.0,1.0,0.0,0.0,1.0,1.0,0.0,1.0,0.0,0.0,0.0,0.0,0.0,1.0,2.0,0.0,0.0,0.0,1.0,0.0,0.0,2.0,0.0,0.0,0.0,0.0,0.0,0.0,0.0,0.0,1.0,1.0,1.0,3.0,1.0,0.0,1.0,0.0,0.0,2.0,-51.8,0.0169172932330827,88.88888888888889,0.1851851851851851,0.4360314860077462,0.7037037037037037,0.7037037037037037,0.0084358021160995,0.3874502428833485,0.1349206349206349
204,E01010775,1.0,0.0,0.0,1.0,0.0,0.0,0.0,0.0,2.0,0.0,0.0,0.0,0.0,2.0,0.0,0.0,1.0,0.0,0.0,0.0,0.0,0.0,0.0,0.0,1.0,0.0,0.0,0.0,0.0,2.0,0.0,0.0,0.0,0.0,0.0,0.0,0.0,0.0,0.0,0.0,1.0,1.0,0.0,0.0,0.0,1.0,1.0,0.0,0.0,0.0,0.0,1.0,0.0,0.0,0.0,0.0,1.0,0.0,0.0,1.0,-61.8,0.0095613048368953,94.11764705882352,0.1176470588235294,0.3506714347510871,0.7647058823529411,0.6470588235294118,-0.0080125390155251,0.2191790098334759,0.0714285714285714
205,E01010776,1.0,0.0,0.0,0.0,2.0,1.0,2.0,0.0,1.0,0.0,0.0,3.0,0.0,4.0,2.0,2.0,0.0,2.0,0.0,1.0,4.0,0.0,1.0,0.0,0.0,2.0,0.0,1.0,2.0,2.0,1.0,0.0,0.0,1.0,0.0,0.0,0.0,0.0,1.0,1.0,1.0,0.0,0.0,1.0,0.0,2.0,0.0,0.0,2.0,0.0,4.0,0.0,0.0,5.0,1.0,1.0,0.0,0.0,0.0,0.0,-24.799999999999997,0.0335820895522388,72.22222222222221,0.1851851851851851,0.6042585174154326,0.7222222222222222,0.7222222222222222,0.0041307646573373,0.7679794335020906,0.328735632183908
206,E01010777,5.0,5.0,6.0,1.0,3.0,5.0,2.0,4.0,3.0,0.0,0.0,1.0,3.0,9.0,5.0,5.0,5.0,3.0,3.0,3.0,17.0,8.0,2.0,7.0,20.0,10.0,13.0,2.0,5.0,10.0,8.0,7.0,10.0,4.0,6.0,10.0,5.0,11.0,16.0,10.0,3.0,10.0,16.0,6.0,4.0,2.0,4.0,3.0,7.0,2.0,14.0,3.0,3.0,0.0,2.0,7.0,5.0,0.0,6.0,5.0,275.2,0.2404891304347826,80.22598870056498,0.2655367231638418,0.6839828886272387,0.7542372881355932,0.6468926553672316,0.0328343610700453,5.239657873046503,0.5017083902325499
207,E01010778,0.0,0.0,3.0,0.0,1.0,1.0,2.0,1.0,0.0,0.0,0.0,2.0,0.0,1.0,1.0,0.0,1.0,0.0,0.0,0.0,0.0,1.0,0.0,3.0,1.0,0.0,0.0,4.0,2.0,1.0,0.0,1.0,2.0,0.0,1.0,0.0,0.0,1.0,0.0,2.0,2.0,0.0,0.0,0.0,2.0,1.0,1.0,2.0,0.0,1.0,0.0,0.0,3.0,0.0,1.0,0.0,1.0,1.0,1.0,2.0,-28.799999999999997,0.0245098039215686,82.0,0.18,0.5124514139046775,0.76,0.72,-0.0026958196161252,0.5551421836189605,0.1999999999999999
208,E01010779,0.0,2.0,2.0,0.0,1.0,0.0,1.0,1.0,0.0,2.0,0.0,2.0,1.0,0.0,1.0,1.0,0.0,1.0,1.0,2.0,0.0,2.0,2.0,0.0,4.0,1.0,1.0,2.0,1.0,3.0,4.0,2.0,1.0,2.0,1.0,0.0,0.0,3.0,0.0,3.0,3.0,0.0,2.0,1.0,1.0,0.0,0.0,1.0,0.0,0.0,1.0,2.0,0.0,0.0,0.0,0.0,0.0,1.0,1.0,0.0,-15.799999999999997,0.0391547545059042,88.88888888888889,0.2063492063492063,0.515445488289826,0.7142857142857143,0.5396825396825397,0.0016805431810501,0.8708745743807808,0.2094594594594594
209,E01010781,0.0,0.0,0.0,0.0,0.0,0.0,0.0,1.0,0.0,1.0,1.0,1.0,0.0,0.0,0.0,0.0,0.0,1.0,0.0,0.0,0.0,0.0,0.0,0.0,1.0,0.0,0.0,0.0,0.0,0.0,1.0,0.0,0.0,1.0,2.0,0.0,1.0,1.0,1.0,0.0,0.0,3.0,3.0,0.0,0.0,0.0,5.0,1.0,0.0,2.0,2.0,1.0,0.0,0.0,0.0,0.0,0.0,5.0,3.0,2.0,-38.8,0.0271186440677966,75.0,0.3,0.6923046397979103,0.875,0.775,0.0422130241081866,0.5956099811257601,0.2106060606060605
210,E01010782,1.0,2.0,6.0,1.0,5.0,1.0,3.0,2.0,6.0,1.0,3.0,5.0,6.0,5.0,7.0,1.0,0.0,1.0,6.0,3.0,6.0,8.0,4.0,7.0,11.0,11.0,4.0,4.0,4.0,10.0,9.0,8.0,9.0,12.0,14.0,15.0,6.0,17.0,9.0,17.0,14.0,8.0,11.0,6.0,6.0,10.0,9.0,2.0,11.0,9.0,13.0,5.0,3.0,4.0,6.0,4.0,1.0,4.0,4.0,8.0,309.2,0.1743820224719101,89.43298969072166,0.2396907216494845,0.6334218875925219,0.7783505154639175,0.6701030927835051,0.081990349933858,3.785534436501995,0.3526255703972553
211,E01010783,0.0,1.0,0.0,0.0,0.0,0.0,0.0,0.0,0.0,3.0,0.0,0.0,0.0,1.0,0.0,0.0,0.0,0.0,0.0,3.0,0.0,0.0,1.0,1.0,0.0,0.0,1.0,4.0,2.0,1.0,0.0,1.0,1.0,0.0,0.0,0.0,1.0,0.0,1.0,1.0,0.0,1.0,1.0,3.0,1.0,4.0,0.0,1.0,0.0,0.0,1.0,0.0,2.0,2.0,0.0,2.0,0.0,0.0,0.0,0.0,-37.8,0.0260814249363867,87.8048780487805,0.2682926829268293,0.6066996567723292,0.5609756097560976,0.3658536585365853,0.0010739363899215,0.5659515974560636,0.37
212,E01010784,2.0,5.0,2.0,3.0,2.0,1.0,1.0,0.0,1.0,1.0,2.0,0.0,3.0,0.0,7.0,2.0,0.0,0.0,0.0,1.0,0.0,3.0,0.0,2.0,2.0,1.0,1.0,3.0,1.0,3.0,0.0,3.0,2.0,0.0,3.0,1.0,0.0,0.0,0.0,1.0,5.0,6.0,0.0,4.0,1.0,1.0,3.0,2.0,1.0,1.0,4.0,2.0,3.0,1.0,1.0,2.0,3.0,1.0,1.0,3.0,25.200000000000003,0.0658644711842938,77.88461538461539,0.2211538461538461,0.635411311291171,0.7403846153846154,0.5480769230769231,-0.0043060989769919,1.493181247690514,0.3725155279503105
213,E01010785,1.0,1.0,0.0,1.0,0.0,3.0,0.0,3.0,1.0,2.0,0.0,1.0,0.0,0.0,1.0,3.0,4.0,1.0,0.0,2.0,1.0,0.0,2.0,0.0,1.0,2.0,3.0,3.0,1.0,1.0,0.0,2.0,0.0,3.0,1.0,0.0,3.0,2.0,3.0,2.0,3.0,2.0,2.0,1.0,1.0,5.0,2.0,1.0,0.0,2.0,0.0,0.0,4.0,0.0,2.0,0.0,0.0,1.0,1.0,0.0,2.200000000000003,0.0516252390057361,83.9506172839506,0.1975308641975308,0.5246623085640322,0.8148148148148148,0.6296296296296297,0.008257623378209,1.1434955861914629,0.2353658536585365
214,E01010786,0.0,0.0,0.0,0.0,0.0,0.0,0.0,0.0,0.0,0.0,0.0,0.0,0.0,1.0,0.0,0.0,1.0,0.0,0.0,0.0,0.0,0.0,0.0,1.0,0.0,0.0,0.0,0.0,1.0,0.0,0.0,1.0,1.0,1.0,0.0,0.0,0.0,1.0,0.0,0.0,0.0,0.0,0.0,0.0,0.0,0.0,0.0,3.0,2.0,0.0,0.0,0.0,0.0,1.0,0.0,0.0,1.0,0.0,0.0,1.0,-62.8,0.0100819155639571,75.0,0.0,0.4868050602311634,0.8125,0.75,0.0119483192316487,0.2147615879170732,0.1025641025641025
215,E01010787,0.0,2.0,2.0,2.0,0.0,0.0,1.0,2.0,0.0,0.0,0.0,1.0,1.0,1.0,1.0,0.0,1.0,0.0,4.0,0.0,1.0,0.0,0.0,1.0,1.0,0.0,0.0,1.0,0.0,1.0,1.0,3.0,1.0,3.0,1.0,2.0,1.0,1.0,1.0,2.0,2.0,1.0,5.0,1.0,1.0,1.0,1.0,2.0,1.0,2.0,1.0,1.0,0.0,0.0,0.0,0.0,2.0,1.0,0.0,0.0,-17.799999999999997,0.0390524967989756,80.32786885245902,0.2622950819672131,0.5937493256437981,0.8852459016393442,0.7704918032786885,-0.0016889337030501,0.8667735378271126,0.3029166666666666
216,E01010788,0.0,1.0,1.0,0.0,0.0,0.0,1.0,2.0,2.0,1.0,0.0,2.0,1.0,3.0,2.0,7.0,1.0,2.0,1.0,1.0,1.0,2.0,2.0,0.0,0.0,0.0,1.0,1.0,5.0,0.0,2.0,1.0,1.0,0.0,1.0,0.0,0.0,0.0,4.0,0.0,0.0,3.0,0.0,4.0,3.0,5.0,0.0,2.0,0.0,2.0,0.0,0.0,0.0,1.0,1.0,1.0,1.0,0.0,1.0,1.0,-4.799999999999997,0.0530846484935437,90.54054054054052,0.2432432432432432,0.7257010781063866,0.7432432432432432,0.6756756756756757,0.0020084168827061,1.1738569917210624,0.2967418546365915
217,E01010789,0.0,0.0,0.0,3.0,1.0,4.0,0.0,1.0,1.0,0.0,1.0,2.0,1.0,2.0,2.0,2.0,0.0,1.0,2.0,2.0,1.0,0.0,2.0,2.0,0.0,0.0,2.0,1.0,5.0,3.0,3.0,0.0,1.0,1.0,2.0,2.0,1.0,1.0,3.0,1.0,1.0,0.0,0.0,1.0,0.0,0.0,0.0,1.0,0.0,1.0,3.0,2.0,1.0,0.0,2.0,0.0,1.0,5.0,3.0,0.0,-1.7999999999999972,0.0419847328244274,89.6103896103896,0.2207792207792207,0.5734247894934432,0.8441558441558441,0.7532467532467533,0.0046627278531667,0.9499441477937332,0.3402439024390243
218,E01010790,0.0,0.0,0.0,0.0,0.0,0.0,0.0,0.0,0.0,1.0,0.0,0.0,0.0,0.0,0.0,0.0,0.0,1.0,0.0,1.0,0.0,0.0,0.0,0.0,1.0,1.0,0.0,0.0,0.0,2.0,0.0,0.0,0.0,0.0,1.0,0.0,0.0,0.0,2.0,0.0,0.0,1.0,0.0,0.0,0.0,1.0,0.0,0.0,0.0,1.0,0.0,4.0,0.0,0.0,1.0,0.0,0.0,0.0,0.0,0.0,-60.8,0.0112429731417863,94.44444444444444,0.0555555555555555,0.6281300224498751,0.7777777777777778,0.6111111111111112,0.0215843206453239,0.2441404859899364,0.25
219,E01010791,4.0,8.0,1.0,0.0,3.0,2.0,0.0,2.0,3.0,0.0,1.0,1.0,1.0,11.0,6.0,1.0,0.0,8.0,1.0,2.0,2.0,7.0,2.0,0.0,3.0,1.0,6.0,1.0,2.0,2.0,0.0,0.0,2.0,0.0,0.0,0.0,1.0,0.0,0.0,2.0,0.0,0.0,0.0,3.0,0.0,0.0,1.0,3.0,3.0,4.0,1.0,3.0,1.0,2.0,1.0,0.0,1.0,2.0,1.0,1.0,34.2,0.0616812227074235,82.30088495575221,0.2654867256637168,0.8628824969782362,0.6106194690265486,0.5663716814159292,-0.0383942882121521,1.4264680869045931,0.7420119562976706
220,E01010792,2.0,2.0,0.0,2.0,1.0,4.0,0.0,2.0,5.0,3.0,2.0,4.0,2.0,4.0,1.0,0.0,1.0,7.0,3.0,6.0,5.0,4.0,3.0,7.0,7.0,9.0,10.0,3.0,7.0,7.0,5.0,7.0,7.0,19.0,11.0,7.0,7.0,1.0,4.0,1.0,3.0,2.0,3.0,2.0,0.0,2.0,3.0,0.0,2.0,1.0,0.0,1.0,0.0,2.0,1.0,1.0,1.0,1.0,2.0,1.0,131.2,0.1055806938159879,82.85714285714286,0.3476190476190476,0.8471800937731833,0.5761904761904761,0.5047619047619047,-0.0256366484575835,2.314700998334842,0.3934455206054014
221,E01010793,2.0,1.0,2.0,0.0,1.0,2.0,0.0,2.0,1.0,1.0,1.0,1.0,2.0,2.0,1.0,2.0,8.0,4.0,13.0,7.0,7.0,4.0,2.0,4.0,2.0,4.0,1.0,4.0,4.0,2.0,0.0,2.0,2.0,2.0,2.0,0.0,0.0,2.0,2.0,2.0,0.0,2.0,2.0,1.0,0.0,3.0,1.0,6.0,1.0,2.0,2.0,0.0,1.0,0.0,0.0,0.0,0.0,2.0,0.0,0.0,45.2,0.0672086720867208,83.87096774193549,0.2580645161290322,0.8526685105327877,0.75,0.6612903225806451,-0.0086398168546989,1.4843334985901524,0.3476270106704889
222,E01010794,0.0,0.0,0.0,0.0,0.0,0.0,0.0,0.0,1.0,2.0,0.0,2.0,1.0,2.0,1.0,0.0,0.0,1.0,0.0,0.0,2.0,0.0,0.0,0.0,0.0,1.0,0.0,0.0,2.0,1.0,1.0,0.0,1.0,2.0,0.0,0.0,0.0,1.0,1.0,1.0,2.0,1.0,0.0,1.0,0.0,1.0,1.0,4.0,1.0,4.0,2.0,0.0,0.0,0.0,4.0,0.0,0.0,0.0,0.0,2.0,-32.8,0.0231971759959657,76.08695652173914,0.1956521739130435,0.5789850537808168,0.7391304347826086,0.6304347826086957,0.0202086316220085,0.5116663510901878,0.3125
223,E01010795,3.0,1.0,2.0,0.0,0.0,1.0,1.0,1.0,0.0,1.0,3.0,0.0,2.0,4.0,4.0,2.0,3.0,1.0,2.0,2.0,1.0,0.0,1.0,2.0,0.0,1.0,0.0,0.0,1.0,2.0,1.0,0.0,0.0,0.0,0.0,0.0,0.0,1.0,1.0,1.0,1.0,1.0,1.0,1.0,0.0,0.0,1.0,0.0,0.0,0.0,0.0,1.0,1.0,0.0,1.0,1.0,0.0,0.0,0.0,0.0,-24.799999999999997,0.0278494069107787,85.18518518518519,0.1666666666666666,0.574214614886284,0.8888888888888888,0.7777777777777778,-0.0242217285673196,0.6444830984166835,0.0976190476190476
224,E01010796,0.0,0.0,1.0,1.0,1.0,0.0,0.0,0.0,0.0,0.0,0.0,0.0,0.0,0.0,0.0,0.0,0.0,0.0,0.0,0.0,0.0,0.0,0.0,1.0,1.0,0.0,0.0,1.0,2.0,1.0,1.0,1.0,1.0,3.0,0.0,0.0,0.0,0.0,0.0,1.0,0.0,1.0,0.0,0.0,0.0,0.0,1.0,0.0,0.0,0.0,0.0,2.0,0.0,0.0,1.0,0.0,1.0,0.0,2.0,0.0,-54.8,0.0141843971631205,79.16666666666666,0.125,0.4448782605013046,0.6666666666666666,0.6666666666666666,0.008198564740038,0.3131759532320139,0.1228070175438596
225,E01010797,1.0,0.0,0.0,0.0,0.0,0.0,0.0,0.0,0.0,0.0,0.0,0.0,2.0,0.0,0.0,0.0,0.0,0.0,0.0,0.0,0.0,0.0,0.0,0.0,0.0,0.0,2.0,0.0,0.0,0.0,0.0,1.0,0.0,0.0,0.0,0.0,0.0,0.0,0.0,1.0,1.0,0.0,0.0,0.0,0.0,1.0,0.0,0.0,0.0,0.0,0.0,0.0,0.0,0.0,0.0,0.0,0.0,1.0,0.0,0.0,-68.8,0.007072135785007,90.0,0.2,0.3703280399090206,0.8,0.7,-0.0103659826528453,0.1532279067269011,0.0625
226,E01010798,0.0,1.0,0.0,0.0,1.0,1.0,2.0,0.0,1.0,1.0,2.0,0.0,0.0,0.0,0.0,0.0,0.0,1.0,1.0,0.0,2.0,0.0,0.0,2.0,0.0,0.0,1.0,0.0,1.0,0.0,0.0,0.0,0.0,0.0,0.0,3.0,0.0,0.0,0.0,0.0,2.0,0.0,1.0,0.0,0.0,0.0,0.0,0.0,0.0,0.0,0.0,3.0,1.0,1.0,0.0,0.0,1.0,2.0,0.0,0.0,-47.8,0.0206254158349966,70.96774193548387,0.2580645161290322,0.4603984158886274,0.7419354838709677,0.6774193548387096,0.0081948291782086,0.4874890046287485,0.1746031746031746
227,E01010799,0.0,0.0,0.0,0.0,1.0,0.0,0.0,0.0,0.0,1.0,0.0,1.0,1.0,0.0,0.0,0.0,1.0,2.0,2.0,0.0,0.0,1.0,0.0,0.0,0.0,1.0,1.0,0.0,1.0,2.0,1.0,1.0,0.0,2.0,0.0,2.0,0.0,2.0,0.0,0.0,1.0,0.0,2.0,0.0,0.0,1.0,1.0,0.0,0.0,0.0,0.0,0.0,1.0,1.0,0.0,1.0,0.0,0.0,1.0,2.0,-44.8,0.0212765957446808,85.29411764705883,0.2058823529411764,0.3599307891947848,0.7352941176470589,0.6764705882352942,0.0021854511395566,0.4635789173638195,0.0961538461538461
228,E01010800,0.0,0.0,1.0,2.0,5.0,1.0,2.0,0.0,5.0,8.0,1.0,4.0,1.0,8.0,16.0,4.0,4.0,3.0,6.0,3.0,5.0,2.0,2.0,2.0,8.0,6.0,9.0,5.0,1.0,3.0,4.0,4.0,3.0,0.0,6.0,0.0,3.0,7.0,5.0,4.0,0.0,3.0,1.0,4.0,5.0,6.0,1.0,2.0,3.0,3.0,1.0,2.0,1.0,1.0,2.0,4.0,3.0,5.0,1.0,2.0,124.2,0.110747408619749,68.4729064039409,0.2463054187192118,0.7214727001237218,0.6009852216748769,0.4482758620689655,-0.0346377238678276,2.463062048942118,0.5258303938859494
229,E01010801,0.0,0.0,0.0,0.0,0.0,0.0,0.0,2.0,0.0,0.0,1.0,0.0,1.0,2.0,0.0,1.0,0.0,0.0,3.0,2.0,0.0,0.0,1.0,2.0,0.0,0.0,0.0,0.0,0.0,2.0,1.0,1.0,3.0,2.0,1.0,0.0,1.0,4.0,0.0,1.0,0.0,0.0,1.0,1.0,1.0,0.0,0.0,2.0,1.0,0.0,0.0,3.0,0.0,0.0,4.0,0.0,0.0,1.0,2.0,0.0,-31.799999999999997,0.0232098765432098,82.97872340425532,0.1489361702127659,0.5424809810423141,0.8085106382978723,0.723404255319149,0.00849311213722,0.5048583845248861,0.324074074074074
230,E01010802,0.0,4.0,0.0,1.0,1.0,1.0,3.0,2.0,4.0,2.0,0.0,1.0,0.0,0.0,1.0,1.0,3.0,1.0,1.0,1.0,0.0,2.0,1.0,2.0,1.0,0.0,2.0,8.0,4.0,1.0,5.0,2.0,2.0,5.0,1.0,4.0,2.0,6.0,4.0,0.0,1.0,2.0,4.0,4.0,5.0,1.0,0.0,1.0,1.0,1.0,4.0,1.0,1.0,1.0,1.0,0.0,1.0,1.0,1.0,4.0,35.2,0.0552058111380145,76.31578947368422,0.1666666666666666,0.7362621965698436,0.7543859649122807,0.6666666666666666,0.0001805369846938,1.2266856350067892,0.4743333333333334
231,E01010803,0.0,0.0,0.0,0.0,0.0,0.0,1.0,1.0,1.0,0.0,2.0,0.0,0.0,0.0,0.0,0.0,0.0,0.0,0.0,2.0,0.0,0.0,2.0,0.0,0.0,2.0,0.0,0.0,0.0,1.0,2.0,1.0,0.0,1.0,0.0,0.0,0.0,3.0,1.0,1.0,0.0,1.0,0.0,0.0,1.0,2.0,1.0,0.0,0.0,0.0,0.0,0.0,1.0,2.0,0.0,0.0,0.0,0.0,0.0,1.0,-48.8,0.0156576200417536,93.33333333333331,0.2333333333333333,0.4183300132670377,0.8666666666666667,0.7666666666666667,-0.0021872601688411,0.3471467233883222,0.2301587301587301
232,E01010804,0.0,2.0,0.0,0.0,1.0,1.0,2.0,0.0,0.0,1.0,2.0,0.0,0.0,1.0,0.0,2.0,0.0,0.0,1.0,1.0,1.0,0.0,0.0,0.0,0.0,1.0,2.0,0.0,0.0,1.0,0.0,0.0,0.0,0.0,0.0,0.0,0.0,1.0,2.0,1.0,1.0,0.0,0.0,1.0,0.0,3.0,0.0,0.0,0.0,1.0,0.0,0.0,0.0,0.0,0.0,2.0,0.0,0.0,1.0,1.0,-45.8,0.0143979057591623,66.66666666666666,0.1818181818181818,0.4187485419177558,0.6363636363636364,0.6060606060606061,-0.0009975633289178,0.3334612567657304,0.1805555555555555
233,E01010805,12.0,12.0,17.0,7.0,6.0,10.0,10.0,10.0,12.0,13.0,8.0,7.0,18.0,18.0,28.0,22.0,14.0,15.0,15.0,13.0,13.0,12.0,17.0,15.0,11.0,9.0,17.0,6.0,10.0,19.0,17.0,7.0,12.0,13.0,13.0,9.0,9.0,19.0,13.0,10.0,18.0,11.0,8.0,11.0,13.0,12.0,3.0,10.0,13.0,17.0,7.0,16.0,8.0,15.0,10.0,7.0,16.0,7.0,14.0,5.0,660.2,0.4020674646354733,69.01217861975643,0.1732070365358592,0.3696503105990936,0.4492557510148849,0.3464140730717185,-0.0426507363156432,9.060869328153254,0.2417483280679875
234,E01010806,7.0,13.0,1.0,2.0,3.0,1.0,4.0,3.0,5.0,3.0,2.0,5.0,1.0,8.0,4.0,4.0,3.0,4.0,2.0,7.0,4.0,1.0,4.0,4.0,3.0,3.0,7.0,7.0,0.0,3.0,6.0,12.0,9.0,10.0,6.0,4.0,4.0,10.0,6.0,6.0,5.0,5.0,3.0,2.0,6.0,5.0,4.0,7.0,5.0,7.0,2.0,4.0,3.0,2.0,5.0,10.0,11.0,7.0,10.0,2.0,217.2,0.1758764111705288,80.4054054054054,0.3513513513513513,0.5739990718724778,0.4054054054054054,0.2736486486486486,0.0377638780297107,3.94922588011161,0.3973926967571035
235,E01010807,0.0,4.0,2.0,1.0,4.0,2.0,0.0,1.0,5.0,7.0,2.0,1.0,0.0,2.0,1.0,2.0,1.0,3.0,3.0,2.0,5.0,0.0,0.0,2.0,2.0,5.0,2.0,6.0,3.0,1.0,1.0,1.0,1.0,4.0,1.0,1.0,0.0,2.0,1.0,2.0,3.0,0.0,11.0,2.0,2.0,2.0,0.0,1.0,1.0,16.0,2.0,0.0,0.0,0.0,2.0,1.0,3.0,0.0,1.0,1.0,52.2,0.0563198624247635,87.02290076335878,0.1984732824427481,1.0048539036277455,0.7251908396946565,0.5572519083969466,0.0046992085953306,1.2881781294872634,0.630115891053391
236,E01010808,0.0,2.0,1.0,0.0,1.0,1.0,0.0,1.0,2.0,1.0,0.0,0.0,0.0,1.0,1.0,0.0,1.0,2.0,2.0,0.0,0.0,0.0,1.0,0.0,0.0,1.0,0.0,0.0,0.0,1.0,0.0,1.0,0.0,0.0,0.0,1.0,0.0,0.0,0.0,0.0,0.0,1.0,0.0,0.0,1.0,0.0,0.0,0.0,0.0,1.0,0.0,0.0,0.0,0.0,1.0,0.0,0.0,0.0,0.0,0.0,-53.8,0.0107066381156316,80.0,0.28,0.3379940827884417,0.84,0.68,-0.0078679078014184,0.2570034873057991,0.0396825396825396
237,E01010809,1.0,2.0,2.0,1.0,1.0,1.0,1.0,0.0,1.0,0.0,0.0,0.0,0.0,1.0,1.0,3.0,3.0,1.0,5.0,0.0,4.0,0.0,2.0,1.0,2.0,3.0,2.0,5.0,4.0,1.0,1.0,0.0,2.0,3.0,3.0,0.0,0.0,2.0,2.0,1.0,2.0,1.0,3.0,1.0,2.0,1.0,1.0,1.0,2.0,3.0,0.0,1.0,2.0,2.0,1.0,1.0,3.0,1.0,2.0,2.0,15.200000000000003,0.0436802973977695,71.27659574468085,0.2127659574468085,0.5613991499665993,0.7872340425531915,0.6914893617021277,-0.0002748807285814,0.9629120806775112,0.2639455782312925
238,E01010810,7.0,4.0,7.0,6.0,6.0,7.0,6.0,7.0,4.0,6.0,5.0,7.0,10.0,17.0,9.0,7.0,11.0,12.0,4.0,18.0,8.0,7.0,8.0,9.0,16.0,16.0,22.0,15.0,19.0,15.0,9.0,8.0,12.0,18.0,12.0,13.0,9.0,15.0,7.0,9.0,13.0,10.0,10.0,4.0,9.0,6.0,7.0,9.0,9.0,15.0,12.0,17.0,7.0,4.0,6.0,8.0,10.0,12.0,9.0,6.0,511.2,0.2658855340243353,85.76271186440678,0.2728813559322033,0.437573312140861,0.7423728813559322,0.676271186440678,0.0363434287302028,5.878461029674827,0.1502943856968625
239,E01010811,1.0,3.0,2.0,0.0,1.0,1.0,1.0,0.0,1.0,0.0,0.0,1.0,2.0,1.0,0.0,1.0,0.0,2.0,1.0,1.0,0.0,1.0,1.0,1.0,0.0,0.0,1.0,4.0,2.0,1.0,0.0,0.0,1.0,1.0,0.0,2.0,6.0,1.0,9.0,3.0,6.0,10.0,9.0,2.0,2.0,0.0,0.0,3.0,1.0,3.0,2.0,4.0,4.0,4.0,3.0,7.0,4.0,3.0,2.0,2.0,45.2,0.0551356158292574,77.41935483870968,0.3870967741935484,0.8598117334066153,0.5564516129032258,0.3548387096774194,0.0551387802507762,1.202334950659969,0.3705141476880607
240,E01010812,0.0,1.0,0.0,1.0,0.0,0.0,0.0,0.0,0.0,1.0,0.0,0.0,3.0,0.0,2.0,2.0,1.0,1.0,0.0,0.0,7.0,2.0,4.0,1.0,0.0,1.0,1.0,2.0,0.0,5.0,0.0,0.0,0.0,1.0,1.0,0.0,1.0,2.0,1.0,0.0,1.0,1.0,0.0,2.0,3.0,0.0,1.0,2.0,0.0,2.0,0.0,0.0,0.0,1.0,1.0,1.0,0.0,1.0,0.0,1.0,-20.799999999999997,0.0279652844744455,77.58620689655173,0.3448275862068966,0.7663933709582511,0.7586206896551724,0.7241379310344828,-0.0149368459040057,0.6038985048008247,0.3285714285714285
241,E01010813,3.0,5.0,5.0,1.0,3.0,0.0,3.0,3.0,3.0,2.0,2.0,2.0,3.0,6.0,3.0,1.0,2.0,3.0,3.0,2.0,2.0,1.0,0.0,2.0,1.0,2.0,2.0,1.0,1.0,2.0,1.0,6.0,2.0,2.0,0.0,4.0,1.0,3.0,1.0,4.0,3.0,2.0,2.0,2.0,5.0,5.0,6.0,6.0,5.0,1.0,3.0,3.0,0.0,3.0,9.0,2.0,3.0,1.0,6.0,3.0,84.2,0.0855643044619422,84.66257668711657,0.294478527607362,0.5906324932663622,0.5460122699386503,0.4294478527607362,0.0190908250809657,1.9443470665129865,0.4319444444444444
242,E01010814,1.0,0.0,1.0,0.0,0.0,1.0,2.0,5.0,1.0,0.0,0.0,2.0,0.0,6.0,2.0,0.0,0.0,3.0,1.0,1.0,0.0,0.0,1.0,4.0,3.0,0.0,3.0,1.0,0.0,1.0,1.0,2.0,2.0,1.0,11.0,2.0,1.0,5.0,0.0,3.0,4.0,3.0,3.0,2.0,2.0,1.0,3.0,1.0,1.0,1.0,1.0,0.0,1.0,1.0,2.0,6.0,2.0,1.0,2.0,1.0,26.200000000000003,0.0646153846153846,85.71428571428571,0.1238095238095238,0.8346224345257298,0.7428571428571429,0.6761904761904762,-0.0035785116122618,1.421982620790858,0.4361989459815547
243,E01010815,3.0,7.0,13.0,7.0,2.0,3.0,14.0,8.0,5.0,5.0,4.0,3.0,4.0,10.0,11.0,8.0,2.0,7.0,8.0,4.0,4.0,5.0,6.0,4.0,8.0,8.0,4.0,13.0,7.0,5.0,4.0,1.0,7.0,2.0,1.0,2.0,10.0,5.0,6.0,7.0,19.0,6.0,6.0,4.0,5.0,6.0,7.0,3.0,3.0,5.0,4.0,6.0,3.0,1.0,8.0,3.0,2.0,6.0,8.0,1.0,264.2,0.1323813199536858,64.72303206997084,0.1632653061224489,0.604329779537312,0.3731778425655976,0.2886297376093295,-0.0373159210891914,3.010699150378815,0.4527735641551431
244,E01010816,0.0,1.0,0.0,0.0,0.0,1.0,0.0,0.0,0.0,3.0,0.0,1.0,0.0,2.0,1.0,4.0,2.0,2.0,4.0,1.0,2.0,2.0,0.0,2.0,2.0,3.0,1.0,1.0,4.0,1.0,0.0,1.0,1.0,2.0,0.0,0.0,0.0,1.0,1.0,1.0,0.0,0.0,0.0,2.0,1.0,0.0,1.0,0.0,1.0,0.0,1.0,0.0,0.0,4.0,0.0,0.0,1.0,0.0,0.0,0.0,-20.799999999999997,0.0303347280334728,63.793103448275865,0.3103448275862069,0.5869987045909375,0.7758620689655172,0.5689655172413793,-0.0106972875560279,0.6692421982899786,0.2702020202020201
245,E01010817,1.0,1.0,2.0,7.0,2.0,1.0,2.0,0.0,2.0,2.0,5.0,2.0,6.0,5.0,1.0,1.0,5.0,5.0,4.0,2.0,2.0,1.0,0.0,1.0,6.0,4.0,2.0,1.0,3.0,3.0,0.0,2.0,0.0,0.0,1.0,2.0,2.0,2.0,6.0,2.0,5.0,3.0,2.0,4.0,4.0,3.0,10.0,4.0,6.0,1.0,1.0,1.0,4.0,0.0,6.0,7.0,3.0,1.0,1.0,0.0,83.2,0.0609022556390977,86.41975308641975,0.2654320987654321,0.6772456079569689,0.6172839506172839,0.4444444444444444,0.0176008012604734,1.3642383071153696,0.4848607367475291
246,E01010818,0.0,1.0,0.0,3.0,1.0,0.0,0.0,0.0,0.0,0.0,0.0,0.0,0.0,1.0,0.0,1.0,1.0,1.0,2.0,1.0,1.0,0.0,0.0,1.0,0.0,0.0,0.0,4.0,0.0,1.0,2.0,0.0,0.0,0.0,0.0,0.0,1.0,2.0,2.0,1.0,0.0,0.0,0.0,0.0,1.0,0.0,1.0,1.0,1.0,1.0,1.0,2.0,1.0,1.0,0.0,1.0,0.0,3.0,1.0,2.0,-34.8,0.021133525456292,68.18181818181817,0.2272727272727272,0.5388488904338238,0.7954545454545454,0.75,-0.0008383986585621,0.4708403649336264,0.2177419354838709
247,E01010819,1.0,0.0,1.0,3.0,2.0,1.0,3.0,2.0,2.0,0.0,2.0,0.0,0.0,2.0,0.0,1.0,1.0,1.0,1.0,2.0,1.0,1.0,2.0,3.0,1.0,2.0,1.0,3.0,2.0,1.0,1.0,1.0,0.0,1.0,2.0,3.0,0.0,0.0,2.0,2.0,3.0,1.0,3.0,1.0,1.0,1.0,0.0,4.0,2.0,1.0,2.0,2.0,8.0,3.0,1.0,2.0,3.0,0.0,1.0,1.0,15.200000000000003,0.0629604822505023,84.04255319148936,0.2340425531914893,0.6415462285472776,0.8617021276595744,0.7446808510638298,0.0131080667641159,1.4286184435405354,0.2975
248,E01010820,1.0,0.0,1.0,1.0,2.0,1.0,0.0,0.0,2.0,0.0,1.0,1.0,1.0,5.0,1.0,6.0,0.0,1.0,0.0,0.0,1.0,0.0,2.0,0.0,0.0,0.0,0.0,1.0,1.0,1.0,0.0,0.0,1.0,2.0,1.0,1.0,2.0,3.0,0.0,3.0,3.0,1.0,0.0,1.0,1.0,1.0,1.0,1.0,7.0,1.0,3.0,1.0,3.0,2.0,0.0,1.0,1.0,2.0,8.0,1.0,3.200000000000003,0.0563961485557083,79.26829268292683,0.2195121951219512,0.8775768185696704,0.8048780487804879,0.6585365853658537,0.0156185026862494,1.265797305025527,0.4604928017718716
249,E01010821,6.0,0.0,0.0,0.0,4.0,1.0,4.0,1.0,3.0,3.0,5.0,4.0,5.0,25.0,17.0,13.0,9.0,5.0,15.0,5.0,20.0,9.0,3.0,11.0,12.0,4.0,4.0,8.0,16.0,6.0,10.0,7.0,1.0,4.0,10.0,3.0,11.0,13.0,3.0,5.0,3.0,11.0,3.0,4.0,14.0,10.0,3.0,5.0,11.0,5.0,3.0,5.0,1.0,3.0,1.0,2.0,0.0,2.0,3.0,1.0,296.2,0.1941998964267219,95.2,0.1253333333333333,0.7844916207521295,0.8373333333333334,0.7226666666666667,-0.071528798610183,4.227783089953686,0.7978753989940965
250,E01010822,0.0,0.0,0.0,0.0,1.0,1.0,1.0,0.0,4.0,0.0,2.0,1.0,0.0,1.0,1.0,1.0,2.0,1.0,1.0,2.0,3.0,4.0,2.0,2.0,6.0,2.0,1.0,0.0,1.0,0.0,0.0,0.0,0.0,1.0,0.0,0.0,0.0,0.0,2.0,0.0,3.0,4.0,1.0,0.0,0.0,2.0,2.0,0.0,2.0,0.0,0.0,0.0,0.0,0.0,1.0,0.0,3.0,0.0,2.0,2.0,-13.799999999999997,0.0510604870384917,73.84615384615385,0.2461538461538461,0.6018462718263217,0.7076923076923077,0.5692307692307692,0.0106187314008596,1.1433867357739955,0.3106060606060606
251,E01010824,1.0,4.0,1.0,1.0,2.0,2.0,1.0,7.0,4.0,2.0,4.0,0.0,4.0,4.0,2.0,4.0,2.0,12.0,13.0,3.0,7.0,1.0,2.0,4.0,1.0,2.0,5.0,11.0,1.0,4.0,5.0,6.0,2.0,6.0,17.0,3.0,2.0,12.0,6.0,4.0,5.0,0.0,3.0,6.0,3.0,7.0,4.0,1.0,4.0,4.0,6.0,5.0,2.0,3.0,3.0,7.0,6.0,2.0,2.0,9.0,177.2,0.1335419926969222,75.0,0.19921875,0.7544541190032175,0.65625,0.53515625,0.0307713504044718,2.948248027995916,0.5479839576695561
252,E01010825,1.0,2.0,0.0,0.0,0.0,0.0,0.0,0.0,0.0,0.0,0.0,0.0,0.0,0.0,0.0,0.0,1.0,0.0,0.0,1.0,0.0,0.0,0.0,0.0,0.0,0.0,0.0,1.0,0.0,0.0,0.0,0.0,0.0,0.0,1.0,0.0,0.0,1.0,0.0,2.0,1.0,0.0,0.0,0.0,0.0,0.0,0.0,0.0,0.0,0.0,0.0,0.0,0.0,0.0,0.0,0.0,0.0,0.0,1.0,0.0,-66.8,0.0077972709551656,91.66666666666666,0.3333333333333333,0.3513641844631532,0.75,0.6666666666666666,-0.0047130671446115,0.1776584981471289,0.0166666666666666
253,E01010826,2.0,1.0,1.0,1.0,3.0,4.0,4.0,2.0,8.0,5.0,6.0,7.0,2.0,4.0,2.0,7.0,8.0,3.0,5.0,2.0,4.0,0.0,0.0,2.0,2.0,1.0,1.0,0.0,0.0,0.0,0.0,0.0,1.0,1.0,3.0,0.0,0.0,0.0,6.0,7.0,6.0,2.0,0.0,0.0,1.0,2.0,1.0,0.0,0.0,1.0,1.0,1.0,0.0,1.0,0.0,0.0,0.0,1.0,0.0,0.0,43.2,0.0730538922155688,83.60655737704919,0.3278688524590163,0.745995171719832,0.7786885245901639,0.6557377049180327,-0.0381981032665964,1.7428585257508045,0.3898511904761905
254,E01010827,0.0,0.0,0.0,1.0,1.0,0.0,1.0,0.0,0.0,0.0,0.0,0.0,0.0,1.0,0.0,0.0,0.0,0.0,0.0,0.0,0.0,0.0,0.0,0.0,0.0,0.0,0.0,0.0,0.0,1.0,1.0,0.0,0.0,3.0,2.0,1.0,0.0,2.0,1.0,1.0,1.0,0.0,1.0,0.0,2.0,0.0,1.0,2.0,0.0,0.0,2.0,1.0,0.0,0.0,2.0,2.0,4.0,1.0,1.0,0.0,-42.8,0.0231213872832369,75.0,0.3333333333333333,0.520126331736996,0.8055555555555556,0.6666666666666666,0.0164154388904524,0.5050698987023274,0.1944444444444444
255,E01010828,0.0,1.0,2.0,1.0,2.0,1.0,0.0,0.0,0.0,1.0,0.0,0.0,1.0,3.0,0.0,1.0,1.0,2.0,1.0,2.0,0.0,0.0,0.0,0.0,0.0,0.0,0.0,0.0,3.0,1.0,4.0,1.0,3.0,3.0,0.0,0.0,3.0,0.0,1.0,0.0,0.0,1.0,1.0,1.0,2.0,0.0,1.0,0.0,0.0,0.0,0.0,0.0,0.0,0.0,2.0,1.0,1.0,1.0,1.0,2.0,-26.799999999999997,0.0317073170731707,86.53846153846155,0.0961538461538461,0.5357963107202294,0.7307692307692307,0.5576923076923077,-0.0016907737026786,0.7066838657111283,0.2760416666666666
256,E01010829,1.0,0.0,2.0,0.0,0.0,0.0,1.0,1.0,2.0,3.0,0.0,2.0,5.0,4.0,4.0,1.0,0.0,1.0,0.0,0.0,1.0,1.0,0.0,1.0,2.0,2.0,3.0,3.0,5.0,2.0,0.0,2.0,5.0,4.0,2.0,3.0,2.0,8.0,9.0,1.0,0.0,3.0,0.0,1.0,2.0,7.0,2.0,2.0,0.0,3.0,4.0,2.0,2.0,2.0,2.0,0.0,1.0,2.0,0.0,1.0,40.2,0.0702479338842975,84.87394957983193,0.1932773109243697,0.7035662647018737,0.7142857142857143,0.5546218487394958,0.0105405425123663,1.5263072114218272,0.3341887125220458
257,E01010830,2.0,2.0,2.0,5.0,3.0,0.0,0.0,1.0,5.0,2.0,3.0,0.0,0.0,3.0,1.0,1.0,1.0,5.0,3.0,0.0,2.0,2.0,1.0,4.0,2.0,4.0,4.0,3.0,3.0,0.0,2.0,2.0,2.0,1.0,3.0,3.0,1.0,1.0,2.0,2.0,0.0,3.0,3.0,1.0,2.0,3.0,0.0,1.0,2.0,0.0,1.0,5.0,2.0,2.0,2.0,3.0,3.0,2.0,3.0,2.0,44.2,0.0506381226842321,81.30081300813008,0.2113821138211382,0.4703966961564546,0.7886178861788617,0.6747967479674797,-0.0071013573708033,1.1551443832713295,0.326797385620915
258,E01010831,9.0,4.0,3.0,8.0,3.0,0.0,5.0,2.0,2.0,9.0,8.0,6.0,4.0,8.0,3.0,6.0,2.0,3.0,4.0,3.0,2.0,2.0,3.0,4.0,3.0,1.0,3.0,1.0,1.0,2.0,2.0,0.0,2.0,1.0,3.0,0.0,3.0,1.0,3.0,1.0,1.0,1.0,2.0,0.0,1.0,5.0,2.0,2.0,3.0,2.0,1.0,1.0,0.0,1.0,2.0,0.0,0.0,0.0,1.0,2.0,78.2,0.0714610832954028,84.07643312101911,0.10828025477707,0.7229438282017547,0.3566878980891719,0.2738853503184713,-0.077996619308456,1.7188802534283711,0.2237179487179487
259,E01010832,0.0,0.0,0.0,0.0,1.0,0.0,0.0,1.0,0.0,0.0,0.0,0.0,0.0,2.0,2.0,2.0,0.0,1.0,0.0,1.0,1.0,0.0,0.0,2.0,1.0,1.0,1.0,0.0,0.0,0.0,0.0,0.0,0.0,1.0,0.0,1.0,0.0,2.0,0.0,0.0,0.0,2.0,1.0,0.0,3.0,0.0,1.0,0.0,0.0,1.0,0.0,0.0,0.0,0.0,0.0,1.0,0.0,2.0,1.0,0.0,-46.8,0.0131741457389872,75.0,0.28125,0.419050943420747,0.75,0.59375,0.0021658369305277,0.2854209597483083,0.072463768115942
260,E01010833,0.0,0.0,0.0,0.0,3.0,2.0,1.0,0.0,3.0,0.0,2.0,1.0,1.0,0.0,3.0,0.0,0.0,0.0,1.0,1.0,3.0,3.0,1.0,1.0,0.0,3.0,3.0,1.0,2.0,1.0,0.0,1.0,1.0,2.0,2.0,3.0,2.0,4.0,2.0,0.0,0.0,3.0,1.0,4.0,1.0,1.0,2.0,2.0,0.0,0.0,3.0,2.0,2.0,2.0,1.0,2.0,3.0,1.0,1.0,1.0,6.200000000000003,0.0488225157955198,77.64705882352942,0.1647058823529411,0.478846821631874,0.7764705882352941,0.6941176470588235,-0.0025615809960133,1.0841467857732645,0.2859848484848484
261,E01010834,2.0,4.0,7.0,4.0,8.0,2.0,4.0,1.0,5.0,4.0,5.0,4.0,2.0,6.0,5.0,6.0,7.0,5.0,6.0,6.0,10.0,7.0,11.0,9.0,5.0,8.0,10.0,13.0,12.0,9.0,5.0,13.0,12.0,11.0,6.0,5.0,6.0,11.0,11.0,18.0,12.0,14.0,10.0,16.0,21.0,17.0,17.0,4.0,10.0,7.0,15.0,26.0,20.0,14.0,14.0,9.0,10.0,8.0,7.0,9.0,466.2,0.1912951912951913,85.3211009174312,0.2128440366972477,0.5647499513502898,0.7027522935779816,0.5743119266055046,0.1849680466796333,4.1877891237766,0.2068664709473533
262,E01010835,0.0,0.0,1.0,0.0,0.0,0.0,0.0,0.0,0.0,0.0,0.0,0.0,1.0,0.0,0.0,1.0,0.0,1.0,1.0,3.0,2.0,1.0,1.0,1.0,1.0,1.0,1.0,0.0,0.0,0.0,1.0,0.0,2.0,1.0,2.0,2.0,2.0,3.0,0.0,5.0,3.0,1.0,2.0,2.0,0.0,1.0,0.0,0.0,1.0,5.0,0.0,0.0,0.0,0.0,0.0,0.0,1.0,4.0,2.0,2.0,-20.799999999999997,0.0178461538461538,87.93103448275862,0.4310344827586206,0.6335341363325746,0.5,0.3793103448275862,0.0328198258539852,0.3803134283840178,0.2052083333333333
263,E01010836,1.0,1.0,0.0,1.0,0.0,1.0,2.0,3.0,0.0,2.0,3.0,1.0,1.0,0.0,2.0,2.0,0.0,1.0,1.0,1.0,0.0,0.0,1.0,4.0,2.0,7.0,2.0,0.0,0.0,1.0,0.0,1.0,3.0,1.0,2.0,3.0,2.0,0.0,1.0,5.0,2.0,5.0,2.0,6.0,5.0,7.0,9.0,1.0,0.0,3.0,2.0,2.0,1.0,2.0,0.0,1.0,2.0,1.0,1.0,0.0,31.200000000000003,0.053632374451487,78.18181818181819,0.3545454545454545,0.7957831932916378,0.7909090909090909,0.6363636363636364,0.0248794670788708,1.1729055978143703,0.3934610075914423
264,E01010837,0.0,0.0,1.0,1.0,0.0,0.0,0.0,0.0,1.0,0.0,4.0,3.0,1.0,2.0,1.0,1.0,4.0,2.0,5.0,2.0,1.0,0.0,3.0,1.0,0.0,3.0,1.0,3.0,2.0,5.0,3.0,1.0,0.0,1.0,2.0,1.0,0.0,1.0,1.0,0.0,0.0,2.0,4.0,0.0,0.0,1.0,2.0,2.0,3.0,4.0,1.0,1.0,1.0,1.0,1.0,2.0,1.0,1.0,0.0,1.0,6.200000000000003,0.0403225806451612,69.41176470588235,0.4352941176470588,0.6255523028429983,0.611764705882353,0.4,-0.0119191097209875,0.894525878617404,0.2859848484848484
265,E01010838,0.0,0.0,1.0,0.0,0.0,1.0,0.0,0.0,1.0,0.0,1.0,0.0,0.0,1.0,0.0,0.0,0.0,1.0,2.0,0.0,2.0,0.0,1.0,0.0,0.0,1.0,1.0,0.0,0.0,2.0,0.0,1.0,0.0,1.0,0.0,0.0,0.0,0.0,2.0,0.0,2.0,0.0,1.0,0.0,0.0,2.0,0.0,0.0,0.0,0.0,1.0,0.0,0.0,0.0,0.0,1.0,0.0,0.0,2.0,0.0,-50.8,0.0128205128205128,78.57142857142857,0.1785714285714285,0.362284418654736,0.8214285714285714,0.75,0.0097546687495562,0.2844922111863123,0.0952380952380952
266,E01010839,2.0,0.0,1.0,0.0,0.0,2.0,2.0,1.0,2.0,0.0,0.0,0.0,1.0,0.0,1.0,1.0,3.0,2.0,3.0,2.0,0.0,2.0,0.0,1.0,0.0,1.0,1.0,4.0,4.0,0.0,0.0,0.0,0.0,1.0,0.0,0.0,2.0,1.0,1.0,0.0,1.0,1.0,0.0,0.0,0.0,1.0,2.0,1.0,0.0,1.0,0.0,0.0,0.0,0.0,0.0,1.0,1.0,1.0,0.0,0.0,-27.799999999999997,0.0303030303030303,84.31372549019608,0.1764705882352941,0.5488388606422412,0.8431372549019608,0.8235294117647058,-0.0142038693911764,0.6848591599215199,0.1901041666666666
267,E01010840,10.0,1.0,0.0,2.0,0.0,0.0,0.0,1.0,0.0,0.0,2.0,1.0,3.0,10.0,3.0,2.0,0.0,1.0,3.0,2.0,0.0,2.0,1.0,2.0,1.0,0.0,5.0,0.0,1.0,4.0,1.0,0.0,1.0,2.0,2.0,1.0,1.0,2.0,2.0,4.0,0.0,0.0,0.0,0.0,3.0,1.0,2.0,0.0,1.0,1.0,1.0,0.0,4.0,1.0,1.0,3.0,1.0,2.0,5.0,1.0,21.200000000000003,0.053134962805526,84.0,0.27,0.8838363347739596,0.37,0.29,-0.0281479263362778,1.2036833260232185,0.5748062015503876
268,E01010841,0.0,0.0,1.0,1.0,1.0,0.0,2.0,1.0,4.0,2.0,3.0,1.0,0.0,0.0,0.0,1.0,0.0,5.0,0.0,1.0,2.0,2.0,2.0,0.0,2.0,3.0,3.0,4.0,1.0,1.0,5.0,2.0,0.0,2.0,2.0,1.0,0.0,2.0,4.0,2.0,0.0,0.0,3.0,4.0,1.0,5.0,1.0,2.0,2.0,5.0,3.0,5.0,3.0,3.0,7.0,6.0,2.0,2.0,8.0,2.0,48.2,0.0692098092643051,80.31496062992126,0.2440944881889764,0.631235790338446,0.6456692913385826,0.4645669291338583,0.0428531550903842,1.5491327102572288,0.4029888551165146
269,E01010842,2.0,0.0,4.0,1.0,4.0,1.0,0.0,0.0,6.0,5.0,0.0,3.0,3.0,9.0,3.0,4.0,2.0,3.0,0.0,1.0,3.0,0.0,0.0,1.0,3.0,5.0,2.0,5.0,3.0,4.0,1.0,1.0,2.0,5.0,2.0,19.0,4.0,2.0,2.0,4.0,0.0,4.0,1.0,2.0,1.0,3.0,3.0,2.0,0.0,3.0,2.0,0.0,1.0,2.0,0.0,1.0,1.0,1.0,0.0,0.0,67.2,0.0633680555555555,70.54794520547945,0.2260273972602739,0.9282472837213932,0.636986301369863,0.4657534246575342,-0.0277031966159591,1.4136934122055274,0.5317282568122433
270,E01010843,0.0,3.0,4.0,2.0,0.0,1.0,0.0,1.0,0.0,1.0,0.0,0.0,1.0,4.0,3.0,1.0,0.0,2.0,0.0,1.0,0.0,0.0,0.0,1.0,0.0,2.0,1.0,0.0,0.0,0.0,0.0,1.0,1.0,2.0,0.0,0.0,1.0,1.0,0.0,0.0,1.0,0.0,1.0,2.0,0.0,1.0,1.0,2.0,1.0,0.0,0.0,1.0,0.0,0.0,0.0,1.0,0.0,1.0,1.0,1.0,-30.799999999999997,0.0234718826405868,66.66666666666666,0.1666666666666666,0.5865884600854131,0.5416666666666666,0.4791666666666667,-0.0222563246551615,0.5415055502356126,0.1692708333333333
271,E01010845,4.0,3.0,1.0,2.0,1.0,0.0,1.0,2.0,0.0,2.0,1.0,4.0,0.0,3.0,0.0,1.0,0.0,3.0,1.0,2.0,2.0,1.0,6.0,1.0,0.0,1.0,1.0,3.0,0.0,2.0,9.0,7.0,3.0,4.0,2.0,1.0,2.0,3.0,3.0,1.0,3.0,3.0,3.0,2.0,4.0,2.0,0.0,1.0,3.0,0.0,3.0,1.0,1.0,2.0,2.0,5.0,0.0,0.0,3.0,1.0,43.2,0.058206106870229,83.60655737704919,0.5245901639344263,0.6666610677898013,0.6885245901639344,0.5491803278688525,0.0065688047823802,1.3036358491525195,0.4361839974084872
272,E01010846,0.0,0.0,0.0,0.0,0.0,0.0,2.0,2.0,2.0,0.0,0.0,0.0,0.0,0.0,0.0,1.0,3.0,3.0,1.0,0.0,2.0,0.0,4.0,1.0,0.0,2.0,2.0,3.0,2.0,6.0,0.0,2.0,1.0,1.0,0.0,2.0,0.0,0.0,3.0,3.0,4.0,2.0,1.0,1.0,1.0,2.0,3.0,7.0,5.0,3.0,3.0,6.0,2.0,7.0,0.0,0.0,3.0,2.0,1.0,0.0,22.200000000000003,0.0472404115996258,88.11881188118812,0.0495049504950495,0.6202375869576897,0.5841584158415841,0.4653465346534653,0.0307575976961565,1.026650490492487,0.3010651629072681
273,E01010847,0.0,0.0,1.0,1.0,0.0,0.0,1.0,0.0,1.0,1.0,0.0,0.0,0.0,0.0,0.0,1.0,0.0,1.0,1.0,0.0,1.0,1.0,1.0,1.0,0.0,0.0,2.0,0.0,0.0,0.0,0.0,0.0,0.0,0.0,0.0,0.0,0.0,2.0,0.0,0.0,2.0,0.0,0.0,0.0,0.0,0.0,0.0,0.0,2.0,1.0,0.0,1.0,0.0,0.0,0.0,0.0,0.0,0.0,0.0,0.0,-56.8,0.0135886349598517,72.72727272727273,0.2727272727272727,0.3500121534107716,0.7272727272727273,0.6818181818181818,0.0137686911935034,0.3135639250177782,-0.0092592592592592
274,E01010848,0.0,0.0,0.0,1.0,0.0,1.0,0.0,0.0,0.0,0.0,0.0,0.0,1.0,1.0,0.0,0.0,0.0,0.0,1.0,0.0,1.0,0.0,1.0,0.0,0.0,0.0,1.0,2.0,2.0,0.0,0.0,0.0,0.0,0.0,0.0,2.0,1.0,0.0,0.0,2.0,0.0,1.0,2.0,1.0,1.0,0.0,0.0,0.0,1.0,0.0,0.0,0.0,1.0,1.0,2.0,2.0,0.0,0.0,1.0,0.0,-48.8,0.0189274447949526,86.66666666666667,0.1,0.3606951761543396,0.7666666666666667,0.6,0.0072948935744978,0.4109612454379672,0.1304347826086956
275,E01010849,0.0,1.0,0.0,0.0,1.0,0.0,0.0,1.0,0.0,0.0,0.0,1.0,0.0,0.0,1.0,0.0,0.0,0.0,0.0,0.0,0.0,0.0,0.0,0.0,0.0,0.0,1.0,1.0,1.0,0.0,0.0,1.0,0.0,0.0,0.0,0.0,0.0,1.0,0.0,3.0,0.0,0.0,1.0,0.0,0.0,0.0,1.0,0.0,0.0,1.0,1.0,0.0,0.0,0.0,0.0,0.0,1.0,0.0,0.0,0.0,-60.8,0.0128663330950679,83.33333333333334,0.2222222222222222,0.4444444444444444,0.9444444444444444,0.8333333333333334,0.0041926467426359,0.2906727213055229,0.0520833333333333
276,E01010850,1.0,1.0,0.0,1.0,1.0,1.0,3.0,1.0,0.0,2.0,0.0,1.0,1.0,2.0,1.0,2.0,2.0,0.0,0.0,0.0,2.0,2.0,1.0,0.0,0.0,0.0,1.0,0.0,2.0,1.0,0.0,1.0,1.0,1.0,0.0,0.0,1.0,0.0,0.0,0.0,0.0,1.0,5.0,3.0,0.0,0.0,1.0,1.0,2.0,1.0,2.0,0.0,2.0,0.0,2.0,1.0,0.0,0.0,3.0,0.0,-21.799999999999997,0.0409482758620689,84.21052631578947,0.2280701754385964,0.5521480161489651,0.8596491228070176,0.7368421052631579,0.0118710727798637,0.937952102097079,0.1972222222222222
277,E01010851,0.0,0.0,0.0,2.0,1.0,0.0,0.0,1.0,0.0,0.0,0.0,0.0,1.0,0.0,0.0,0.0,1.0,1.0,1.0,1.0,0.0,1.0,0.0,0.0,0.0,2.0,1.0,0.0,3.0,1.0,2.0,0.0,8.0,3.0,0.0,1.0,0.0,0.0,0.0,1.0,0.0,1.0,2.0,0.0,2.0,0.0,0.0,1.0,0.0,2.0,0.0,1.0,1.0,0.0,1.0,1.0,1.0,1.0,5.0,1.0,-26.799999999999997,0.0365168539325842,86.53846153846155,0.25,0.8759891563098178,0.7884615384615384,0.6538461538461539,0.0060482550311146,0.7965944850977658,0.3545698924731182
278,E01010852,0.0,0.0,0.0,0.0,0.0,0.0,0.0,0.0,0.0,0.0,0.0,2.0,0.0,0.0,1.0,1.0,2.0,1.0,0.0,0.0,0.0,1.0,1.0,0.0,0.0,0.0,0.0,0.0,8.0,0.0,1.0,1.0,1.0,3.0,0.0,2.0,0.0,0.0,0.0,1.0,0.0,1.0,1.0,2.0,1.0,2.0,0.0,0.0,0.0,1.0,0.0,0.0,1.0,0.0,0.0,0.0,0.0,2.0,1.0,0.0,-40.8,0.0194174757281553,92.10526315789474,0.2105263157894736,0.905299320519498,0.8157894736842105,0.8157894736842105,-0.0083281986046788,0.415148943202385,0.2735507246376811
279,E01010853,0.0,0.0,0.0,0.0,0.0,0.0,0.0,3.0,0.0,1.0,3.0,0.0,1.0,0.0,0.0,1.0,0.0,0.0,0.0,0.0,0.0,0.0,1.0,0.0,0.0,1.0,0.0,2.0,0.0,0.0,1.0,0.0,3.0,0.0,0.0,0.0,0.0,0.0,0.0,0.0,0.0,0.0,0.0,0.0,0.0,0.0,0.0,0.0,2.0,0.0,1.0,0.0,0.0,0.0,0.0,0.0,2.0,1.0,0.0,1.0,-54.8,0.0167832167832167,87.5,0.2083333333333333,0.5175491695067655,0.8333333333333334,0.7916666666666666,-0.0093068035943517,0.3975303747114102,0.311111111111111
280,E01010854,0.0,0.0,0.0,3.0,2.0,0.0,1.0,1.0,0.0,1.0,0.0,0.0,1.0,0.0,2.0,0.0,1.0,1.0,0.0,0.0,0.0,0.0,0.0,1.0,1.0,0.0,0.0,0.0,0.0,1.0,2.0,2.0,1.0,1.0,1.0,1.0,1.0,0.0,0.0,0.0,0.0,0.0,1.0,0.0,0.0,0.0,1.0,3.0,1.0,0.0,2.0,1.0,1.0,1.0,2.0,0.0,4.0,2.0,2.0,2.0,-30.799999999999997,0.0276497695852534,91.66666666666666,0.3125,0.508000508000762,0.625,0.5416666666666666,0.0089377793056032,0.6296210376088074,0.1875
281,E01010855,0.0,0.0,2.0,0.0,0.0,0.0,0.0,0.0,0.0,0.0,0.0,0.0,0.0,0.0,0.0,1.0,1.0,0.0,0.0,0.0,2.0,1.0,0.0,0.0,0.0,0.0,0.0,0.0,0.0,0.0,0.0,0.0,0.0,1.0,0.0,0.0,0.0,0.0,1.0,2.0,1.0,1.0,0.0,0.0,2.0,2.0,0.0,3.0,1.0,1.0,0.0,0.0,2.0,1.0,0.0,0.0,0.0,2.0,2.0,0.0,-49.8,0.0179789212647241,72.41379310344827,0.2413793103448276,0.4008182936589125,0.7931034482758621,0.5862068965517241,0.0073093638877913,0.3908717478101102,0.0964912280701754
282,E01010856,3.0,0.0,0.0,1.0,0.0,0.0,2.0,0.0,1.0,0.0,0.0,0.0,0.0,2.0,2.0,1.0,1.0,0.0,1.0,2.0,0.0,0.0,1.0,1.0,1.0,1.0,1.0,0.0,1.0,3.0,0.0,0.0,0.0,0.0,0.0,0.0,0.0,0.0,0.0,0.0,0.0,2.0,2.0,2.0,0.0,1.0,1.0,1.0,0.0,1.0,0.0,0.0,0.0,0.0,0.0,0.0,0.0,0.0,3.0,1.0,-39.8,0.0263870094722598,84.61538461538461,0.2307692307692307,0.4714045207910317,0.7948717948717948,0.6153846153846154,-0.0010472103926233,0.5939083628260021,0.1923076923076923
283,E01010857,0.0,1.0,0.0,0.0,0.0,0.0,0.0,0.0,0.0,0.0,0.0,0.0,0.0,0.0,0.0,1.0,0.0,0.0,0.0,0.0,0.0,0.0,0.0,0.0,0.0,0.0,0.0,0.0,0.0,0.0,0.0,0.0,0.0,0.0,0.0,0.0,1.0,0.0,0.0,2.0,1.0,0.0,1.0,0.0,0.0,0.0,0.0,0.0,0.0,0.0,0.0,0.0,0.0,1.0,1.0,1.0,0.0,0.0,0.0,1.0,-67.8,0.006815365551425,90.9090909090909,0.3636363636363636,0.2874797872880344,0.7272727272727273,0.6363636363636364,-0.0001284356537374,0.1492664039496733,0.05
284,E01010858,0.0,0.0,0.0,2.0,1.0,0.0,0.0,1.0,1.0,0.0,1.0,0.0,0.0,0.0,0.0,0.0,0.0,0.0,0.0,0.0,0.0,0.0,0.0,0.0,0.0,1.0,0.0,0.0,1.0,0.0,0.0,1.0,0.0,0.0,0.0,0.0,1.0,1.0,0.0,0.0,0.0,0.0,1.0,0.0,0.0,2.0,0.0,0.0,0.0,1.0,0.0,0.0,0.0,0.0,0.0,0.0,2.0,0.0,2.0,0.0,-59.8,0.0121096239643084,100.0,0.2105263157894736,0.3613718749082079,0.5789473684210527,0.5263157894736842,0.0087847348939054,0.2847668927851053,0.1666666666666666
285,E01010859,0.0,0.0,0.0,0.0,0.0,0.0,0.0,0.0,0.0,1.0,0.0,0.0,0.0,3.0,0.0,0.0,0.0,0.0,1.0,0.0,0.0,0.0,1.0,0.0,0.0,1.0,0.0,0.0,0.0,0.0,0.0,0.0,0.0,0.0,0.0,0.0,0.0,1.0,0.0,0.0,0.0,0.0,0.0,0.0,0.0,0.0,0.0,0.0,0.0,0.0,0.0,0.0,1.0,0.0,0.0,0.0,0.0,0.0,1.0,0.0,-68.8,0.0054436581382689,90.0,0.1,0.565685424949238,0.7,0.5,-0.014282575258185,0.1216947863282031,0.1041666666666666
286,E01010860,0.0,0.0,0.0,0.0,0.0,0.0,0.0,0.0,0.0,0.0,1.0,0.0,0.0,0.0,1.0,0.0,0.0,0.0,0.0,0.0,1.0,1.0,0.0,0.0,1.0,0.0,0.0,0.0,1.0,0.0,2.0,0.0,0.0,1.0,1.0,0.0,0.0,0.0,0.0,1.0,1.0,0.0,1.0,0.0,0.0,0.0,1.0,0.0,1.0,0.0,0.0,0.0,0.0,0.0,1.0,0.0,0.0,0.0,0.0,0.0,-62.8,0.0092861288450377,81.25,0.25,0.2420614591379635,0.875,0.625,-0.0009522160664819,0.1989798440623424,0.0333333333333333
287,E01010861,0.0,0.0,1.0,0.0,1.0,0.0,1.0,0.0,1.0,1.0,0.0,0.0,0.0,0.0,0.0,0.0,0.0,0.0,0.0,0.0,0.0,0.0,0.0,2.0,0.0,0.0,0.0,2.0,3.0,0.0,1.0,1.0,1.0,0.0,0.0,0.0,0.0,0.0,0.0,0.0,2.0,1.0,0.0,0.0,2.0,0.0,0.0,0.0,0.0,0.0,0.0,0.0,0.0,1.0,0.0,1.0,0.0,1.0,2.0,2.0,-51.8,0.0152801358234295,88.88888888888889,0.2962962962962963,0.4271319479507702,0.7037037037037037,0.6666666666666666,0.0074729611895546,0.3451623505376803,0.1228070175438596
288,E01010862,0.0,0.0,0.0,0.0,0.0,0.0,0.0,0.0,0.0,1.0,0.0,0.0,0.0,0.0,0.0,1.0,0.0,0.0,0.0,0.0,0.0,0.0,0.0,0.0,0.0,0.0,1.0,1.0,0.0,0.0,1.0,0.0,0.0,0.0,0.0,0.0,0.0,0.0,0.0,0.0,0.0,0.0,2.0,0.0,1.0,3.0,1.0,1.0,0.0,0.0,1.0,4.0,2.0,0.0,1.0,0.0,0.0,2.0,0.0,1.0,-54.8,0.01468788249694,79.16666666666666,0.3333333333333333,0.5962847939999439,0.9166666666666666,0.7083333333333334,0.0198239514757008,0.3188005748051088,0.2708333333333333
289,E01010863,0.0,0.0,0.0,0.0,0.0,0.0,0.0,0.0,0.0,0.0,0.0,0.0,0.0,0.0,0.0,0.0,0.0,1.0,0.0,0.0,0.0,0.0,0.0,0.0,0.0,0.0,0.0,1.0,0.0,0.0,0.0,0.0,0.0,1.0,0.0,0.0,0.0,0.0,0.0,0.0,0.0,0.0,0.0,0.0,0.0,0.0,0.0,0.0,0.0,0.0,0.0,0.0,0.0,0.0,0.0,0.0,0.0,0.0,0.0,0.0,-75.8,0.0021231422505307,100.0,0.0,0.0,1.0,1.0,0.0,0.0445761193467443,0.0
290,E01010864,0.0,0.0,0.0,0.0,0.0,0.0,0.0,0.0,0.0,0.0,0.0,0.0,2.0,1.0,0.0,0.0,1.0,0.0,0.0,1.0,1.0,0.0,2.0,1.0,0.0,2.0,1.0,0.0,0.0,0.0,0.0,3.0,2.0,0.0,0.0,0.0,0.0,0.0,0.0,0.0,0.0,1.0,2.0,0.0,0.0,1.0,3.0,1.0,1.0,0.0,1.0,0.0,0.0,2.0,4.0,0.0,0.0,0.0,0.0,0.0,-45.8,0.0266343825665859,66.66666666666666,0.303030303030303,0.5303599878275277,0.8181818181818182,0.6666666666666666,0.0181557883776924,0.566497883076679,0.325
291,E01010865,0.0,0.0,0.0,0.0,0.0,7.0,0.0,3.0,0.0,0.0,1.0,0.0,1.0,1.0,0.0,0.0,0.0,0.0,0.0,0.0,0.0,0.0,0.0,0.0,2.0,1.0,0.0,0.0,0.0,0.0,0.0,0.0,0.0,0.0,0.0,0.0,2.0,1.0,0.0,0.0,0.0,0.0,0.0,0.0,0.0,1.0,1.0,0.0,0.0,2.0,0.0,0.0,0.0,0.0,1.0,0.0,1.0,0.0,0.0,2.0,-51.8,0.0169278996865203,77.77777777777779,0.037037037037037,0.8708486809108064,0.7777777777777778,0.5185185185185185,-0.032796140422911,0.4115241811366477,0.3674603174603174
292,E01010866,1.0,1.0,1.0,0.0,0.0,0.0,1.0,0.0,1.0,0.0,1.0,0.0,0.0,1.0,0.0,0.0,0.0,1.0,0.0,2.0,0.0,0.0,1.0,0.0,1.0,1.0,2.0,0.0,1.0,0.0,1.0,4.0,0.0,1.0,8.0,7.0,18.0,1.0,5.0,4.0,4.0,5.0,2.0,3.0,0.0,3.0,0.0,0.0,1.0,0.0,1.0,0.0,2.0,1.0,0.0,1.0,1.0,1.0,0.0,0.0,11.200000000000003,0.0679758308157099,91.11111111111111,0.1777777777777777,1.2629144056242243,0.7111111111111111,0.6333333333333333,0.0315914474956488,1.4329056240567375,0.5030498866213152
293,E01010867,0.0,1.0,1.0,2.0,0.0,0.0,0.0,7.0,2.0,2.0,3.0,1.0,0.0,1.0,5.0,1.0,0.0,0.0,1.0,2.0,0.0,0.0,1.0,1.0,1.0,0.0,1.0,1.0,5.0,0.0,1.0,0.0,2.0,3.0,1.0,0.0,1.0,3.0,4.0,1.0,6.0,5.0,5.0,16.0,10.0,17.0,12.0,9.0,19.0,8.0,10.0,10.0,5.0,5.0,9.0,12.0,8.0,2.0,6.0,1.0,151.2,0.1309794988610478,77.39130434782608,0.1608695652173913,0.958697902598853,0.5304347826086957,0.4130434782608695,0.1446618378193039,2.871856734784985,0.9361438379009684
294,E01010868,1.0,1.0,1.0,0.0,1.0,0.0,2.0,2.0,0.0,2.0,0.0,0.0,0.0,3.0,0.0,1.0,1.0,0.0,2.0,1.0,1.0,3.0,2.0,0.0,3.0,1.0,1.0,2.0,0.0,1.0,4.0,0.0,0.0,1.0,2.0,2.0,1.0,0.0,2.0,1.0,3.0,0.0,3.0,2.0,4.0,2.0,0.0,0.0,2.0,0.0,1.0,0.0,1.0,1.0,0.0,0.0,1.0,1.0,1.0,0.0,-11.799999999999997,0.0402886349969933,88.05970149253731,0.1791044776119403,0.5163152797954125,0.835820895522388,0.7014925373134329,0.0016058985351412,0.8917149714847967,0.1666666666666666
295,E01010869,0.0,0.0,1.0,0.0,0.0,0.0,0.0,0.0,1.0,1.0,0.0,0.0,2.0,1.0,2.0,2.0,1.0,0.0,3.0,1.0,1.0,1.0,0.0,3.0,0.0,2.0,0.0,1.0,1.0,0.0,1.0,0.0,0.0,8.0,0.0,1.0,4.0,2.0,1.0,0.0,2.0,0.0,1.0,2.0,3.0,3.0,1.0,2.0,0.0,0.0,1.0,0.0,1.0,1.0,4.0,1.0,0.0,0.0,2.0,3.0,-10.799999999999997,0.0386363636363636,77.94117647058823,0.1470588235294117,0.7355125725906744,0.7647058823529411,0.7058823529411765,0.0145423985822988,0.8289664755588861,0.4363425925925925
296,E01010870,0.0,0.0,0.0,0.0,0.0,0.0,0.0,1.0,0.0,0.0,2.0,0.0,0.0,1.0,1.0,5.0,1.0,2.0,2.0,1.0,1.0,0.0,0.0,0.0,1.0,1.0,0.0,0.0,0.0,0.0,0.0,0.0,0.0,0.0,0.0,0.0,0.0,0.0,2.0,1.0,0.0,1.0,0.0,0.0,1.0,0.0,1.0,1.0,0.0,1.0,0.0,0.0,0.0,0.0,1.0,1.0,0.0,0.0,0.0,0.0,-49.8,0.0204081632653061,93.10344827586206,0.2413793103448276,0.6666864840494884,0.896551724137931,0.5862068965517241,-0.0178035096998432,0.4506959840739888,0.2238095238095238
297,E01010871,0.0,1.0,0.0,0.0,0.0,0.0,1.0,0.0,2.0,2.0,0.0,2.0,9.0,8.0,3.0,2.0,1.0,5.0,1.0,3.0,3.0,1.0,3.0,1.0,1.0,0.0,3.0,5.0,3.0,0.0,4.0,0.0,3.0,1.0,7.0,2.0,0.0,3.0,2.0,0.0,3.0,0.0,1.0,0.0,0.0,2.0,1.0,0.0,4.0,5.0,0.0,1.0,1.0,0.0,1.0,1.0,3.0,0.0,0.0,1.0,27.200000000000003,0.0618075801749271,87.73584905660378,0.2169811320754717,0.7476690752031263,0.6509433962264151,0.5,-0.0210876803551609,1.3546985649132102,0.6387400793650794
298,E01010872,5.0,6.0,4.0,3.0,3.0,2.0,4.0,6.0,3.0,6.0,4.0,9.0,9.0,7.0,14.0,6.0,3.0,4.0,7.0,2.0,0.0,3.0,7.0,11.0,12.0,5.0,3.0,1.0,1.0,2.0,1.0,3.0,6.0,1.0,6.0,3.0,7.0,1.0,1.0,6.0,6.0,4.0,5.0,2.0,3.0,4.0,4.0,5.0,5.0,4.0,5.0,7.0,5.0,6.0,3.0,3.0,1.0,6.0,2.0,7.0,195.2,0.1469957081545064,72.62773722627736,0.1532846715328467,0.588700951478981,0.3686131386861314,0.3029197080291971,-0.0243597875583409,3.3561805158795512,0.312293638564825
299,E01010873,0.0,0.0,0.0,0.0,0.0,0.0,0.0,0.0,0.0,0.0,0.0,0.0,0.0,0.0,0.0,0.0,0.0,1.0,0.0,0.0,0.0,0.0,0.0,0.0,0.0,0.0,0.0,1.0,0.0,0.0,0.0,0.0,0.0,0.0,0.0,0.0,0.0,0.0,0.0,0.0,1.0,3.0,0.0,0.0,0.0,2.0,0.0,0.0,1.0,1.0,0.0,0.0,0.0,0.0,0.0,0.0,0.0,0.0,1.0,1.0,-66.8,0.0099667774086378,66.66666666666666,0.4166666666666667,0.5303300858899107,0.6666666666666666,0.5833333333333334,-0.0006711409395973,0.2099940260718879,0.2037037037037037
300,E01010874,0.0,0.0,1.0,0.0,1.0,0.0,2.0,0.0,1.0,0.0,0.0,3.0,0.0,0.0,4.0,0.0,0.0,2.0,0.0,1.0,1.0,1.0,0.0,2.0,0.0,1.0,1.0,2.0,0.0,0.0,1.0,0.0,0.0,2.0,1.0,2.0,1.0,0.0,1.0,0.0,1.0,0.0,1.0,0.0,1.0,5.0,1.0,4.0,1.0,1.0,1.0,2.0,3.0,4.0,1.0,1.0,2.0,2.0,0.0,1.0,-15.799999999999997,0.0416942422236929,79.36507936507937,0.3174603174603174,0.6323138727588281,0.7619047619047619,0.5873015873015873,0.0054031784019817,0.9296622921981548,0.3342342342342342
301,E01033689,3.0,4.0,4.0,2.0,6.0,3.0,8.0,1.0,5.0,1.0,2.0,5.0,2.0,6.0,2.0,2.0,3.0,2.0,1.0,4.0,1.0,0.0,5.0,7.0,4.0,6.0,10.0,14.0,12.0,18.0,12.0,10.0,15.0,14.0,10.0,15.0,9.0,7.0,9.0,7.0,15.0,18.0,11.0,6.0,5.0,5.0,5.0,2.0,5.0,3.0,1.0,10.0,7.0,4.0,9.0,3.0,8.0,2.0,7.0,6.0,304.2,0.3066453162530024,89.29503916449086,0.2584856396866841,0.6921026915598955,0.8302872062663186,0.720626631853786,0.0697106972961215,6.690409408358662,0.652848704967349
302,E01033690,2.0,8.0,4.0,4.0,10.0,10.0,10.0,9.0,6.0,8.0,7.0,6.0,3.0,11.0,9.0,9.0,3.0,8.0,10.0,8.0,4.0,10.0,7.0,13.0,4.0,11.0,5.0,17.0,20.0,19.0,17.0,10.0,16.0,21.0,10.0,12.0,11.0,4.0,4.0,6.0,9.0,8.0,17.0,8.0,7.0,5.0,10.0,7.0,9.0,5.0,7.0,6.0,13.0,9.0,12.0,7.0,10.0,15.0,11.0,17.0,479.2,0.3003229278794402,82.43727598566308,0.1720430107526881,0.4769054974697972,0.8369175627240143,0.7455197132616488,0.064684634620728,6.71201822902945,0.2745015299601213
303,E01033691,12.0,6.0,17.0,14.0,11.0,6.0,12.0,14.0,21.0,20.0,8.0,12.0,10.0,8.0,11.0,5.0,8.0,9.0,2.0,6.0,1.0,6.0,6.0,8.0,1.0,9.0,7.0,15.0,7.0,3.0,0.0,14.0,8.0,10.0,6.0,6.0,5.0,10.0,3.0,7.0,6.0,6.0,2.0,5.0,3.0,4.0,5.0,1.0,3.0,2.0,3.0,6.0,5.0,13.0,6.0,4.0,5.0,6.0,4.0,1.0,355.2,0.1899343544857768,79.49308755760369,0.2442396313364055,0.6218315097271372,0.6129032258064516,0.4930875576036866,-0.1444489446071828,4.5308916840682985,0.5297711261818938
304,E01033692,1.0,1.0,4.0,1.0,5.0,1.0,2.0,1.0,1.0,1.0,1.0,0.0,3.0,2.0,3.0,4.0,4.0,2.0,0.0,0.0,2.0,2.0,1.0,0.0,3.0,2.0,1.0,2.0,2.0,3.0,0.0,1.0,2.0,5.0,3.0,0.0,0.0,3.0,3.0,2.0,0.0,4.0,4.0,1.0,2.0,1.0,1.0,1.0,2.0,2.0,5.0,1.0,0.0,2.0,7.0,3.0,2.0,5.0,3.0,5.0,46.2,0.1122082585278276,80.80000000000001,0.192,0.5901983395435808,0.848,0.736,0.0227130049587709,2.528714160259872,0.3260504201680672
305,E01033693,3.0,3.0,2.0,1.0,1.0,4.0,6.0,6.0,7.0,3.0,2.0,5.0,2.0,9.0,6.0,9.0,4.0,1.0,2.0,3.0,7.0,11.0,5.0,5.0,0.0,8.0,7.0,7.0,9.0,6.0,5.0,1.0,4.0,6.0,2.0,2.0,6.0,10.0,5.0,3.0,4.0,7.0,5.0,2.0,4.0,3.0,4.0,2.0,7.0,7.0,5.0,2.0,5.0,10.0,2.0,13.0,7.0,9.0,9.0,7.0,223.2,0.1066007765619484,73.84105960264901,0.1821192052980132,0.5526744248932347,0.695364238410596,0.5827814569536424,0.0453037579371444,2.3927830618974526,0.3762670004195428
306,E01033694,1.0,0.0,2.0,0.0,1.0,0.0,0.0,0.0,0.0,0.0,0.0,2.0,0.0,0.0,0.0,0.0,0.0,2.0,0.0,0.0,0.0,0.0,1.0,0.0,1.0,0.0,0.0,0.0,0.0,1.0,0.0,0.0,0.0,0.0,1.0,2.0,0.0,0.0,0.0,0.0,0.0,0.0,0.0,0.0,2.0,0.0,1.0,0.0,0.0,1.0,2.0,0.0,0.0,0.0,1.0,0.0,0.0,0.0,0.0,1.0,-56.8,0.0207743153918791,81.81818181818183,0.2727272727272727,0.3636363636363636,0.7272727272727273,0.6363636363636364,-0.0037089367714588,0.4848147853038765,0.0803571428571428
307,E01033695,0.0,0.0,1.0,0.0,0.0,1.0,0.0,0.0,0.0,0.0,0.0,0.0,0.0,1.0,1.0,0.0,0.0,0.0,0.0,1.0,1.0,0.0,2.0,2.0,0.0,1.0,0.0,0.0,1.0,1.0,2.0,0.0,1.0,1.0,0.0,2.0,1.0,0.0,0.0,1.0,1.0,2.0,0.0,1.0,0.0,1.0,0.0,1.0,0.0,2.0,0.0,0.0,0.0,0.0,0.0,0.0,0.0,1.0,0.0,0.0,-48.8,0.0138376383763837,93.33333333333331,0.2333333333333333,0.3538606947717531,0.9,0.7666666666666667,0.0040873841674521,0.297490200243906,0.125
308,E01033696,0.0,0.0,0.0,0.0,0.0,0.0,0.0,1.0,0.0,0.0,0.0,1.0,0.0,0.0,0.0,0.0,0.0,0.0,0.0,0.0,0.0,0.0,0.0,0.0,1.0,0.0,0.0,0.0,0.0,1.0,0.0,3.0,1.0,1.0,0.0,0.0,0.0,5.0,0.0,1.0,1.0,0.0,0.0,0.0,2.0,5.0,4.0,0.0,0.0,0.0,0.0,0.0,0.0,0.0,2.0,0.0,0.0,0.0,1.0,3.0,-45.8,0.0207286432160804,75.75757575757575,0.1515151515151515,0.7184651872450986,0.6666666666666666,0.5151515151515151,0.035744664763813,0.4378630263228898,0.390625
309,E01033697,1.0,3.0,1.0,1.0,2.0,3.0,2.0,0.0,3.0,1.0,3.0,1.0,2.0,1.0,13.0,2.0,0.0,1.0,2.0,1.0,2.0,2.0,1.0,5.0,3.0,1.0,2.0,4.0,4.0,0.0,5.0,2.0,4.0,1.0,3.0,3.0,4.0,2.0,4.0,4.0,2.0,1.0,2.0,0.0,3.0,1.0,2.0,1.0,3.0,7.0,1.0,1.0,1.0,0.0,1.0,2.0,5.0,4.0,0.0,4.0,61.2,0.0495750708215297,77.14285714285715,0.1642857142857142,0.77331306210956,0.7642857142857142,0.6142857142857143,0.0092851799400591,1.1099502289843113,0.52493894993895
